kri_num,status,성명,성별,출생년도,소속대학기관,직급,재직여부,전공분야,세부전공명,출신학교_학위수여대학,취득학위,성명_한자,성명_영문
10002047,ok,김치완,남,1969,제주대학교(연계),교수,재직,한국철학일반,"유가철학, 실학, 서학, 다산학",부산대학교,박사,,"Kim, Chi-wan"
10001929,ok,노규호,남,1960,한중대학교,조교수,재직,비교문학(국문학),한중 기행문학의 비교문학적 연구,홍익대학교,박사,盧圭호,Gyuho Roh
10001921,private,,,,,,,,,,,,
10001930,ok,김용찬,남,1964,국립순천대학교(연계),교수,재직,고전시가,고전시가,고려대학교,박사,金墉鑽,Yongchan Kim
10002094,ok,조양원,남,1977,제주대학교,연구교수,재직,한문학,한시,한국학중앙연구원,박사,趙良原,CHO YANGWON
10002017,ok,김선민,남,1963,서울교육대학교,강사,,국어교육학,"읽기, 쓰기,",고려대학교,박사,金善敏,Sunmin-Kim
10002107,ok,이윤자,여,1963,성균관대학교,초빙교수,재직,응용국어학,한국어교육,숙명여자대학교,박사,李允子,LEE YUNJA
10002021,ok,강진원,남,1980,숙명여자대학교,부교수,재직,한국고대사,"사회사, 문화사",서울대학교,박사,姜辰垣,Kang Jin Won
10002170,ok,조삼섭,남,1963,숙명여자대학교,교수,재직,광고/홍보산업,Public Relations,University of Florida,박사,趙三燮,Samsup Jo
10002240,ok,하지영,여,1979,이화여자대학교 한국문화연구원,연구교수,재직,한문학,한문산문,이화여자대학교,박사,河志英,Ha Ji Young
10002150,ok,김정우,남,1962,고려대학교(연계),교수,재직,응용국어학,광고 언어,고려대학교,박사,金政禹,"Kim, Jungwoo"
10002191,ok,신숙,여,1972,한국전통문화대학교(대학별),조교수,재직,미술사,한국미술사,홍익대학교,학사,,Shin Suk
10002204,ok,문현선,여,1973,상명대학교,강사,재직,중국문화학,신화/서사/비교문학/비교문화,이화여자대학교,박사,文炫善,Hyoun-Sun Moon
10002114,ok,송제숙,여,1969,University of Toronto,조교수,,문화인류학,도시/사회정책/가족/여성 인류학,,,,"Song, Jesook"
10002246,ok,송임섭,여,1962,목원대학교(연계),조교수,재직,소설(독일문학),토마스 베른하르트,서강대학교,박사,,Song Im Seop
10002263,ok,조혜진,여,1972,중부대학교,연구교수,재직,문학교육,현대문학,성신여자대학교,박사,趙慧珍,hei jin cho
10002276,ok,김정경,여,1974,인천대학교(연계),교수,재직,구비문학(국문학),"설화, 생애담",서강대학교,박사,金靜京,Kim Jeong-kyoung
10002357,ok,이상규,남,1967,국사편찬위원회,연구위원,재직,조선후기사,조선후기 한일관계사(譯官),한국학중앙연구원,박사,李尙奎,Lee Sangkyu
10002349,ok,장사흠,남,1964,강원대학교 강릉캠퍼스,강의교수,재직,현대소설(국문학),한국현대소설,서울시립대학교,박사,張師欽,Jang Sa-heum
10002355,ok,오판진,남,1969,서울대학교,연구원,재직,국어교육학,국어교육,서울대학교,박사,吳判鎭,"Oh, Pan-Jin"
10002431,ok,정종현,남,1972,인하대학교(연계),교수,재직,현대소설(국문학),한국근현대문학(소설),동국대학교,박사,鄭鍾賢,JEONG JONG HYUN
10002280,ok,김명임,여,1966,인하대학교,강사,재직,현대소설(국문학),1950년대 60년대 소설,인하대학교,박사,金明姙,Kim Myung Im
10002512,ok,윤천탁,남,1973,한국교원대학교(연계),교수,재직,사회과학,국어교육(어휘교육),한국교원대학교,박사,尹天鐸,Yoon Cheon Tak
10002459,ok,박형우,남,1970,한국교원대학교(연계),교수,재직,국어사,중세국어,한국교원대학교,박사,朴衡佑,Park Hyeongwoo
10002674,ok,진선영,여,1974,세종대학교,초빙교수,재직,현대소설(국문학),현대소설(대중문학),이화여자대학교,박사,陳善榮,Jin Sun Young
10002636,ok,정도원,남,1970,성균관대학교,초빙교수,재직,한국유가철학,조선 성리학,성균관대학교,박사,鄭燾源,Jeong Do-Won
10002556,ok,연동원,남,1963,동국대학교,강사,,서양근대사,미국 문화사,동국대학교,박사,延東元,Dongwon Yeon
10002682,ok,문숙영,여,1971,서울대학교(연계),교수,재직,통사론(국어학),현대국어통사론,서울대학교,박사,文璹永,"Mun, Suk-yeong"
10002538,ok,김일방,남,1962,제주대학교(연계),교수,재직,응용윤리학,"응용윤리학, 환경윤리학",경북대학교,박사,金日芳,KIM IL-BANG
10002685,ok,류경동,남,1967,성신여자대학교,강사,재직,현대시(국문학),현대문학,고려대학교,박사,柳庚東,KyongDong Ryu
10002714,ok,전송열,남,1957,연세대학교,강사,,한시,,연세대학교,박사,全松烈,SongYeal Jeon
10002742,ok,장요한,남,1975,계명대학교(연계),부교수,재직,국어사,중세한국어,서강대학교,박사,張요한,"Jang, Yohan"
10002768,ok,황지영,여,1969,연세대학교,강사,재직,중국근세사(명청),서적문화,연세대학교,박사,,Ji-Young Hwang
10002797,ok,김창구,남,1972,松山大學,강의교수,재직,한국어교육학,언어습득론,국립부경대학교,박사,,Changgoo Kim
10002820,private,,,,,,,,,,,,
10002827,ok,나유정,여,1964,부산외국어대학교,조교수,재직,응용언어학,일본어학,明海大學,박사,羅油貞,NA YOOJEONG
10002856,ok,김연주,여,1970,대구대학교,강사,재직,어휘론(국어학),,대구가톨릭대학교,박사,金娟珠,KIM YEONJU
10002904,ok,정혜원,여,1967,원주시청,공무원,재직,아동문학,아동문학 창작 및 이론,성신여자대학교,박사,정혜원,hyewon jeong
10002907,ok,이효정,여,1972,국민대학교(연계),부교수,재직,언어교육,외국어로서의 한국어교육,상명대학교,박사,李效政,"Lee, Hyojeong"
10002944,ok,진성수,남,1971,전북대학교(연계),교수,재직,동양철학일반,"중국유가철학, 주역철학, 경학",성균관대학교,박사,陳晟秀,CHIN SUNG SU
10002946,ok,이상록,남,1974,국사편찬위원회,전임연구원,재직,한국현대사,정치사상사,한양대학교,박사,李相錄,Sangrok Lee
10002976,ok,김지선,여,*****,한양대학교(연계),*****,*****,현대시(국문학),한국 현대문학,한양대학교,박사,*****,*****
10003075,ok,최은규,여,*****,서울대학교,*****,*****,한국어교육학,한국어교육,서울대학교,박사,*****,*****
10003133,ok,송하준,남,1971,선문대학교,연구교수,재직,고전산문,고전소설,고려대학교,박사,宋河俊,"Song, Ha-Joon"
10003190,ok,김용태,남,1970,동국대학교(대학별),교수,재직,지역불교및불교사연구,조선시대불교사,서울대학교,박사,金龍泰,Kim Yong Tae
10003197,ok,박현희,여,1969,서울대학교,강의교수,재직,기타사회과학일반,"수사학, 시민교육,교양교육, 사고와표현교육, 토론교육, 글쓰기",서울대학교,박사,朴鉉姬,Hyun Hee Park
10003230,ok,양영자,여,1966,제주대학교,강의교수,,구비문학(국문학),한국 민요,제주대학교,박사,梁永子,YoungJa Yang
10003319,ok,구문규,남,1970,강원대학교(연계),교수,재직,중국현대문학,루쉰연구,中國社會科學院,박사,具文奎,Gu moon kyu
10003330,private,,,,,,,,,,,,
10003363,ok,서은선,여,1956,국립부경대학교,강사,재직,현대소설(국문학),"소설 비평, 서사론",부산대학교,박사,徐殷仙,"Seo, Eun-Seon"
10003375,ok,권정원,여,1971,부산대학교(연계),조교수,재직,한문산문,한문비평,부산대학교,박사,權政媛,Kwon Jungwon
10003410,ok,이상민,여,1975,가톨릭대학교(연계),교수,재직,현대소설(국문학),"현대문학, 스토리텔링",가톨릭대학교,박사,李相旼,Sangmin Lee
10003423,ok,박종린,남,1967,한남대학교,부교수,재직,한국근대사,한국근현대사상(지성)사,연세대학교,박사,朴鍾隣,Jongrin Park
10003428,ok,이현진,여,*****,한국과학기술원,*****,*****,조선후기사,조선후기 정치사상사(의례),서울대학교,박사,*****,*****
10003432,ok,Namhee Lee,여,1960,"Univ. of California, Los Angeles",조교수,재직,한국현대사,,,,,"Lee, Namhee"
10003490,ok,오새내,여,1974,계명대학교(연계),부교수,재직,사회언어학,국어학,고려대학교,박사,吳새내,"Oh, Saenae"
10003593,ok,김보름,여,1976,안양대학교 신학연구소,HK연구교수,재직,한국철학일반,한국유가철학,한국학중앙연구원,박사,金보름,Borum Kim
10003600,ok,김영미,여,1973,전북대학교 전라문화연구소,연구교수,재직,고전산문,고전산문,전북대학교,박사,金英美,Youngmi Kim
10003630,ok,김동준,남,1968,이화여자대학교(연계),교수,재직,한시,조선시대 한시,서울대학교,박사,金東俊,Dongjun Kim
10003642,ok,신혜수,여,1973,이화여자대학교,대학원생,재직,현대소설(국문학),,,,申惠琇,Hyesoo Shin
10003672,ok,김지윤,여,1976,한국연구재단,연구원,재직,도시및산업인류학,도시사회학,National University of Singapore,박사,金志允,KIM JI YOUN
10003696,private,,,,,,,,,,,,
10003697,ok,주광호,남,1969,한국학중앙연구원(연계),교수,재직,중국철학,성리학,北京大學,박사,,"JOO, KWANGHO"
10003702,ok,남재철,남,1969,명지대학교(연계),교수,재직,한시,조선후기 한시,성균관대학교,박사,南在澈,Nam Jaecheol
10003705,ok,선병삼,남,1970,숭실대학교(연계),조교수,재직,유교철학,"유학, 명대사상,",北京大學校,박사,,BYEONGSAM SUN
10003708,ok,김병국,남,*****,건양대학교,*****,*****,고전시가,시조,성균관대학교,박사,*****,*****
10003730,ok,송지현,남,1969,안양대학교(연계),교수,재직,응용언어학(중국어학),비교언어학,北京大學,박사,宋之賢,Jihyun Song
10003736,ok,김해성,여,1970,부산여자대학교(대학별),교수,재직,무용교육,"한국무용, 무용이론",부산대학교,박사,金海星,HeaSoung Kim
10003744,ok,서광진,남,1971,전북대학교,강사,재직,화용론(언어학),"한국어교육학, 담화분석",전북대학교,박사수료,徐珖珍,"seo, kwang jin"
10003745,private,,,,,,,,,,,,
10003746,ok,장현,여,1971,가톨릭대학교,강사,재직,현대소설(국문학),1960년대 소설,가톨릭대학교,박사,張賢,Jang Hyun
10003792,ok,강지은,여,1970,National Taiwan University,부교수,재직,사상사(역사학),조선시대유학사,東京大學,박사,姜智恩,KANG JI EUN
10003869,private,,,,,,,,,,,,
10004002,ok,이선희,여,1972,계명대학교(연계),교수,재직,중국어학,의미통사론,中國社會科學院,박사,李善熙,"Lee,Sun Hee"
10004010,ok,이현정,여,1975,숙명여자대학교,강사,재직,현대시(국문학),현대시,숙명여자대학교,박사,李炫靜,Lee Hyeon-Jung
10004060,ok,윤홍식,남,1967,인하대학교(연계),교수,재직,사회복지정책,복지국가 및 비교사회정책,Washington University,박사,尹洪植,YOON HONGSIK
10004084,ok,김윤경,여,1971,인천대학교(연계),부교수,재직,한국철학일반,한국도가철학,성균관대학교,박사,金允景,KIM YOUN GYEONG
10004092,ok,박숙자,여,1970,서강대학교,조교수,재직,현대소설(국문학),"현대소설, 문화사, 독서, 정전, 교양",서강대학교,박사,朴淑子,Suk Ja Park
10004099,ok,이태희,남,1972,한국학중앙연구원,선임연구원,재직,한문산문,산수유기,한국학중앙연구원 한국학중앙연구원,박사,李泰熙,"Lee, Tae Hee"
10004156,ok,박몽구,남,1956,한양대학교,강사,재직,현대시(국문학),"현대시, 출판학",한양대학교,박사,朴朦救,Monggu Park
10004186,ok,강경호,남,1975,경상국립대학교(연계),부교수,재직,고전시가,시조,성균관대학교,박사,康京浩,"Kang, Kyung Ho"
10004194,ok,박윤재,남,1966,경희대학교(연계),교수,재직,한국근대사,,연세대학교,박사,朴潤栽,Park Yunjae
10004243,ok,박평종,남,1968,중앙대학교 인공지능인문학연구소,연구교수,재직,사진이론,사진미학,Univ. de Paris X (Univ. de Paris Nanterre),박사,,Pyung-jong Park
10004284,private,,,,,,,,,,,,
10004286,ok,박종배,남,1969,동국대학교(대학별),교수,재직,교육사학,한국교육사,서울대학교,박사,朴鍾培,Park Jong Bae
10004344,ok,우수진,여,1972,한국예술종합학교(연계),부교수,재직,,한국근대연극(사),연세대학교,박사,禹修珍,Woo Sujin
10004371,private,,,,,,,,,,,,
10004405,ok,김근호,남,*****,청주교육대학교(연계),*****,*****,한국유가철학,조선 성리학,고려대학교,박사,*****,*****
10004436,ok,임옥규,여,1969,청주대학교(연계),조교수,재직,문학비평(국문학),현대소설 문학이론 북한문학,홍익대학교,박사,,
10004441,ok,백소연,여,*****,가톨릭대학교(연계),*****,*****,희곡,현대 희곡,이화여자대학교,박사,*****,*****
10004455,ok,진영복,남,1965,연세대학교(연계),부교수,재직,현대소설(국문학),1930년대 한국소설,연세대학교,박사,,young bok chin
10004469,ok,이재형,남,1975,동아대학교(연계),조교수,재직,국어교육학,"읽기교육, 국어과교육과정 및 교과서",한국교원대학교,박사,李宰炯,LEE JAEHYOUNG
10004494,ok,김은희,여,1973,제주대학교(연계),교수,재직,성운학(중국어학),중국어학,전남대학교,박사,金  恩  希,Kim Eun Hee
10004526,ok,박광현,남,1968,동국대학교(대학별),교수,재직,기타국문학,문화연구 및 비교문화,名古屋大學,박사,朴光賢,Park Kwang hyoun
10004539,ok,손나경,여,1966,계명대학교(연계),부교수,재직,현대영미소설,"영문학,영어학,영어교육학",경북대학교,박사,孫羅鏡,Sohn Nagyung
10004546,ok,김영덕,남,1954,숭실대학교,공무원,,고전시가,시조,숭실대학교,,金榮德,Youngduck Kim
10004554,private,,,,,,,,,,,,
10004565,private,,,,,,,,,,,,
10004604,ok,전나영,여,1963,연세대학교 언어연구교육원 한국어학당,,재직,한국어교육학,한국어 문법교육,서울여자대학교,박사,全娜榮,Na Young Jeon
10004616,private,,,,,,,,,,,,
10004663,ok,홍기옥,여,1973,국립경국대학교,초빙교수,재직,의미론(국어학),"방언학, 의미론, 어휘론, 한국어교육",경북대학교,박사,洪奇玉,"hong, gi-ok"
10004666,ok,정훈,남,1967,국립군산대학교 인문도시센터,전임연구원,재직,고전시가,고전 한문학,전북대학교,박사,鄭燻,"Jeong, Hun"
10004678,ok,김진균,남,1969,성균관대학교,초빙교수,재직,국문학사,근대문학,성균관대학교,박사,金鎭均,Jin-kyun Kim
10004703,ok,박형준,남,1966,동국대학교(대학별),교수,재직,문예창작,문예창작학(시전공),명지대학교(서울캠퍼스),박사,朴瑩浚,Park Hyungjun
10004719,ok,신대현,남,1962,능인대학원대학교,부교수,재직,예술체육학,불교미술,동국대학교,박사,申大鉉,Dae Hyun Shin
10004744,private,,,,,,,,,,,,
10004753,ok,홍현보,남,1964,(사)세종대왕기념사업회,연구원,재직,국어교육,국어교육,건국대학교,석사,洪顯普,"Hong, Hyun-Bo"
10004783,ok,김진아,여,*****,서울여자대학교,*****,*****,한국어교육학,한국어교육학,,,,*****
10004818,ok,원재연,남,1963,인천대학교,위촉연구원,재직,한국사,"조선후기~대한제국기 사상사, 법제사, 교회사",서울대학교,박사,元載淵,Jae-yeon Won
10004835,ok,유혜원,여,*****,단국대학교(연계),*****,*****,통사론(국어학),,고려대학교,박사,,*****
10004845,ok,이정수,남,1966,불교문화연구원,연구교수,,밀교,,동국대학교,박사,李廷秀,Jeong-Soo Lee
10004866,ok,안광호,남,1974,안양대학교(연계),조교수,재직,중국근세사(명청),한국사회비교사,南開大學,박사,安光鎬,AN Gwang Ho
10004884,ok,박철웅,남,*****,전남대학교,*****,*****,지리교육학,지리교육 및 지형학,전남대학교,박사,*****,*****
10004903,ok,김효석,남,1970,한남대학교,초빙교수,재직,현대소설(국문학),현대소설,중앙대학교,박사,,Kim Hyo Seok
10004907,private,,,,,,,,,,,,
10004931,ok,조재윤,남,*****,목원대학교(연계),*****,*****,국어교육,국어교육학,고려대학교,박사,*****,*****
10004935,ok,심진호,남,1968,신라대학교(연계),조교수,재직,현대영미시,현대영미시,대구가톨릭대학교,박사,,"Shim, Jin Ho"
10004951,ok,김영진,남,1968,성균관대학교(연계),교수,재직,한문산문,한문학,고려대학교,박사,金榮鎭,"KIM, YOUNG JIN"
10005005,ok,정한울,남,1969,(주)한국리서치,전문위원,재직,한국정치과정,행태연구/태도양극화/대외의식,고려대학교,박사,鄭한울,Han-Wool Jeong
10005018,ok,서동수,남,1970,신한대학교(대학별),조교수,재직,현대소설(국문학),"한국문학,아동문학,북한문학",건국대학교,박사,徐東秀,Seo Dong Soo
10005038,ok,최선숙,여,1970,동아대학교,대학원생,재직,대조언어,한국어와 일본어의 대조언어학,경상국립대학교,박사수료,,CHOI Sun-Suk
10005069,ok,김은희,여,1956,덕성여자대학교,명예교수,재직,고전시가,고전시가중 가사,성균관대학교,박사,金恩希,
10005070,ok,강윤정,여,*****,충북대학교,*****,,구비문학(국문학),판소리,충북대학교,박사,,*****
10005083,ok,이준환,남,1974,전남대학교(연계),교수,재직,음운론(국어학),"국어사(음운사), 한자음",성균관대학교,박사,李準煥,YI JUNHWAN
10005101,ok,김혜진,여,1982,한양대학교,강사,재직,현대시(국문학),현대시,한양대학교,박사,金惠眞,Kim Hye JIn
10005108,ok,조경은,여,*****,서강대학교,*****,*****,고전산문,고전 산문 일반,서강대학교,박사,,
10005192,ok,한상미,여,1964,연세대학교 언어연구교육원 한국어학당,교수,재직,한국어교육학,외국어로서의 한국어 교육,연세대학교,박사,,Sang Mee Han
10005198,ok,이희정,여,1975,대구대학교(연계),교수,재직,현대소설(국문학),현대소설(외국어로서의한국어문화),경북대학교,박사,李姬貞,"Lee, Hee Jung"
10005232,ok,이노우에 후미오,남,1942,東京外國語大學,교수,,사회언어학,,,,,
10005266,ok,김영성,남,*****,한양대학교,*****,*****,현대소설(국문학),,한양대학교,박사,*****,*****
10005275,ok,윤영집,여,*****,강서대학교(대학별),*****,*****,인적자원개발,경영학,山東大學,박사,*****,*****
10005286,ok,장숙영,여,1962,건국대학교,강사,재직,형태론(국어학),국어사,건국대학교,박사,張淑英,Jang Sukyoung
10005296,ok,박지애,여,1976,국립창원대학교(연계),교수,재직,고전시가,"잡가, 민요, 가사, 시조",경북대학교,박사,朴志愛,"Park, Ji-ae"
10005309,ok,이병직,남,1965,부산대학교,강사,,고전산문,고전소설,부산대학교,박사,李秉稷,"Lee, Byung-Jik"
10005314,ok,박노현,남,1972,동국대학교(대학별),교수,재직,영상문학,텔레비전 드라마,동국대학교,박사,朴魯賢,"Park, Noh-Hyun"
10005352,ok,이혜진,여,1973,세명대학교(대학별),부교수,재직,현대소설(국문학),한국근현대문학 및 동아시아 사상사,한국외국어대학교,박사,李慧眞,"LEE, HYEJIN"
10005363,ok,김영수,남,1956,延邊大學,부교수,,국어사,중세국어 음운론,김일성종합대학,박사,金永壽,"Kim, Young-Soo"
10005484,private,,,,,,,,,,,,
10005498,ok,진준현,남,1957,서울대학교,연구원,재직,미술사,한국미술사(회화사),서울대학교,박사,陳準鉉,"Jin, Jun-Hyun"
10005533,ok,신언혁,여,*****,나사렛대학교,*****,,기독교교육,,호서대학교,박사,,*****
10005535,ok,이정화,여,1966,동양대학교,교수,재직,한시,한국한시,숙명여자대학교,박사,李貞和,Jeonghwa Lee
10005582,ok,윤석진,남,1965,충남대학교(연계),교수,재직,국문학,영상문학/현대희곡,한양대학교,박사,尹錫辰,"Yun, Suk-jin"
10005728,ok,권복순,여,1961,경상국립대학교,강사,재직,구비문학,인물전설,경상국립대학교,박사,권복순,Kwon Bok-soon
10005737,ok,백지혜,여,1975,포항공과대학교,대우교수,재직,현대소설(국문학),해방이전 소설,서울대학교,박사,白芝慧,Jihye Paik
10005789,ok,박정희,남,1976,울산대학교(연계),부교수,재직,현대소설(국문학),현대소설,서울대학교,박사,朴?熙,"Park, Jung-Hee"
10005844,ok,강흥구,남,1947,국립공주대학교,부교수,퇴직,통사론(국어학),"통사와 의미, 방언 및 성조",충남대학교,박사,,
10005850,ok,김낭예,여,1980,경희대학교,강사,재직,한국어교육학,"한국어학, 한국어교육",경희대학교,박사,金娘藝,Kim Nang Ye
10005876,ok,김왕규,남,1963,한국교원대학교(연계),교수,재직,한문교육,한문교육,고려대학교,박사,金王奎,Kim Wangkyu
10005897,ok,박정진,남,*****,가톨릭대학교(연계),*****,*****,국어교육학,"독서, 국어과 교수-학습 및 교재",고려대학교,박사,*****,*****
10005927,ok,김헌,남,1965,서울대학교(연계),HK교수,재직,고전그리스문학,아리스토텔레스 시학과 수사학,Univ. de Strasbourg II (Marc Bloch),박사,金獻,KIM Heon
10006010,ok,정소이,여,1975,서강대학교(연계),교수,재직,한국유가철학,한국 후기 사상,서울대학교,박사,鄭素伊,So-Yi Chung
10006046,ok,신태수,남,1968,한남대학교,교수,재직,고전산문,"고전소설, 한중비교문학",한남대학교,박사,申泰秀,"Shin, Tae-soo"
10006047,ok,이철호,남,1974,대구교육대학교(연계),부교수,재직,문학비평(국문학),현대소설 및 문학사,동국대학교,박사,李喆昊,LeeChulho
10006054,ok,최혜림,여,1974,서울대학교,강사,,현대소설(국문학),,서울대학교,박사수료,,Hyerim Choi
10006137,ok,박길성,남,1957,고려대학교(연계),명예교수,재직,사회변동/발전사회학,"경제사회학, 발전사회학",University of Wisconsin - Madison,박사,朴吉聲,Park Gil-Sung
10006140,ok,인권환,남,1937,고려대학교,교수,퇴직,고전산문,,고려대학교,박사,印權煥,"In,Kwon-Hwan"
10006149,ok,권채린,여,1974,경희대학교,강사,재직,현대소설(국문학),현대소설비평,경희대학교,박사,權彩璘,"Kwon, Chae-Rin"
10006164,ok,임석규,남,1969,원광대학교(연계),교수,재직,음운론(국어학),음운,서울대학교,박사,林錫圭,Lim Seok-kyu
10006174,ok,홍나래,여,1970,성공회대학교 신학연구원,연구교수,재직,구비문학(국문학),설화,이화여자대학교,박사,,HONG NARAE
10006214,ok,송하춘,남,1944,고려대학교,명예교수,퇴직,현대소설(국문학),,고려대학교,박사,宋河春,"SONG, Ha Choon"
10006215,private,,,,,,,,,,,,
10006216,ok,최동호,남,1948,고려대학교,교수,퇴직,현대시(국문학),현대시,고려대학교,박사,崔東鎬,"CHOI ,DONG HO"
10006230,ok,김민수,남,1961,서울대학교,교수,퇴직,디자인,"디자인 역사, 이론, 비평",New York University,박사,金玟秀,"Kim, Minsoo"
10006424,ok,송정근,남,*****,한국방송통신대학교(대학별),*****,*****,형태론(국어학),형태론,서울대학교,박사,,*****
10006430,ok,황국정,여,1975,경상국립대학교,부교수,미취업,국어사,중세국어,고려대학교,박사,黃菊貞,Kuk-Jung Hwang
10006436,ok,박갑수,남,1934,서울대학교,교수,퇴직,국어학,,서울대학교,석사,朴甲洙,"Park,Kap-Su"
10006535,ok,김려실,여,1976,부산대학교(연계),교수,재직,국문학,문학과 매체연구,京都大學,박사,金麗實,"Kim, Ryeosil"
10006589,ok,최창원,남,*****,진주교육대학교(연계),*****,*****,음운론(국어학),음운론 방언,고려대학교,박사,*****,*****
10006605,ok,박상민,남,1970,강남대학교(연계),부교수,재직,현대소설(국문학),서사 이론 및 비평,연세대학교,박사,null,Park Sangmin
10006644,ok,이정아,여,*****,가천대학교(연계),*****,*****,국문학,구비문학,이화여자대학교,박사,,*****
10006651,ok,박태상,남,1955,한국방송통신대학교,명예교수,퇴직,국문학사,"문학비평론, 고소설, 북한문학",연세대학교,박사,朴泰尙,ParkTaisang
10006677,ok,김영수,남,1952,단국대학교,교수,재직,국문학,고전문학,연세대학교,박사,金榮洙,Kim Youngsoo
10006729,ok,박은미,여,1967,강남대학교,강사,재직,현대시(국문학),현대시,건국대학교,박사,朴恩美,parkeunme
10006733,private,,,,,,,,,,,,
10006796,ok,노형남,남,1953,고려대학교,교수,퇴직,스페인어학,서어학 및 언어학,한국외국어대학교,박사,盧瀅楠,Noh Hyung Nam
10006824,ok,홍종욱,남,1970,서울대학교(연계),HK교수,재직,한국근대사,사상사 사학사,東京大學,박사,洪宗郁,Hong Jong-wook
10006857,ok,박정숙,여,1977,계명대학교 인문과학연구소,연구교수,재직,중국고전문학,중국문학,南京大學,박사,朴貞淑,JeongSook Park
10006920,ok,이정엽,남,1978,순천향대학교(연계),조교수,재직,기타국문학,"게임 스토리텔링, 게임 디자인",서울대학교,박사,李政燁,Jung Yeop Lee
10006929,private,,,,,,,,,,,,
10006966,ok,구본현,남,1972,동덕여자대학교,교수,재직,한시,한시,서울대학교,박사,具本衒,"Gu, Bon Hyeon"
10006977,ok,양현권,남,1954,서울대학교,교수,퇴직,통사론(영어학),"영어학, 영어습득, 영어통사론",University of Texas at Austin,박사,梁鉉權,"Yang,  HyunKwon"
10007018,ok,신수정,여,1965,명지대학교(연계),교수,재직,현대소설(국문학),한국근현대소설,서울대학교,박사,,Shin Soojeong
10007066,ok,강영기,남,1970,남주고등학교,공무원,재직,현대시(국문학),시론,제주대학교,박사,康榮起,Young-Gi Kang
10007067,ok,조현일,남,1966,원광대학교(연계),교수,재직,현대소설(국문학),현대소설(국문학),서울대학교,박사,趙顯一,Jo Hyeonil
10007142,ok,장호종,남,1972,Kazakh State University of International Relations and World Languages after Abylay Khan,교수,재직,통사론(국어학),한국어교육,아주대학교,박사,張浩宗,Jang Ho-Jong
10007151,ok,이봉희,여,*****,나사렛대학교,*****,*****,셰익스피어,셰익스피어/문학치료,성균관대학교,박사,*****,*****
10007265,ok,윤석민,남,1963,서울대학교(연계),교수,재직,언론/미디어법제,미디어(언론)정책,Michigan State Univ.,박사,尹錫敏,"Youn, Sug Min"
10007284,ok,박성규,남,1947,고려대학교,명예교수,퇴직,한시,고려시대 한시,고려대학교,박사,朴性奎,"Park, Sung Kyu"
10007286,ok,윤재민,남,1957,고려대학교(연계),명예교수,재직,한문산문,조선후기 한문산문,고려대학교,박사,尹在敏,Yoon Jae Min
10007320,ok,조은경,여,1973,서강대학교(연계),부교수,재직,국어정보학,"자연언어처리, 한국어정보처리",연세대학교,박사,曺恩京,Eun-Kyoung Jo
10007326,ok,서명희,여,*****,한남대학교,*****,*****,국어교육,문학교육(고전문학교육),서울대학교,박사,*****,*****
10007339,ok,김혜영,여,1962,조선대학교(연계),교수,재직,국어교육,문학교육,서울대학교,박사,金惠英,Kim Hye young
10007454,ok,최인나,여,1973,Saint Petersburg State University,전임강사,,기타인문학,한국문학,Saint Petersburg State University,박사,崔仁羅,"Choi, Inna"
10007492,ok,신복룡,남,1942,건국대학교,석좌교수,퇴직,한국정치사상,"동학, 한국분단과 통일",건국대학교,박사,申福龍,Shin Bok-Ryong
10007546,ok,강명구,남,1953,서울대학교,교수,퇴직,문화이론/대중문화론,언론정보학,The University of Iowa,박사,姜明求,"Kang, Myung-Koo"
10007569,ok,이창남,남,1968,경북대학교(연계),교수,재직,비교문학(독일문학),비평이론,Freie Univ. Berlin,박사,李昌南,Changnam Lee
10007641,ok,김현룡,남,1935,건국대학교,교수,재직,국문학,,건국대학교,박사,金鉉龍,"Kim,Hyen-Lyong"
10007642,ok,전정례,여,1950,건국대학교,교수,재직,국어학,,서울대학교,박사,田貞澧,Jungrye Chun
10007643,ok,권재일,남,1953,서울대학교,교수,퇴직,역사/비교언어학,"문법사, 문법론",서울대학교,박사,權在一,"Kwon, JaeIl"
10007683,ok,이희환,남,1966,인천대학교 산업연구소(후기산업사회연구소),연구교수,퇴직,문학비평(국문학),국민문학,인하대학교,박사,李羲煥,Hee-Hwan Lee
10007685,ok,선주원,남,*****,광주교육대학교,*****,*****,문학교육,소설교육,한국교원대학교,박사,,
10007704,ok,오대환,남,1967,,교수,,한국어교육학,한국어교육사,연세대학교,박사,吳大煥,Daewhan Oh
10007897,ok,김명희,여,*****,한양대학교(연계),*****,*****,교육과정,"교육과정, 교수이론, 교육평가",연세대학교,,*****,*****
10007919,ok,송은영,여,1971,연세대학교 국학연구원,연구교수,미취업,현대소설(국문학),도시/문화연구,연세대학교,박사,,Song Eun Young
10007964,ok,김대행,남,1943,서울대학교,,퇴직,고전시가,,서울대학교,박사,金大幸,"Kim,    DaeHaeng"
10008079,private,,,,,,,,,,,,
10008113,ok,진교훈,남,1937,서울대학교,교수,퇴직,윤리학,,Universitaet Wien,박사,秦敎勳,"Jin,Kyo-Hoon"
10008133,ok,오석원,남,1949,성균관대학교,교수,퇴직,유교철학,한국유학,성균관대학교,박사,吳錫源,"OH, SUKWON"
10008193,ok,박영미,여,*****,단국대학교,*****,*****,한문산문,,단국대학교,석사,,*****
10008214,ok,정길남,남,1944,서울교육대학교,교수,퇴직,국어학,,한양대학교,박사,鄭吉男,
10008215,ok,노명완,남,1948,고려대학교,교수,퇴직,언어교육,국어교육,University of Illinois at Urbana - Champaign,박사,盧命完,"Noh, Myeong-Wan"
10008216,ok,엄해영,여,1954,서울교육대학교,교수,재직,국어교육,문학교육,세종대학교,박사,嚴海榮,
10008226,ok,정진홍,남,1937,한국종교문화연구소,책임연구원,재직,종교현상학,신화 및 상징,San Francisco Theological Seminary,박사,鄭鎭弘,Chinhong Chung
10008238,ok,김완진,남,1931,서울대학교,교수,퇴직,국어학,,서울대학교,박사,金完鎭,"Kim,Wan-Jin"
10008239,ok,이익섭,남,1938,서울대학교,교수,퇴직,문자론(국어학),,서울대학교,박사,李翊燮,"Lee,Ik-Sup"
10008242,ok,임홍빈,남,1944,서울대학교,교수,퇴직,통사론(국어학),국어문법론,서울대학교,박사,任洪彬,"Im, HongPin"
10008287,ok,조남현,남,1948,서울대학교,교수,퇴직,현대소설(국문학),,서울대학교,박사,曺南鉉,"Cho, Nam Hyon"
10008357,ok,강정인,남,1954,서강대학교,교수,퇴직,서양정치사상,비교정치사상,Univ. of California at Berkeley,박사,姜正仁,Jung In Kang
10008371,ok,민제,남,1931,중앙대학교,교수,재직,고전시가,,중앙대학교,석사,閔濟,"Min,Je"
10008372,ok,이명재,남,1939,중앙대학교,교수,재직,문학비평(국문학),,경희대학교,박사,李明宰,"Lee,Myung-Jae"
10008374,ok,김경수,남,1942,중앙대학교,,재직,한시,시문학,단국대학교,박사,金慶洙,Kim Kyung Soo
10008375,ok,이주행,남,1944,중앙대학교,교수,퇴직,형태론(국어학),의존 명사 연구,성균관대학교,박사,李周行,Lee Ju Haeng
10008376,ok,김흥식,남,1954,중앙대학교,교수,퇴직,현대소설(국문학),작가론,서울대학교,박사,김흥식,Kim Heung Sik
10008383,ok,이석주,남,1942,한성대학교,교수,재직,형태론(국어학),"형태의미론, 화법",중앙대학교,박사,李奭周,Lee SukJoo
10008418,private,,,,,,,,,,,,
10008455,ok,김영민,남,*****,연세대학교,*****,*****,현대소설(국문학),근대문학,연세대학교,박사,,*****
10008659,ok,김봉군,남,1942,가톨릭대학교,명예교수,재직,문학비평(국문학),,단국대학교,박사,金奉郡,"Kim,Bong-Kun"
10008660,ok,이지양,남,1959,가톨릭대학교(연계),명예교수,재직,형태론(언어학),"문법화, 준말, 매체언어, 시제",서울대학교,박사,李智凉,"Lee, Jieyang"
10008725,ok,주영주,여,1951,이화여자대학교,교수,퇴직,교육공학,교육공학,연세대학교,박사,朱玲珠,Joo Young Ju
10008741,ok,이명학,남,1955,성균관대학교(연계),교수,재직,한문소설,조선후기 한문단편,성균관대학교,석사,李明學,"LEE, MYUNG HAK"
10008832,ok,여기현,남,1957,광운대학교(연계),교수,재직,고전시가,향가 속요 시조 한시,성균관대학교,박사,呂基鉉,"Yeo,Gy-Hyun"
10008882,ok,백지운,여,1971,서울대학교,HK교수,재직,중국현대문학,중국근현대 학술/문화/사상,연세대학교,박사,白池雲,Jiwoon Baik
10008885,private,,,,,,,,,,,,
10008921,private,,,,,,,,,,,,
10008936,ok,박종훈,남,1949,단국대학교,초빙교수,재직,공예,공예도자,홍익대학교,석사,朴種勳,PARK JONG HOON
10008962,ok,조창록,남,1968,(사)세종대왕기념사업회,선임연구원,재직,한문학,한문 산문,성균관대학교,박사,曺蒼錄,"Jo, Chang-roc"
10008964,ok,육민수,남,1969,명지대학교(연계),,재직,고전시가,가사,성균관대학교,박사,陸珉洙,YOOK MIN SU
10009027,ok,정혜승,여,*****,경인교육대학교(연계),*****,*****,국어교육학,"국어과 교육과정, 교재론, 평가",고려대학교,박사,*****,*****
10009028,ok,설규주,남,*****,경인교육대학교(연계),*****,*****,사회교육학,일반사회,서울대학교,박사,*****,*****
10009041,ok,남풍현,남,1935,단국대학교,명예교수,퇴직,국어학,,서울대학교,박사,南豊鉉,Pung-Hyun Nam
10009116,private,,,,,,,,,,,,
10009118,ok,이소희,여,1960,한양여자대학교(연계),교수,재직,현대영미소설,여성문학비평,University of Hull,박사,李所姬,SO-HEE LEE
10009237,ok,정병섭,남,1979,성균관대학교,초빙교수,재직,유교철학,"중국선진말기, 전한초기 유교철학연구",성균관대학교,박사,鄭秉燮,"Jung, Byung-Sub"
10009243,ok,이성림,여,*****,명지전문대학(연계),*****,*****,국문학,고전문학,숙명여자대학교,박사,*****,*****
10009332,ok,권오만,남,1938,서울시립대학교,명예교수,재직,현대시(국문학),,서울대학교,박사,權五滿,"Kwon,Oh-Man"
10009334,ok,이문규,남,1946,서울시립대학교(연계),교수,재직,고전산문,,서울대학교,박사,李文奎,
10009458,ok,송민,남,1937,국민대학교,명예교수,재직,음운론(언어학),,서울대학교,박사,宋敏,"Song,Min"
10009508,ok,김규남,남,1962,전북대학교,강사,재직,사회언어학,사회방언학,전북대학교,박사,金圭南,"Kim, Gyu-nam"
10009517,ok,김상수,남,1972,동명대학교(대학별),조교수,재직,한국어교육학,한국어 말하기 교육,부산대학교,박사,金相秀,Kim Sang Soo
10009527,ok,강재철,남,1948,단국대학교,교수,퇴직,국문학,고전문학,인하대학교,박사,姜在哲,"Kang,Jae-chul"
10009541,ok,최영철,남,1952,단국대학교,교수,퇴직,통사론(국어학),통사론(국어학),국민대학교,박사,崔永哲,Choi Youngchul
10009548,ok,김원모,남,1934,단국대학교,명예교수,재직,서양사,,고려대학교,박사,金源模,"Kim,Won-Mo"
10009577,private,,,,,,,,,,,,
10009623,ok,윤현숙,여,1971,연세대학교 한국기독교문화연구소,연구원,재직,한시,인문학,연세대학교,박사,尹賢淑,Hyunsook Youn
10009757,ok,김동건,남,1943,서울대학교,교수,퇴직,예산,,,박사,金東建,"Kim, Dong  Kun"
10009782,ok,오정란,여,1955,광운대학교(연계),교수,재직,,,고려대학교,박사,吳貞蘭,"Oh,Jung-Ran"
10009825,ok,김종회,남,1955,경희대학교,교수,퇴직,문학비평(국문학),현대소설,경희대학교,박사,金鍾會,Kim JONGHOI
10009896,ok,장현숙,여,1956,가천대학교(연계),교수,재직,인문학,국문학,경희대학교,박사,張賢淑,CHANG HYUN SOOK
10009963,ok,이민홍,남,1941,한국예술종합학교,강사,퇴직,한문비평,,성균관대학교,박사,李敏弘,"Lee,Min-Hong"
10009965,ok,김명호,남,1953,서울대학교,교수,퇴직,고전산문,조선후기한문학,서울대학교,박사,金明昊,"Kim, Myoungho"
10009966,ok,이희목,남,1956,성균관대학교(연계),교수,재직,한시,,성균관대학교,박사,李熙穆,"LEE, HEEMOK"
10009988,ok,서범석,남,1950,대진대학교,교수,기타,현대시(국문학),,건국대학교,박사,徐範錫,Sur Bum-suk
10009990,ok,박정근,남,*****,대진대학교(연계),*****,,셰익스피어,,고려대학교,박사,*****,*****
10009991,ok,홍은택,남,1958,대진대학교,교수,재직,현대영미시,William Carlos Williams,한양대학교,박사,洪銀澤,Hong Eun-taek
10010043,ok,박일용,남,1957,홍익대학교,교수,재직,고전산문,고전소설,서울대학교,박사,,Ilyong Park
10010175,ok,조준하,남,1941,동덕여자대학교,교수,퇴직,중국철학,"예학, 윤리학 .경학.",성균관대학교,학사,趙駿河,"Jo,Joon-Ha"
10010298,ok,김연종,남,1957,단국대학교(연계),교수,재직,저널리즘이론,저널리즘,Southern Illinois University - Carbondale,박사,金沇鍾,"Kim, Yon Jong"
10010331,ok,김건곤,남,1956,한국학중앙연구원,교수,퇴직,한문학,고려시대 한문학,한국학중앙연구원,박사,金乾坤,Kim Kun-Kon
10010363,ok,이민식,남,1938,대림대학교,교수,퇴직,한국근대사,,한국외국어대학교,박사,李民植,"Lee,Min-Sik"
10010382,ok,윤석성,남,1948,동국대학교,교수,재직,문예창작,,동국대학교,박사,,"Yoon, Seok-Seong"
10010383,ok,이임수,남,1952,동국대학교(대학별),교수,재직,고전시가,고전시가,경북대학교,박사,,"Lee, Im-soo"
10010501,ok,김홍석,남,1969,국립공주대학교,강사,재직,형태론(국어학),구결의 서법,단국대학교,박사,金洪錫,Hongseok Kim
10010518,ok,주진오,남,1957,상명대학교(연계),교수,재직,한국근대사,19세기말 정치사상사,연세대학교,박사,朱鎭五,"Chu, Chinoh"
10010560,private,,,,,,,,,,,,
10010590,ok,현은자,여,1960,성균관대학교(연계),교수,재직,유아교육,유아교육,Univ. of Michigan,박사,玄殷子,"HYUN, EUN JA"
10010648,private,,,,,,,,,,,,
10010649,ok,김정수,남,*****,한양대학교,*****,*****,형태론(국어학),국어사,서울대학교,박사,*****,*****
10010650,ok,김용덕,남,*****,한양대학교(연계),*****,*****,기타인문학,"국문학, 민속학,구비문학",한양대학교,박사,*****,*****
10010721,ok,고봉준,남,1970,경희대학교(연계),교수,재직,현대시(국문학),현대시비평,경희대학교,박사,고봉준,Ko Bong Jun
10010729,ok,한용환,남,1945,동국대학교,교수,퇴직,현대소설(국문학),현대소설론,동국대학교,박사,,"Han, Yong Hwan"
10010740,ok,구광모,남,1942,중앙대학교,,재직,정책학,정책학,Florida State University,박사,具光謨,Kwang-mo Koo
10010868,ok,정병삼,남,1954,숙명여자대학교,교수,퇴직,한국고대사,한국불교사,서울대학교,박사,鄭炳三,Jung Byung Sam
10010904,ok,심치열,여,1960,성신여자대학교,교수,퇴직,고전산문,고전소설,성신여자대학교,박사,沈致烈,"SHIM, CHI-YEOL"
10010910,ok,이선경,여,1955,성신여자대학교,교수,퇴직,통사론(프랑스어학),통사론,Univ. de Paris VII,박사,李善卿,Lee sun kyung
10010932,ok,권익호,남,1956,중앙대학교,교수,퇴직,일본어와문학,,日本大學,박사수료,權益湖,kwon ik ho
10010951,ok,홍윤표,남,1942,연세대학교,교수,퇴직,국어사,국어사,서울대학교(연건캠퍼스),석사,洪允杓,YunPyo Hong
10010965,ok,고창수,남,1961,한성대학교,교수,퇴직,국어정보학,한국어 문법론,고려대학교,박사,高暢洙,"Ko, Chang Soo"
10011040,ok,정학성,남,1949,인하대학교(연계),명예교수,재직,고전산문,고전소설(한문소설),서울대학교,박사,鄭學城,CHUNG HAK-SUNG
10011041,ok,송철의,남,1952,서울대학교,교수,퇴직,음운론(국어학),음운론(국어학),서울대학교,박사,宋喆儀,"Song,  CheolEui"
10011042,ok,윤주필,남,1956,단국대학교(연계),교수,재직,국문학사,고전문학,한국학중앙연구원,박사,尹柱弼,Yun Jupil
10011105,ok,심우섭,남,1939,성신여자대학교,,재직,중국철학,,동국대학교,박사,沈佑燮,"Shim, Woo-sup"
10011107,ok,김여주,여,1956,성신여자대학교,교수,퇴직,한시,한국한시,성균관대학교,박사,金呂珠,"Kim,Yeo Ju"
10011171,ok,김영배,남,1931,동국대학교,명예교수,재직,방언학(국어학),,동국대학교,박사,金英培,"Kim,Young-Bae"
10011172,ok,이종찬,남,1933,동국대학교,명예교수,,한문산문,,한양대학교,박사,李鍾燦,"Lee,Jong-Chan"
10011174,ok,송완용,남,1952,서강대학교,교수,재직,음운론(독일어학),"독일어 음성학과 음운론, 방언학",서강대학교,학사,宋浣龍,Wan Yong Song
10011201,ok,최상은,남,1956,상명대학교,교수,퇴직,고전시가,"가사, 시조",성균관대학교(자연과학캠퍼스),박사,崔相殷,Choi Sang Eun
10011202,ok,고형진,남,1959,고려대학교(연계),명예교수,재직,현대시(국문학),"현대시, 현대비평",고려대학교,박사,高亨鎭,Hyung Jin Ko
10011215,ok,김택중,남,*****,서울여자대학교,*****,*****,중국근세사(명청),동양사(중국사),國立臺灣師範大學,박사,*****,*****
10011246,ok,정연경,여,1963,이화여자대학교(연계),교수,재직,정보조직,분류,Indiana University at Bloomington,박사,鄭然卿,Yeon Kyoung Chung
10011247,ok,황순희,여,*****,홍익대학교(연계),*****,*****,언어교육,"인공지능과 자연언어, 공학교육, 응용언어학",Universite Paris 8,박사,,*****
10011266,ok,김욱동,남,1948,서강대학교,명예교수,재직,현대영미소설,"미국 소설, 문학 비평, 비교 문학",State University of New York at Stony Brook,박사,金旭東,Kim Wook-Dong
10011272,private,,,,,,,,,,,,
10011296,ok,임성래,남,1952,연세대학교,교수,재직,고전산문,고소설,연세대학교,박사,,Song Lai Im
10011364,ok,채완,여,1953,동덕여자대학교,교수,,국어학,,서울대학교,박사,蔡琬,Chae Wan
10011378,ok,곽충구,남,1950,서강대학교,교수,퇴직,음운론(국어학),"국어음운론, 국어방언학",서울대학교,박사,郭忠求,Chung Gu Kwak
10011454,ok,정병헌,남,1951,숙명여자대학교,교수,퇴직,고전산문,구비문학,서울대학교,박사,鄭炳憲,ByungHeon Chung
10011592,ok,류양선,남,1951,가톨릭대학교,교수,퇴직,현대소설(국문학),한국현대문학,서울대학교,박사,柳楊善,"Ryu, Yang-seon"
10011704,ok,한상권,남,1953,덕성여자대학교,명예교수,재직,한국사,조선후기사,서울대학교,박사,韓相權,
10011713,ok,정대림,남,1950,세종대학교,교수,,고전비평,,서울대학교,박사,鄭大林,"Chung,Dae-Lim"
10011714,ok,주경희,여,1958,세종대학교,교수,퇴직,국문학,국어문법론,서울대학교,박사,朱京姬,"Chu, Kyung Hee"
10011831,ok,엄국현,남,1952,인제대학교,교수,재직,기타국문학,현대시,부산대학교,박사,嚴國鉉,"Eom,Kook-Hyeon"
10011832,private,,,,,,,,,,,,
10011834,ok,박혜숙,여,1959,인하대학교(연계),명예교수,재직,여성문학,,서울대학교,박사,朴惠淑,"PARK, HYE-SOOK"
10011835,ok,김언주,여,1963,인제대학교(연계),교수,재직,국어사,,부산대학교,박사,金彦姝,Kim Eon Ju
10011882,private,,,,,,,,,,,,
10011883,ok,김현자,여,*****,이화여자대학교,*****,*****,현대시(국문학),현대시,이화여자대학교,박사,*****,*****
10011885,ok,박창원,남,1954,(사) 한국학술단체총연합회,교수,퇴직,음운론(국어학),음운사,서울대학교,박사,朴昌遠,Chang-Won Park
10012006,ok,여운필,남,1950,신라대학교,교수,퇴직,한시,,서울대학교,박사,,"Yeo, Woon-pil"
10012015,ok,최경숙,여,1955,부산외국어대학교,교수,재직,한국근대사,,영남대학교,박사,崔敬淑,"Choi,Kyung-Sook"
10012019,ok,박경수,남,1959,부산외국어대학교,교수,퇴직,현대시(국문학),현대시,부산대학교,박사,朴庚守,"Park,Kyung-Su"
10012064,ok,정영숙,여,1960,부산대학교,교수,퇴직,발달심리학,노인발달심리학,서울대학교,박사,鄭英淑,"CHONG,YOUNG-SOOK"
10012179,ok,박미령,여,1953,용인대학교,부교수,재직,현대시(국문학),,충남대학교,박사,朴美齡,"Park,Mi-Ryoung"
10012315,ok,윤경수,남,1934,부산외국어대학교,부교수,퇴직,국문학,,성균관대학교,박사,尹敬洙,"Yoon,Kyung-Su"
10012377,ok,박종갑,남,1954,영남대학교,교수,퇴직,국어학,의미론,영남대학교,박사,朴鍾甲,Park Jong gap
10012404,ok,류종렬,남,1953,부산외국어대학교,교수,재직,국문학,현대소설,부산대학교,학사,柳宗烈,Rhyu Chong Ryeol
10012416,ok,남송우,남,1953,국립부경대학교,교수,재직,문학비평(국문학),,부산대학교,박사,南松祐,Nam Song Woo
10012479,ok,류영표,남,1956,경성대학교,교수,재직,중국시,왕안석시,서울대학교,학사,柳瑩杓,Youngpyo Ryu
10012481,ok,박준원,남,1958,경성대학교,교수,재직,한문교육,한문학,성균관대학교,박사,朴晙遠,Joonwon Park
10012506,ok,박노준,남,*****,한양대학교(연계),*****,*****,고전시가,,고려대학교,박사,*****,*****
10012508,ok,허승희,여,*****,부산교육대학교,*****,*****,교육심리학,발달심리학,부산대학교,박사,*****,*****
10012560,ok,조동구,남,1955,국립부경대학교,교수,재직,국문학,현대시,연세대학교,박사,曺東九,"Jo,Dong-Goo"
10012618,private,,,,,,,,,,,,
10012626,ok,손동주,남,1960,국립부경대학교,교수,퇴직,의미론(일본어학),"사역표현, 수동표현과의 관련성",東北大學,박사,孫東周,Son Dong-ju
10012676,ok,장세호,남,1954,경성대학교,교수,재직,한국철학일반,"유가철학, 예학",고려대학교,박사,張世浩,Se-Ho Chang
10012749,ok,문복희,여,1959,가천대학교(연계),교수,재직,기타국문학,국문학 고전시가,가천대학교,박사,文福姬,Moon Bok hee
10012892,ok,조창환,남,1945,아주대학교(연계),명예교수,재직,현대시(국문학),현대시론,서울대학교,박사,曺敞煥,Chang-Whan Cho
10012925,ok,이병선,남,1927,부산대학교,교수,퇴직,국어학,,경북대학교,박사,李炳銑,"Lee,Byung-Sun"
10012928,ok,이대규,남,1938,부산대학교,교수,퇴직,국어교육,,서울대학교,박사,李大揆,"Lee,Dae-Kyu"
10012930,ok,김병권,남,1952,부산대학교,교수,퇴직,고전/실해석,고전문학,부산대학교,박사,金秉權,"KIM,BYEONG-KWEON"
10012964,ok,이근세,남,1968,국민대학교(연계),부교수,재직,동서비교철학,형이상학,기타기관,박사,李根世,LEE KEUN SE
10012994,ok,임효섭,남,1956,동아대학교(연계),명예교수,재직,중국고전문학,중국고전시,한국외국어대학교,박사,林孝燮,LIM HYO SUB
10012996,ok,김성언,남,1952,동아대학교(연계),명예교수,재직,한시,한국한시,서울대학교,박사,金性彦,"Kim, Sung Un"
10012997,ok,박유리,남,1953,동아대학교,교수,퇴직,한문산문,한문문법,경성대학교,박사,朴유리,Bak You Lee
10013048,ok,전영우,남,1934,수원대학교,교수,퇴직,국어학,,성신여자대학교,박사,全英雨,"Jhun,Young-Woo"
10013052,ok,김미란,여,1953,수원대학교,교수,퇴직,고전산문,,연세대학교,박사,金美蘭,"Kim, Mi Ran"
10013086,ok,이헌홍,남,1948,부산대학교,교수,퇴직,한국어와문학,고전산문,부산대학교,박사,李憲洪,"Lee, Heon-Hong"
10013087,private,,,,,,,,,,,,
10013088,ok,조태흠,남,1954,부산대학교,교수,퇴직,고천문학,고전문학,부산대학교,박사,趙泰欽,"CHO,TAE-HEUM"
10013089,ok,최규수,남,1956,부산대학교,교수,퇴직,국어학사,국어학사,부산대학교,박사,崔圭洙,"Choi, Kyusoo"
10013095,ok,이훈상,남,1954,동아대학교,명예교수,퇴직,한국사,사회사. 사상사. 문화사,서강대학교,박사,李勛相,"Lee, Hoon Sang"
10013097,ok,신태갑,남,1955,동아대학교(연계),명예교수,재직,중국근대사,중국근대사,영남대학교,박사,辛太甲,SHIN TAE GAB
10013219,ok,하치근,남,1945,동아대학교(연계),명예교수,재직,형태론(국어학),,부산대학교,박사,河致根,Ha Chi Gun
10013221,ok,류종목,남,*****,동아대학교,*****,*****,구비문학(국문학),민요,동아대학교,박사,*****,*****
10013315,ok,최낙복,남,1948,동아대학교(연계),명예교수,재직,국어학사,국어문법사,동아대학교,박사,崔洛福,CHOI NAK BOK
10013316,ok,엄정호,남,1958,동아대학교,교수,퇴직,통사론(국어학),,성균관대학교,박사,嚴正浩,"Um, Jungho"
10013441,ok,이규호,남,1953,동남보건대학교,부교수,퇴직,한국음악이론/분석,국악(판소리),중앙대학교(안성캠퍼스),석사,,Kyu-ho Lee
10013457,ok,홍태식,남,1949,명지전문대학,교수,퇴직,현대소설(국문학),현대소설,명지대학교,박사,洪泰植,Hong Tae-Shik
10013632,ok,유종호,남,1935,연세대학교,교수,퇴직,국문학,,서강대학교,박사,柳宗鎬,"Yoo,Jong-Ho"
10013637,ok,정재서,남,1952,이화여자대학교,교수,퇴직,비교문학(중문학),,서울대학교,박사,鄭在書,"JUNG, JAE SEO"
10013776,ok,남상호,남,1951,강원대학교,교수,퇴직,중국철학,유가철학,國立臺灣師範大學,박사,南相鎬,Nam Sang Ho
10013781,private,,,,,,,,,,,,
10013903,ok,김태자,여,1947,전주대학교,교수,퇴직,화용론(국어학),,전북대학교,박사,金泰子,"Kim,Tae-ja"
10014073,ok,정원지,남,1954,전북대학교,교수,퇴직,중국희곡,중국고전희곡론 희곡문화 공연론 중국문화론 소설비교,서울대학교,박사,鄭元祉,Chong Won Ji
10014084,ok,전일환,남,1946,전주대학교(연계),명예교수,재직,고전시가,,전북대학교,학사,全壹煥,Jeon Ihl-hwan
10014085,ok,임철호,남,1953,전주대학교,교수,퇴직,고전산문,고전소설. 구비문학,연세대학교,박사,林哲鎬,Lim Cheol-ho
10014176,ok,김승종,남,1956,전주대학교,교수,퇴직,현대소설(국문학),현대문학(현대소설),연세대학교,박사,金昇宗,Kim Seung-jong
10014229,private,,,,,,,,,,,,
10014230,ok,강현구,남,1959,호서대학교,교수,재직,현대소설(국문학),영상문학,고려대학교,박사,姜炫求,HyunKoo  Kang
10014267,private,,,,,,,,,,,,
10014284,ok,오춘택,남,1949,한림대학교,교수,퇴직,고전비평,한국고소설비평사,고려대학교,박사,吳春澤,"Oh,Chun-Teak"
10014304,ok,이금희,여,1949,상지대학교,교수,재직,,,숙명여자대학교,박사,李金喜,"Lee,Keum-Hee"
10014306,ok,신영명,남,1956,상지대학교,교수,재직,고전시가,자연시가/ 향가,고려대학교,박사,辛映明,Youngmyoung Shin
10014343,ok,우한용,남,1948,서울대학교,교수,퇴직,비교문학(국문학),"문학교육, 비교문학, 현대소설, 문화론",서울대학교,박사,禹漢鎔,"Woo,   HanYong"
10014344,ok,강봉근,남,*****,전북대학교,*****,*****,고전산문,고전산문,전북대학교,박사,*****,*****
10014346,ok,박인기,남,1951,경인교육대학교,교수,퇴직,국어교육,"문학교육, 의사소통교육, 국어과교육과정",서울대학교,박사,朴寅基,Park In Gee
10014394,ok,최주열,남,1955,선문대학교,교수,재직,한국어교육학,"사회교육, 한국어, 문화교육",중앙대학교,박사,최주열,"Choi,Ju-Youl"
10014454,ok,윤석달,남,1948,한국항공대학교,부교수,재직,중국현대문학,,고려대학교,박사,尹錫達,"Yoon,Seok-Dal"
10014483,ok,임동철,남,1947,충북대학교,교수,퇴직,구비문학(국문학),,청주대학교,박사,林東喆,"Lim, Dong-chol"
10014485,ok,양선규,남,1956,대구교육대학교(연계),교수,재직,중국현대문학,,경북대학교,박사,梁善奎,Yang SunGyu
10014582,ok,조항범,남,1958,충북대학교,교수,퇴직,국어학,국어의미론,서울대학교,박사,趙恒範,"Cho, Hang-bum"
10014583,ok,정효구,여,1959,충북대학교,교수,퇴직,현대시(국문학),한국현대시,서울대학교,박사,鄭孝九,"Jeong, Hyo-goo"
10014615,ok,정승혜,여,1965,수원여자대학교(대학별),교수,재직,국어사,"국어사, 음운론, 근대국어, 역사학",고려대학교,박사,鄭丞惠,Seunghye Chung
10014656,ok,김병균,남,1947,선문대학교,조교수,,국어학,,원광대학교,박사,김병균,"Kim,Byung-Kyun"
10014684,ok,김희숙,여,*****,청주대학교,*****,*****,국어학,"사회언어학, 화용의미론,국어정책론",숙명여자대학교,박사,*****,*****
10014685,ok,양희철,남,1952,청주대학교,교수,퇴직,고전시가,"향가, 시조",서강대학교,박사,楊熙喆,"Yang, Hee-Cheol"
10014686,ok,임승빈,남,*****,청주대학교,*****,*****,국문학,현대시. 현대희곡,청주대학교,박사,*****,*****
10014727,ok,조흥욱,남,1953,국민대학교,교수,퇴직,인문학,한국고전문학,서울대학교,박사,趙興旭,"CHO,HEUNG-WOOK"
10014776,ok,김성건,남,1954,장로회신학대학교,초빙교수,재직,문화/종교사회학,종교사회학,University of Hull,박사,金成建,Sung-Gun Kim
10014823,ok,안병우,남,*****,한신대학교,*****,*****,한국사,고려시대,서울대학교,박사,*****,*****
10014904,ok,김순정,여,1960,성신여자대학교,교수,퇴직,예술체육학,무용(발레),동덕여자대학교,박사,,Kim Soon-Jung
10014940,ok,이익주,남,1962,서울시립대학교(연계),교수,재직,고려시대사,"정치사, 대외관계사",서울대학교,박사,李益柱,Lee Ik Joo
10015072,ok,김석환,남,*****,명지대학교(연계),*****,*****,현대시(국문학),현대문학,명지대학교(서울캠퍼스),박사,*****,*****
10015107,ok,김갑기,남,1946,동국대학교(대학별),교수,재직,국문학,국한문고전시가,동국대학교,박사,,"Kim, Gab-ki"
10015136,ok,최규발,남,1956,고려대학교,교수,퇴직,통사론(중국어학),중국현대어법,고려대학교,박사,崔圭鉢,"CHOI, Kyu Bal"
10015167,private,,,,,,,,,,,,
10015168,ok,김진석,남,1954,서원대학교,교수,퇴직,현대소설(국문학),현대문학,고려대학교,박사,金鎭奭,Jin-Suk Kim
10015173,ok,이정택,남,1961,서울여자대학교(연계),교수,재직,통사론(국어학),피동 및 사동 연구,연세대학교,박사,李政澤,"Lee, Jung tag"
10015254,ok,권병로,남,1954,국립군산대학교,교수,재직,음운론(국어학),음운론,전북대학교,박사,權炳老,"Kwon,Pyong-Ro"
10015255,ok,공종구,남,1957,국립군산대학교(연계),,재직,현대소설(국문학),"현대소설, 문학비평(국문학), 유이민 문학",전남대학교,박사,,"Kong, Jong goo"
10015315,private,,,,,,,,,,,,
10015316,private,,,,,,,,,,,,
10015317,private,,,,,,,,,,,,
10015318,ok,서준섭,남,1952,강원대학교,교수,퇴직,문학비평(국문학),"""한국 현대시,현대소설, 현대문학비평, 문화연구""",서울대학교,박사,徐俊燮,Suh Joon Sop
10015360,ok,권문봉,남,*****,원광대학교(연계),*****,*****,한국경학,,성균관대학교,박사,*****,*****
10015442,ok,박만규,남,*****,아주대학교,*****,*****,통사론(프랑스어학),"불어학(통사론, 어휘론), 사전학",서울대학교,박사,*****,*****
10015463,ok,이종주,남,1955,전북대학교(연계),교수,재직,고전산문,고전산문,서강대학교,박사,李鐘周,"Lee, Jong Joo"
10015464,ok,김창섭,남,1956,서울대학교,교수,퇴직,형태론(국어학),,서울대학교,박사,金倉燮,"Kim,  Chang-sop"
10015472,ok,류제헌,남,1952,한국교원대학교,교수,재직,문화지리,,University of Texas at Austin,박사,柳濟憲,Ryu Je Hun
10015500,ok,김혜숙,여,1946,충북대학교,교수,퇴직,한시,,서울대학교,박사,金惠淑,"Kim, Hye-sook"
10015501,ok,박노균,남,1952,충북대학교,교수,퇴직,현대시(국문학),,서울대학교,박사,朴魯均,"Park, Noh-gyun"
10015502,ok,박재승,남,1956,충북대학교,교수,퇴직,국어교육학,,인하대학교,박사,朴在承,"Park, Jae-seung"
10015613,private,,,,,,,,,,,,
10015616,ok,강헌규,남,1940,국립공주대학교,교수,재직,형태론(국어학),,경희대학교,박사,姜憲圭,"Kang,Heon-Kyu"
10015617,ok,김진규,남,1946,국립공주대학교,명예교수,재직,음운론(국어학),,인하대학교,박사,金鎭奎,
10015619,ok,유병환,남,1952,국립공주대학교,교수,재직,고전산문,,동국대학교,박사,柳炳環,YOU BYOUNG HWAN
10015625,ok,백원철,남,1945,국립공주대학교,명예교수,재직,한문학,한문교육,성균관대학교,박사,白源철,
10015627,ok,권정안,남,1953,국립공주대학교,교수,퇴직,유교철학,,성균관대학교,박사,權正顔,KWON JEONG AN
10015687,ok,천혜숙,여,1954,국립경국대학교,교수,재직,민속학(인류학),"신화학, 구비문학, 여성민속",계명대학교,박사,千惠淑,Hyesook Chun
10015694,ok,이종호,남,1955,국립경국대학교,교수,재직,한문비평,"조선조 문학비평, 선비문화",성균관대학교,박사,李鍾虎,Jongho Lee
10015725,private,,,,,,,,,,,,
10015726,private,,,,,,,,,,,,
10015727,private,,,,,,,,,,,,
10015830,ok,강성용,남,*****,서울대학교(연계),*****,*****,인도철학,인도 논리학,University of Hamburg,박사,*****,*****
10015859,ok,원용우,남,1938,한국교원대학교,교수,퇴직,고전시가,,고려대학교,박사,元容文,Yong-Moon Won
10015861,ok,신헌재,남,1950,한국교원대학교,교수,재직,국어교육학,초등국어교육전공,성균관대학교,박사,愼憲縡,Shin Heon Jae
10015877,ok,장정룡,남,1957,강원대학교 강릉캠퍼스,교수,퇴직,고전산문,"고전산문, 구비문학,",중앙대학교,박사,張正龍,"Jang, Jung Young"
10015878,ok,김무림,남,1957,강원대학교 강릉캠퍼스,교수,퇴직,국어사,"국어음운론, 국어사",고려대학교,박사,金武林,"Kim, Moo Rim"
10015904,ok,남권희,남,1956,(사) 장경도량고려대장경연구,연구원,재직,서지학,서지학,경북대학교,석사,南權熙,Nam kwon-heui
10015933,ok,도진순,남,1959,국립창원대학교,교수,퇴직,인문학,,서울대학교,박사,都珍淳,"Doh, Jin-soon"
10016010,ok,김신규,남,1956,국립목포대학교,교수,퇴직,형법,형사법,부산대학교,박사,金信圭,Kim shin kyu
10016078,ok,장인애,여,1955,중부대학교,부교수,재직,고전산문,,세종대학교,박사,장인애,"Jang,In-Ae"
10016136,ok,심희기,남,1956,연세대학교(연계),명예교수,재직,법사학,"C1104, C1190,C1103",서울대학교,박사,,Hui Gi Sim
10016240,ok,김흥수,남,1952,국민대학교,교수,,인문학,국어학,서울대학교,박사,金興洙,"KIM,HEUNG-SOO"
10016241,ok,양희찬,남,*****,전북대학교,*****,*****,운문,"시조, 가사",고려대학교,박사,*****,*****
10016242,ok,전정구,남,*****,전북대학교,*****,*****,현대시(국문학),현대시,전남대학교,박사,*****,*****
10016277,ok,변학수,남,1958,경북대학교,교수,퇴직,문예학(독일문학),문예학,Univ. Stuttgart,박사,卞學洙,Hak-Su Byun
10016325,private,,,,,,,,,,,,
10016363,ok,김화경,남,1947,영남대학교,명예교수,퇴직,지역연구,신화학,筑波大學,박사,金和經,KIM WHAKYONG
10016364,ok,김주원,남,1956,서울대학교,교수,퇴직,역사/비교언어학,알타이어학,서울대학교,박사,金周源,"Kim, Juwon"
10016365,ok,서인석,남,1956,영남대학교,교수,퇴직,고전산문,고전소설,서울대학교,박사,徐仁錫,"Seo, In Seok"
10016433,ok,최미정,여,1954,계명대학교,교수,퇴직,한국어와문학,국문학,서울대학교,박사,崔美汀,"Choi, Mi-jeong"
10016497,ok,박종홍,남,1956,영남대학교,교수,퇴직,현대소설(국문학),,경북대학교,박사,朴鍾弘,Park Jong Hong
10016570,ok,한철우,남,1946,한국교원대학교,교수,퇴직,국어교육학,독서교육학,"Univ. of Missouri~, Kansas City",박사,韓哲愚,Han Chul Woo
10016688,ok,최병우,남,1953,강원대학교 강릉캠퍼스,명예교수,퇴직,현대소설(국문학),한국현대소설,서울대학교,박사,崔炳宇,"Choi, Byeong Woo"
10016702,ok,김정란,여,1953,상지대학교,교수,재직,프랑스문학,프랑스현대시,Univ. de Grenoble III (Univ. Stendhal),박사,金正蘭,Jeong-Ran Kim
10016773,ok,성호경,남,1952,서강대학교,명예교수,퇴직,고전시가,고전시가,서울대학교,박사,成昊慶,Ho-Gyong Seong
10016824,ok,전신재,남,1939,사단법인김유정기념사업회,명예교수,퇴직,구비문학,한국전통연극,성균관대학교,박사,全信宰,Shinjae Jeon
10016871,ok,박현옥,여,1958,대구가톨릭대학교,교수,재직,무용교육,,한양대학교,박사,박현옥,"Park,Hyun-Ok"
10016899,ok,정정덕,남,1947,국립창원대학교,교수,퇴직,의미론(언어학),,한양대학교,박사,鄭政德,"Jong,Jong-Dok"
10016900,ok,장성진,남,1954,국립창원대학교(연계),교수,재직,고전시가,,경북대학교,박사,張成鎭,"Chang,Sung-Jin"
10016962,ok,소강춘,남,1957,전주대학교,교수,퇴직,음운론(국어학),"국어정보처리론, 방언학",전북대학교,박사,蘇江春,So Kang-chun
10016975,ok,이윤석,남,1950,연세대학교,교수,퇴직,고전산문,고소설,연세대학교,박사,,YOONSUKLEE
10016976,ok,임유경,여,1956,대구가톨릭대학교,교수,재직,한문산문,,이화여자대학교,박사,任侑炅,Youkyoung Yim
10016985,ok,박주,여,1955,대구가톨릭대학교,교수,재직,조선후기사,"한국여성사, 지방사",서울대학교,박사,朴珠,Joo Park
10017006,ok,유기옥,남,*****,우석대학교(대학별),*****,*****,고전산문,"고소설, 한문학",전북대학교,박사,*****,*****
10017122,ok,이원희,남,1954,대구교육대학교(연계),교수,재직,교육과정,교육과정일반,경북대학교,박사,李元凞,Lee WoenHee
10017205,ok,한관일,남,*****,청주대학교,*****,*****,교육철학/사상,,중앙대학교,박사,*****,*****
10017262,ok,나승만,남,1953,국립목포대학교,교수,퇴직,지역연구,민중생활사,전남대학교,박사,羅承晩,"Na, Seung-man"
10017263,ok,이기갑,남,1954,국립목포대학교,교수,퇴직,통사론(국어학),방언 문법,서울대학교,박사,李基甲,"Lee, Ki-Gap"
10017299,ok,박현규,남,1958,순천향대학교(연계),명예교수,재직,중국고전문학,,國立臺灣師範大學,박사,朴現圭,Park Hyun Kyu
10017343,ok,명형대,남,1949,경남대학교,교수,재직,현대소설(국문학),모더니즘 소설,부산대학교,박사,明炯大,HyungDae Myung
10017453,ok,한혜원,여,1976,이화여자대학교(연계),교수,재직,문학비평(국문학),디지털스토리텔링/디지털인문학,이화여자대학교,박사,韓惠媛,Hye Won Han
10017502,ok,우인수,남,1958,경북대학교(연계),명예교수,재직,조선후기사,"정치사, 생활사",경북대학교,박사,禹仁秀,WOO IN-SOO
10017528,ok,김용한,남,*****,대구한의대학교,*****,*****,어휘론(국어학),,대구가톨릭대학교,박사,*****,*****
10017529,ok,손정인,남,*****,대구한의대학교,*****,*****,현대시(국문학),,영남대학교,박사,*****,*****
10017530,ok,이래종,남,*****,대구한의대학교,*****,*****,한문산문,한문산문,고려대학교,박사,*****,*****
10017666,ok,백정희,여,1954,한양대학교(연계),교수,재직,무용심리학,,한국체육대학교,박사,白貞姬,"Baek, Jung hee"
10017732,ok,이영석,남,1957,경상국립대학교,교수,재직,독일문화,현대시,동아대학교,박사,李英錫,"Yi, Yeongseok"
10017739,ok,권선영,여,1970,경희대학교,강사,재직,일본근현대문학,"근현대문학(한국, 일본)",경희대학교,박사,權善英,"Kuean, Sunyoung"
10017789,ok,우미영,여,*****,한양대학교(연계),*****,*****,현대소설(국문학),현대소설,한양대학교,박사,*****,*****
10017845,ok,허권수,남,1952,경상국립대학교,명예교수,재직,한문산문,"한문학사, 한중문학교류사, 한문학",성균관대학교,박사,許捲洙,Hur Kwon-Su
10017846,ok,이상필,남,*****,경상국립대학교,*****,*****,한문산문,한국한문학,고려대학교,박사,*****,*****
10017847,ok,윤호진,남,*****,경상국립대학교,*****,*****,한시,"한시론, 한문학비평론",성균관대학교,박사,*****,*****
10017855,ok,김주순,남,1949,대구가톨릭대학교,교수,퇴직,중국시,중국시,國立臺灣師範大學,박사,金周淳,Kim Jou Soon
10017981,ok,김덕현,남,1949,경상국립대학교,교수,퇴직,문화지리,문화역사지리,서울대학교,박사,金德鉉,Kim Duk-Hyun
10018003,ok,김정태,남,1961,충남대학교(연계),교수,재직,음운론(국어학),국어음운론,충남대학교,박사,金正泰,Kim Jeongtae
10018010,ok,문정일,남,1940,목원대학교,교수,퇴직,영어교육,,세종대학교,박사,文正一,"Moon,Jeong-il"
10018028,ok,서상준,남,*****,전남대학교,*****,*****,통사론(국어학),,전북대학교,박사,*****,*****
10018029,ok,나경수,남,1955,전남대학교,교수,퇴직,구비문학(국문학),"구비문학, 민간신앙, 세시풍속",전남대학교,박사,羅景洙,"Na, Kyungsoo"
10018034,ok,최민,남,*****,전남대학교,*****,*****,시(프랑스문학),,서울대학교,석사,*****,*****
10018053,ok,강남준,남,1952,서울대학교,교수,퇴직,방송·영상,,Syracuse Univ.,박사,姜南俊,"Kang, Nam Jun"
10018070,ok,권순열,남,1950,조선대학교,교수,퇴직,한시,한문학,,박사,權純烈,Kwon Soon-Yoel
10018071,ok,김수중,남,1952,조선대학교,교수,퇴직,고전산문,한국서사문학,,박사,金樹中,Kim Su-jung
10018093,ok,성범중,남,*****,울산대학교,*****,*****,국문학,,서울대학교,박사,*****,*****
10018104,ok,서종문,남,1945,경북대학교,,재직,구비문학(국문학),,,,徐鍾文,SEO CHONG-MUN
10018162,ok,김차균,남,1940,충남대학교,명예교수,퇴직,음운론(국어학),"음운론(일반이론, 국어음운론, 성조론)",서울대학교,박사,金次均,Chagyun Gim
10018165,ok,도수희,남,1934,충남대학교,명예교수,퇴직,국어학,백제어,충남대학교,박사,都守熙,"Toh,Soo-Hee"
10018172,ok,황인덕,남,1955,충남대학교,교수,재직,구비문학(국문학),설화문학,충남대학교,박사,黃仁德,"Hwang,In Douk"
10018173,ok,김진수,여,1958,충남대학교(연계),교수,재직,의미론(국어학),국어통사.의미론,충남대학교,박사,金珍洙,"Kim, Jin Soo"
10018181,ok,고대혁,남,*****,경인교육대학교,*****,*****,교육철학/사상,도덕교육/성리학의 수양론과공부론,한양대학교,박사,*****,*****
10018207,ok,심호택,남,1949,계명대학교,교수,퇴직,기타인문학,한국한문학,고려대학교,박사,沈浩澤,"Sim, Ho Tack"
10018208,ok,김남형,남,1953,계명대학교,교수,퇴직,미술,한국한문학,고려대학교,박사,金南馨,"Kim, Nam Hyeng"
10018209,ok,이종문,남,1955,계명대학교,교수,퇴직,기타동양어문학,한국한문학,고려대학교,박사,李鍾文,"Lee, Jong Mun"
10018210,ok,김윤조,남,1959,계명대학교,교수,퇴직,한문산문,한국한문학,성균관대학교,박사,金允朝,"Kim, Yun Jo"
10018262,ok,경일남,남,1958,충남대학교(연계),교수,재직,고전산문,고전소설,충남대학교,박사,景一男,"Kyung, Il-Nam"
10018294,ok,배현숙,여,1949,계명문화대학교,명예교수,퇴직,서지학,도서관사,중앙대학교,박사,裵賢淑,Hyon-Suk Pae
10018297,ok,이동길,남,1954,계명문화대학교,교수,재직,현대소설(국문학),,영남대학교,박사,이동길,"Lee,Dong-Gil"
10018358,ok,한옥근,남,1946,조선대학교,교수,퇴직,현대희곡(국문학),,단국대학교,박사,韓沃根,"HAN, OG KEUN"
10018363,ok,이성연,남,1950,조선대학교,교수,퇴직,국어학사,,전남대학교,박사,李晟衍,"Lee, Seong Yeon"
10018558,ok,박배식,남,1955,동신대학교,교수,재직,현대소설(국문학),,세종대학교,박사,朴培湜,PARK Bae sik
10018559,private,,,,,,,,,,,,
10018563,ok,김창진,남,1953,초당대학교,교수,퇴직,국어교육,대학 교양국어,경희대학교,박사,金昌辰,Kim Chang Jin
10018654,ok,정명교,남,1958,연세대학교(연계),교수,재직,현대시(국문학),한국현대시 전반,서울대학교,박사,,Myeong Kyo Jeong
10018700,ok,조주현,여,1957,계명대학교,교수,퇴직,여성학이론,여성학,University of Illinois at Urbana - Champaign,박사,曺珠鉉,"Cho, Joo-hyun"
10018738,ok,오양호,남,1942,인천대학교,명예교수,재직,현대소설(국문학),"농민소설, 간도문학",영남대학교,박사,吳養鎬,"Oh,Yang-Ho"
10018740,ok,최동국,남,1946,인천대학교,교수,퇴직,국문학,,성균관대학교,박사,崔東國,"Choi,Dong-Kook"
10018772,ok,신경득,남,1944,경상국립대학교,교수,퇴직,현대소설(국문학),한국현대소설론,건국대학교,박사,辛卿得,"Shin,Kyung-Deuk"
10018906,ok,이희춘,남,1947,부산대학교,교수,퇴직,,,계명대학교,박사,李熙春,"Lee,Hee-Choon"
10018928,ok,김정대,남,1953,경남대학교,명예교수,퇴직,국어학,국어통사론,계명대학교,박사,金政大,Jung-dae Kim
10018929,ok,박태일,남,1954,경남대학교,교수,재직,현대시(국문학),현대문학,부산대학교,박사,박태일,Park Tae Il
10019014,ok,류종목,남,1953,서울대학교,교수,퇴직,중국시,중국사곡,서울대학교,박사,柳種睦,"Liu,  Jong Mok"
10019086,ok,김수업,남,1939,경상국립대학교,교수,퇴직,국어교육,,경북대학교,박사,金守業,"Kim,Su-Eup"
10019113,ok,황의동,남,1949,충남대학교,명예교수,재직,한국유가철학,한국유가철학,충남대학교,박사,黃義東,Euidong Hwang
10019123,private,,,,,,,,,,,,
10019180,ok,노성환,남,1955,울산대학교,교수,퇴직,인문학,일본문화,大阪大學,박사,魯成煥,"NO, Sung Hwan"
10019211,ok,송재일,남,*****,국립공주대학교,*****,*****,희곡,,충남대학교,박사,*****,*****
10019225,ok,박병기,남,1962,한국교원대학교(연계),교수,재직,윤리교육학,"윤리학 및 불교윤리, 도덕교육",서울대학교,박사,,Pak Byungkee
10019372,private,,,,,,,,,,,,
10019381,ok,박우훈,남,1956,충남대학교,교수,재직,인문학,한문학과,충남대학교,박사,朴禹勳,"Park,Woo-Hoon"
10019398,ok,박영호,남,1958,경북대학교,교수,퇴직,한문산문,"조선시대 문장론, 한문교육",경북대학교,박사,朴英鎬,PARK YOUNG-HO
10019399,ok,황위주,남,1958,경북대학교,교수,퇴직,한시,"한시, 한문학사",고려대학교,박사,黃渭周,"Hwang, Wee-Zoo"
10019515,private,,,,,,,,,,,,
10019522,ok,이종범,남,1953,조선대학교,교수,퇴직,조선후기사,사상사,,박사,李鍾範,"Lee, Jong Bum"
10019527,ok,장태진,남,1927,조선대학교,명예교수,재직,국어학,,조선대학교,박사,張泰鎭,"Jang,Tae-Jin"
10019654,ok,김진식,남,1956,충북대학교,교수,퇴직,의미론(국어학),,충남대학교,박사,金眞植,"Kim, Chin-shik"
10019665,ok,나병철,남,1956,한국교원대학교,교수,퇴직,현대소설(국문학),,연세대학교,박사,羅秉哲,Na Byungchul
10019684,ok,강헌국,남,1962,고려대학교(연계),교수,재직,현대소설(국문학),"한국근현대소설, 서사학",고려대학교,박사,姜憲國,Kang Hun Kook
10019869,ok,이은애,여,1958,덕성여자대학교(연계),명예교수,재직,문학비평(국문학),"문학비평, 소설분석, 문화이론, 문화비평, 문화분석",서울대학교,박사,李銀愛,
10019892,ok,이영호,남,1955,인하대학교(연계),명예교수,재직,한국근대사,"한국근대 사회경제사, 한국근대 사회운동사",서울대학교,박사,李榮昊,"LEE, YOUNG HO"
10019898,ok,김동노,남,1959,연세대학교(연계),교수,재직,사회사/역사사회학,"사회운동, 근대성, 민족주의",Univ. of Chicago,박사,,Dong No Kim
10019920,ok,남정희,여,1967,홍익대학교,초빙교수,재직,고전시가,,이화여자대학교,박사,南晶熙,NamJeongHee
10020023,private,,,,,,,,,,,,
10020038,ok,김문수,남,1948,대구공업대학교,교수,재직,국문학,현대소설,대구대학교,박사,金文洙,"Kim,Moonsoo"
10020083,ok,윤교찬,남,1957,한남대학교,교수,재직,현대영미소설,"미국소설, 영문학교육",서강대학교,박사,尹敎贊,Kyochan Yoon
10020092,private,,,,,,,,,,,,
10020110,ok,이인재,남,1957,연세대학교,교수,재직,고려시대사,사회경제사,연세대학교,박사,,In Jae Lee
10020114,ok,최경희,여,1961,전주교육대학교(대학별),교수,재직,국어교육,초등국어교육,한국교원대학교,박사,崔京姬,Kyonghee Choi
10020221,ok,박용규,남,*****,상지대학교(연계),*****,*****,언론사,언론사,서울대학교,박사,*****,*****
10020227,ok,고재설,남,1958,우석대학교(대학별),부교수,재직,형태론(국어학),,서강대학교,박사,高在卨,Jae-Sol Koh
10020310,ok,권두환,남,1947,서울대학교,교수,퇴직,고전시가,고전시가,서울대학교,박사,權斗煥,"Kwon, DuHwan"
10020348,ok,윤광봉,남,1947,廣島大學,교수,,고전시가,,동국대학교,박사,尹光鳳,"Yoon,Kwang-Bong"
10020349,ok,민찬,남,1958,대전대학교(연계),교수,재직,고전산문,고소설 및 설화,서울대학교,박사,민찬,Chan Min
10020352,ok,이봉형,남,1956,대전대학교(연계),교수,재직,음성/음운론(영어학),영어음운론,서울대학교,박사,李鳳炯,Ponghyung Lee
10020362,ok,민영대,남,1948,한남대학교,교수,퇴직,고전산문,고소설,경남대학교,박사,閔泳大,Young-Dae Min
10020363,ok,강정희,여,1950,한남대학교,교수,재직,방언학(국어학),,이화여자대학교,박사,康貞姬,Jeonghui kang
10020404,ok,정요일,남,*****,서강대학교,*****,*****,고전비평,한시비평,서울대학교,박사,*****,*****
10020415,ok,박상진,남,1964,부산외국어대학교,교수,퇴직,이탈리아어문학,"이탈리아문학, 비교문학, 문학이론",Univ. of Oxford,박사,朴商辰,Sangjin Park
10020418,ok,최경환,남,1955,부산외국어대학교,부교수,재직,한문산문,,서강대학교,박사,崔敬桓,"Choi,Kyung-Hwan"
10020425,ok,이병찬,남,1955,대진대학교(연계),교수,,고전산문,"고전소설, 한문학, 민속학, 구비문학",성균관대학교,박사,李秉讚,Lee Byoung-chan
10020483,ok,신원선,여,1969,동덕여자대학교,부교수,재직,현대희곡(국문학),"현대희곡, T.V드라마, 영화",중앙대학교,박사,申媛善,wonseon sin
10020541,ok,김신중,남,*****,전남대학교,*****,*****,고전시가,,전남대학교,박사,*****,*****
10020625,ok,김석회,남,1950,인하대학교(연계),명예교수,재직,고전시가,,서울대학교,박사,金碩會,Kim Seok Hoi
10020690,ok,박준규,남,1933,전남대학교,명예교수,재직,국문학,,전북대학교,박사,박준규,"Park,Joon-Kyu"
10020732,ok,이진우,남,1946,대전대학교,전임강사,퇴직,문예학(독일문학),,건국대학교,석사,李振雨,"Lee,Jin-Woo"
10020737,ok,오세준,남,1962,한서대학교,교수,재직,성운학(중국어학),"중국上古音, 複聲母, 고대漢韓同源語연구",私立東吳大學,박사,吳世畯,OH SE JUN
10020739,ok,신재홍,남,1962,가천대학교(연계),교수,재직,기타국문학,국문학,서울대학교,박사,申載弘,Jae Hong Shin
10020740,ok,김병준,남,1962,서울대학교(연계),교수,재직,중국고대사,선진진한사,서울대학교,박사,金秉駿,"KIM, BYUNGJOON"
10020749,ok,황정아,여,1967,한림대학교(연계),교수,재직,현대영미소설,20세기영소설,서울대학교,박사,黃靜雅,Jung-A Hwang
10020816,ok,이상훈,남,1954,한국학중앙연구원,교수,퇴직,교회사,역사신학/문화신학/한국기독교,Drew University,박사,李相勳,Sang-Hoon Lee
10020839,ok,조일영,남,1953,한국교원대학교,교수,재직,의미론(국어학),통사의미론,고려대학교,박사,趙一英,Cho Il Young
10020997,ok,정성일,남,*****,광주여자대학교(대학별),*****,*****,경제학,경제사 한일경제교류사,전남대학교,박사,*****,*****
10021100,ok,김정훈,남,1962,전남과학대학교(대학별),부교수,재직,문학비평(일본문학),일본근대문학,關西學院大學,박사,金正勳,Jeonghun Kim
10021251,ok,문광영,남,*****,경인교육대학교,*****,*****,현대시(국문학),,단국대학교,박사수료,*****,
10021252,ok,이창덕,남,*****,경인교육대학교,*****,*****,화용론(국어학),국어화용론,연세대학교,박사,*****,*****
10021253,ok,최영환,남,*****,경인교육대학교(연계),*****,*****,국어교육,문법교육 읽기교육,서울대학교,박사,*****,*****
10021348,ok,이수련,여,1952,동의대학교,명예교수,퇴직,의미론(언어학),통사의미론,부산대학교,박사,李秀連,"Li, Su-Lyon"
10021425,private,,,,,,,,,,,,
10021470,private,,,,,,,,,,,,
10021530,ok,신익철,남,1960,(사) 전통문화연구회,연구위원,재직,한문산문,"조선시대 한시, 산문 및 연행록",성균관대학교,박사,申翼澈,Shin Ik Cheol
10021539,ok,이환범,남,1962,영남대학교(연계),교수,재직,행정조직/관리,공공관리론,University of Southern California,박사,李桓範,"LEE, HWAN-BEOM"
10021580,ok,김상욱,남,1961,춘천교육대학교,교수,퇴직,국어교육학,문학교육,서울대학교,박사,,
10021591,ok,손병우,남,1963,충남대학교(연계),교수,재직,방송·영상,"방송, 영상, 문화, 미디어비평, 홍보",서울대학교,박사,孫炳雨,"Sohn, Byung Woo"
10021596,ok,이동재,남,1965,고려대학교,강사,재직,현대소설(국문학),현대문학(소설),고려대학교,박사,李東宰,"Lee,Dong-Jae"
10021635,ok,이병민,남,*****,서울대학교(연계),*****,*****,영어교육,"제2언어습득, CALL, Academic writing in English",University of Texas at Austin,박사,*****,*****
10021656,ok,류철균,남,1966,이화여자대학교,교수,퇴직,현대소설(국문학),디지털미디어,서울대학교,박사,柳哲鈞,Chul Gyun Lyou
10021657,ok,문경연,여,*****,동국대학교(대학별),*****,*****,현대희곡(국문학),"한국근현대희곡, 한국공연예술사, 한국근현대문화사",경희대학교,박사,,*****
10021660,ok,김동환,남,1961,한성대학교,교수,퇴직,현대소설(국문학),1930년대소설,서울대학교,박사,金東煥,"Kim, Dong-Hoan"
10021667,private,,,,,,,,,,,,
10021678,ok,양문규,남,1956,강원대학교 강릉캠퍼스,교수,퇴직,현대소설(국문학),현대소설,연세대학교,박사,梁文奎,"Yang, Mun-Kyu"
10021702,ok,김재석,남,1956,경북대학교,연구원,재직,연극사,희곡론,경북대학교,박사,,
10021705,ok,고영진,남,1960,대진대학교,교수,퇴직,음성/음운론(영어학),,전북대학교,박사,高永辰,Ko Young-Jin
10021718,ok,김기창,남,1948,백석대학교,부교수,퇴직,구비문학(국문학),,한국교원대학교,박사,金基昌,"Kim,Ki-Chang"
10021732,ok,윤재근,남,1966,대진대학교(연계),교수,재직,한국자생종교,종교교육/ 한국종교사상/대순(증산)사상,동국대학교,박사,尹在根,Youn Jae-keun
10021736,ok,전수연,여,1953,국립경국대학교,교수,퇴직,한시,,이화여자대학교,박사,全秀燕,CHEN SOO YEON
10021772,ok,정병설,남,1966,서울대학교(연계),교수,재직,고전산문,,서울대학교,박사,鄭炳說,"Jung,  Byung Sul"
10021791,ok,이삼형,남,1954,한양대학교(연계),명예교수,재직,국어교육,국어교육학,서울대학교,박사,李三炯,Lee Sam Hyung
10021794,private,,,,,,,,,,,,
10021799,private,,,,,,,,,,,,
10021828,ok,손남익,남,1961,강원대학교(연계),교수,재직,의미론(국어학),,,박사,孫男翼,"Son, Nam Ik"
10021832,ok,권석환,남,1961,상명대학교(연계),교수,재직,중국산문,중국우언,성균관대학교,박사,權錫煥,Kwon Seok Hwan
10021861,ok,이상태,남,1945,경북대학교,,재직,국어교육,"국어 통사론, 국어교육학",,,李相泰,LEE SANG-TAE
10021867,ok,하정승,남,1969,국립경국대학교(연계),교수,재직,한시,고려시대 한시비평,성균관대학교,박사,,HA JUNG SEUNG
10021878,ok,정민,남,1961,한양대학교(연계),명예교수,재직,한문비평,"조선 후기 고문론, 조선 중기 한시",한양대학교,박사,鄭 珉,"Jung, Min"
10021905,ok,이상우,남,1964,고려대학교(연계),교수,재직,현대희곡(국문학),한국현대희곡,고려대학교,박사,李相雨,"Lee, Sang Woo"
10021942,ok,강정원,남,1963,서울대학교(연계),교수,재직,민속학(인류학),"민간신앙, 물질문화, 신화",Ludwig-Maximilians-Universitaet Muenchen,박사,姜正遠,"Kang, Jeong Won"
10021944,ok,정문권,남,1957,배재대학교,교수,퇴직,현대소설(국문학),,한남대학교,박사,鄭文權,MOUNGWON JEONG
10021946,ok,김성규,남,1962,서울대학교(연계),교수,재직,음운론(국어학),"국어음운론, 국어사",서울대학교,박사,金星奎,"Kim,  Seong-Kyu"
10021959,ok,김영봉,남,1961,연세대학교 국학연구원,연구원,재직,한시,한문학,연세대학교,박사,金永峯,Youngbong Kim
10021977,ok,한용수,남,1960,동국대학교,교수,퇴직,통사론(중국어학),현대중국어어법,上海師範大學,박사,韓容洙,"Han, Yong Su"
10021986,ok,여세주,남,*****,신경주대학교,,*****,국문학,고전소설,계명대학교,박사,*****,*****
10022110,ok,이은봉,남,1953,광주대학교,교수,재직,현대시(국문학),한국현대시(국문학),숭실대학교,박사,李殷鳳,EunBongLee
10022137,ok,서정섭,남,1960,전주대학교,강사,퇴직,의미론(국어학),통사 의미론,전북대학교,박사,徐廷燮,"Seo, Jeongseop"
10022138,ok,이경훈,남,1962,연세대학교(연계),교수,재직,현대소설(국문학),식민지소설/친일문학,연세대학교,박사,,Kyoung Hoon Lee
10022165,ok,이희중,남,1960,전주대학교(연계),명예교수,재직,현대시(국문학),"현대문학론, 현대시인론, 시창작론",고려대학교,박사,李熙中,Lee Hee Joong
10022194,private,,,,,,,,,,,,
10022202,ok,최성호,남,1959,충북대학교,교수,퇴직,형태론(러시아어학),러시아어 양상의미론 및 형태음운론,University of California at LA,박사,崔成浩,"Choi, Sung-ho"
10022212,ok,조세연,남,1960,강원대학교(연계),교수,재직,통사론(언어학),통사론 및 형태론,University of Illinois at Urbana - Champaign,박사,趙世演,Cho Sae Youn
10022213,ok,김태기,남,1963,서울대학교,연구교수,재직,지역정치,일본정치외교,一橋大學,박사,金太基,Kim Tae Ki
10022232,ok,김만수,남,1960,인하대학교(연계),명예교수,재직,현대희곡(국문학),"희곡론, 연극사, 문화콘텐츠",서울대학교,박사,金挽秀,KIM MANSU
10022267,ok,김종철,남,1961,대구한의대학교(연계),교수,재직,한문산문,한문문체,성균관대학교,박사,金鐘喆,"Kim, Jong-cheol"
10022279,ok,박희병,남,1956,서울대학교,교수,퇴직,고전산문,한국한문학,서울대학교,박사,朴熙秉,park hee-byoung
10022291,ok,서태길,남,1961,고려대학교,선임연구원,재직,의미론(국어학),,고려대학교,박사,徐兌吉,Seo Tae-Gil
10022293,ok,이정우,남,1959,경희사이버대학교(연계),교수,재직,서양근대프랑스철학,후기구조주의,서울대학교,박사,李正雨,Lee Jeong-Woo
10022300,ok,이형대,남,1962,고려대학교(연계),교수,재직,고전시가,고전시가,고려대학교,박사,李亨大,"Lee, Hyungdae"
10022327,ok,윤종일,남,1954,서일대학교,교수,재직,한국사,,경희대학교,박사,尹鐘一,Jong-Il Yoon
10022344,private,,,,,,,,,,,,
10022356,ok,서혁,남,1965,이화여자대학교(연계),교수,재직,국어교육,"읽기, 음성언어, 언어교육",서울대학교,박사,徐赫,Hyuk Suh
10022378,ok,선효숙,여,1954,경희대학교,교수,퇴직,프랑스어학,화용론 및 불어 교육,Univ. de Grenoble III (Univ. Stendhal),박사,宣孝淑,SUN Hyo-Sook
10022382,ok,권택영,여,1947,경희대학교,명예교수,퇴직,영미문학비평,소설 및 비평이론,Univ. of Nebraska at Lincoln,박사,權澤英,Teckyoung Kwon
10022431,ok,고순희,여,1957,국립부경대학교,교수,퇴직,고전시가,고전시가,이화여자대학교,박사,高淳姬,
10022453,ok,박혜경,여,1960,동국대학교,강사,재직,현대소설(국문학),현대소설,동국대학교,박사,朴惠涇,Park Hye-kyung
10022458,ok,박석문,남,1958,백석대학교,교수,재직,형태론(국어학),형태론,성균관대학교,박사,朴碩文,Seokmun Pak
10022483,ok,김홍범,남,1960,한남대학교,교수,재직,국어학,국어문법론,연세대학교,박사,,Hongbeom kim
10022484,private,,,,,,,,,,,,
10022496,ok,변종현,남,1955,경남대학교,교수,재직,고전시가,한국한시,연세대학교,박사,卞鍾鉉,Byun Jong Hyun
10022502,ok,신규탁,남,1959,연세대학교(연계),교수,재직,화엄학,중국 唐代의 화엄/선,東京大學,박사,,GYOO TAG SHIN
10022530,ok,우인혜,여,1960,선문대학교,교수,재직,국어학,국어 문법론,한양대학교,박사,禹仁惠,InHye woo
10022558,ok,신연우,남,1960,서울과학기술대학교,교수,퇴직,고전시가,시조,한국학중앙연구원,박사,申蓮雨,SHIN YEON WOO
10022585,ok,정승철,남,1963,서울대학교(연계),교수,재직,방언학(국어학),방언음운론,서울대학교,박사,鄭承喆,"Jung, Seung-chul"
10022603,ok,김귀석,남,1954,동신대학교,부교수,,고전산문,고전소설,조선대학교,박사,金貴錫,Kim kuy suck
10022606,ok,이정복,남,1968,대구대학교(연계),교수,재직,기타국어학,한국사회언어학,서울대학교,박사,李正福,Lee Jeongbok
10022627,ok,이승복,남,1959,홍익대학교,교수,퇴직,현대시(국문학),"율격론, 시창작론, 시교육론",홍익대학교,박사,,Sueng Bok LEE
10022661,ok,김태엽,남,*****,대구대학교,*****,*****,통사론(국어학),형태론,계명대학교,박사,,*****
10022662,ok,이동근,남,*****,대구대학교,*****,*****,한문산문,조선후기 한문학,서울대학교,박사,,*****
10022738,private,,,,,,,,,,,,
10022749,ok,장소원,여,1961,서울대학교(연계),교수,재직,국어학,통사론,Univ. de Paris V (Univ. Rene Descartes),박사,張素媛,"Chang, Sowon"
10022756,ok,이은규,남,1959,대구가톨릭대학교,명예교수,재직,국어사,"차자표기, 어휘사",대구가톨릭대학교,박사,李恩揆,Lee Eun-kyu
10022761,ok,김기호,남,1966,영남대학교(연계),교수,재직,구비문학(국문학),신화/전설/전래동화/민요/아동서사,영남대학교,박사,金基鎬,"Kim, Ki Ho"
10022771,ok,손찬식,남,1958,충남대학교(연계),교수,재직,한시,고전시가 및 한시,고려대학교,박사,孫燦植,"Son, Chan-Sik"
10022797,ok,권인한,남,1962,성균관대학교(연계),교수,재직,음운론(국어학),국어음운사,서울대학교,박사,權仁瀚,"KWON, INHAN"
10022802,private,,,,,,,,,,,,
10022808,ok,이향천,남,1955,충남대학교,교수,재직,의미론(언어학),,서울대학교,박사,李香釧,"Lee, Hyang-Cheon"
10022821,ok,황종연,남,1960,동국대학교(대학별),교수,재직,현대소설(국문학),한국현대소설의 비교문학적 연구,동국대학교,박사,,Jongyon Hwang
10022832,private,,,,,,,,,,,,
10022841,ok,정문상,남,1964,가천대학교(연계),교수,재직,중국현대사,"중국현대 대학교육제도, 대학문화, 상해사",연세대학교,박사,鄭文祥,Chung Moon Sang
10022852,ok,고재석,남,1956,동국대학교,석좌교수,재직,문학비평(국문학),"현대문학사, 시론",동국대학교,박사,,"Ko, Jae Seok"
10022865,ok,허원욱,남,1958,건국대학교,교수,재직,통사론(국어학),통사론(국어학),건국대학교,박사,許元旭,Huh wonwook
10022967,ok,박순애,여,1953,호남대학교,부교수,재직,정치사회/문화,일본정치사회,一橋大學,박사,朴順愛,Soonae Park
10022973,ok,김용재,남,1959,전주교육대학교,교수,재직,현대소설(국문학),한국근대소설론,전북대학교,박사,金容在,Yongjae Kim
10022976,ok,권희돈,남,*****,청주대학교,*****,*****,국문학,,명지대학교,박사,*****,*****
10022992,ok,배우성,남,1964,서울시립대학교(연계),교수,재직,조선후기사,"문화사, 사상사, 국제관계사, 역사지리",서울대학교,박사,裵祐晟,Bae Woo Sung
10022996,ok,정상철,남,1961,한국외국어대학교,교수,재직,통사론(일본어학),현대일본어통사론,大阪大學,박사,鄭相哲,Jung Sang Cheol
10022999,ok,민병진,남,*****,삼육대학교,*****,*****,비교문학(일본문학),한일비교문학,한국외국어대학교,박사수료,*****,*****
10023019,ok,안기수,남,1963,남서울대학교(연계),교수,재직,고전산문,고소설,중앙대학교,박사,,"Ahn, Gee Soo"
10023047,ok,신재기,남,*****,경일대학교,*****,*****,문학비평(국문학),한국현대문학비평,고려대학교,박사,*****,*****
10023068,ok,조병준,남,1958,인하대학교(연계),명예교수,재직,프랑스문학,현대불문학,Univ. de Rouen,박사,曺秉竣,CHO BYUNG JOON
10023072,ok,박영환,남,1953,한남대학교,교수,재직,의미론(국어학),,고려대학교,박사,朴英煥,"Park,Young-Hwan"
10023098,ok,신해진,남,*****,전남대학교,*****,*****,고전산문,고소설,고려대학교,박사,*****,*****
10023099,ok,김대현,남,1959,전남대학교,교수,퇴직,한시,호남한문학,성균관대학교,박사,金大鉉,Kim Dae-Hyun
10023142,ok,이영호,남,*****,제주대학교(연계),*****,*****,통사론(중국어학),중국어법,성균관대학교,박사,*****,*****
10023176,ok,정재영,남,1957,한국기술교육대학교,교수,재직,국어사,국어문법사,한국외국어대학교,박사,-鄭在永,-Chung Jaeyoung
10023185,ok,황루시,여,*****,가톨릭관동대학교,*****,*****,민속학(인류학),,이화여자대학교,박사,*****,*****
10023192,ok,이병헌,남,1955,대진대학교(연계),교수,,문학비평(국문학),,고려대학교,박사,李秉憲,BYUNGHUN LEE
10023208,ok,강상희,남,*****,경기대학교,*****,*****,현대소설(국문학),문학비평,서울대학교,박사,*****,*****
10023305,ok,김학성,남,*****,성균관대학교(연계),*****,*****,고전시가,"고대가요,향가,고려가요,시조,가사,잡가,악장",서울대학교,박사,,*****
10023306,ok,성해준,남,1960,동명대학교,명예교수,퇴직,일본사상,명심보감을 중심으로 한 일본의 유학사상,東北大學(JA),박사,成海俊,Haejun Sung
10023322,ok,홍석표,남,1966,이화여자대학교(연계),교수,재직,중국현대문학,魯迅 문학 및 중국현대문학,서울대학교,박사,洪昔杓,Seuk Pyo Hong
10023360,ok,박시균,남,1964,국립군산대학교(연계),교수,재직,음성학(언어학),"영어/한국어습득, 영어/한국어실험음성학",The University of Queensland,박사,,"Park, See gyoon"
10023389,ok,조세형,남,1962,서울시립대학교(연계),교수,재직,고전시가,,서울대학교,박사,趙世衡,Cho Se Hyoung
10023390,ok,하정일,남,1959,원광대학교,교수,퇴직,문학비평(국문학),한국현대문학비평,연세대학교,박사,河晸日,Ha Jeong Il
10023405,ok,염창권,남,*****,광주교육대학교,*****,*****,국어교육,초등문학교육론,한국교원대학교,박사,*****,*****
10023431,ok,정긍식,남,1963,서울대학교(연계),교수,재직,법사학,한국법제사,서울대학교,박사,鄭肯植,"Jung, GeungSik"
10023439,ok,박성종,남,*****,가톨릭관동대학교,*****,*****,국어사,이두,서울대학교,박사,*****,*****
10023443,ok,정원수,남,1959,충남대학교(연계),교수,재직,음운론(국어학),국어교육과,충남대학교,박사,鄭元洙,WON SOO JEONG
10023496,ok,김동철,남,1955,부산대학교,명예교수,퇴직,조선후기사,지역사,부산대학교,박사,金東哲,"KIM,DONG-CHUL"
10023504,ok,이명원,남,1970,경희대학교(연계),부교수,재직,문학비평(국문학),현대비평,성균관대학교,박사,李明元,Lee Myoung Won
10023543,ok,김호,남,1967,서울대학교(연계),HK교수,재직,조선후기사,문화사,서울대학교,박사,金澔,"KIM,HO"
10023560,ok,임성규,남,*****,광주교육대학교,*****,*****,의미론(국어학),,충남대학교,박사,*****,*****
10023575,ok,김윤규,남,*****,한동대학교,*****,*****,현대소설(국문학),개화기문학,경북대학교,박사,*****,*****
10023583,ok,강진호,남,*****,성신여자대학교(연계),*****,*****,현대소설(국문학),현대소설,고려대학교,박사,*****,*****
10023591,ok,김기혁,남,*****,경희대학교,*****,*****,통사론(국어학),국어문법론,연세대학교,박사,*****,*****
10023618,ok,이종묵,남,1961,서울대학교(연계),교수,재직,한시,조선시대한시,서울대학교,박사,李鍾默,"Lee,  Jongmook"
10023624,ok,이상규,남,1953,경북대학교,명예교수,재직,방언학(국어학),방언학,경북대학교,학사,李相揆,LEE SANG KYU
10023681,ok,정종진,남,*****,청주대학교,*****,*****,국문학,현대시,충남대학교,박사,*****,*****
10023733,ok,김호성,남,1960,동국대학교(대학별),교수,재직,인도철학,인도고대철학,동국대학교,박사,,"Kim, Ho Sung"
10023735,ok,양민정,여,1954,한국외국어대학교,교수,재직,고전산문,고전소설,이화여자대학교,박사,梁珉禎,Minjung Yang
10023762,ok,이행수,여,1952,대전대학교,교수,재직,셰익스피어,"영미 희곡,셰익스피어",충남대학교,박사,李幸洙,HaengSoo Lee
10023772,ok,윤여탁,남,1956,서울대학교,교수,퇴직,국어교육,현대시 교육,서울대학교,박사,尹汝卓,"Yoon,   Yeotak"
10023780,ok,신익호,남,1951,한남대학교,교수,재직,현대시(국문학),,전북대학교,박사,申翼浩,"Shin,Ik-Ho"
10023823,ok,이정옥,여,1956,위덕대학교,교수,퇴직,고전시가,고전시가,계명대학교,박사,李正玉,Jeong-Ok Lee
10023840,ok,부남철,남,1958,영산대학교,교수,퇴직,정치사상,한국정치사상,한국외국어대학교,박사,夫南哲,Bu Nam Chul
10023842,ok,이봉규,남,1960,인하대학교(연계),명예교수,재직,한국유가철학,조선시대 유학,서울대학교,박사,李俸珪,LEE  BONG KYOO
10023862,ok,임종찬,남,1945,부산대학교,교수,퇴직,,,부산대학교,박사,林鐘贊,"IM,JONG-CHAN"
10023865,ok,노창선,여,1954,한국교통대학교,교수,퇴직,국문학,,충북대학교,박사,盧 昌善,Kno ChangSeon
10023924,private,,,,,,,,,,,,
10023963,ok,임칠성,남,*****,전남대학교,*****,*****,국어교육,화법교육,전남대학교,박사,*****,*****
10023997,ok,염정섭,남,1964,한림대학교(연계),교수,재직,조선후기사,사회경제사,서울대학교,박사,廉定燮,"YEOM, JEONG SUP"
10024005,ok,채웅석,남,1958,가톨릭대학교(연계),명예교수,재직,고려시대사,"사회사, 정치사",서울대학교,박사,蔡雄錫,"Chai, Oong-seok"
10024032,ok,임재해,남,1952,국립경국대학교,교수,퇴직,민속학(인류학),"구비문학, 민속극, 설화",영남대학교,박사,林在海,Lim Jae-Hae
10024053,ok,박동근,남,1966,대진대학교(연계),부교수,재직,형태론(국어학),"조어론, 어휘론, 흉내말",건국대학교,박사,朴東根,Dongdeun Park
10024087,ok,천경록,남,*****,광주교육대학교,*****,*****,국어교육학,"국어과교육, 읽기 교육",한국교원대학교,박사,,
10024100,private,,,,,,,,,,,,
10024114,ok,전호태,남,*****,울산대학교,*****,*****,역사학,,서울대학교,박사,*****,*****
10024124,ok,윤정헌,남,1958,경일대학교,교수,퇴직,현대소설(국문학),"영상문학론, 통속소설사, 재외한인문학연구 등",영남대학교,박사,尹政憲,Jeong-Heun Youn
10024128,ok,안영훈,남,1965,경희대학교(연계),교수,재직,한시,한국한문학,경희대학교,박사,安永勳,An Young Hoon
10024133,ok,우정권,남,1963,단국대학교(연계),교수,재직,현대소설(국문학),스토리텔링,서울대학교,박사,禹 政 權,Woo Jeonggueon
10024143,ok,이철우,남,1961,연세대학교(연계),교수,재직,법사회학,법사회학,"The London School of Economics and Political Science, University of London",박사,,CHULWOO LEE
10024170,ok,현혜경,여,1953,한경국립대학교,부교수,재직,기타국문학,,이화여자대학교,박사,玄惠卿,Hyekyung Hyun
10024172,ok,유지현,여,1967,한경국립대학교(연계),교수,재직,한국현대사,,고려대학교,박사,柳志賢,Yu  Ji hyun
10024182,ok,한석수,남,1948,충북대학교,교수,퇴직,고전산문,,고려대학교,박사,韓碩洙,"Han, Seok-soo"
10024200,ok,정제문,남,1953,국립순천대학교(연계),교수,재직,기타동양어문학,몽골어학,서울대학교,박사,鄭堤文,Chong Che-mun
10024202,private,,,,,,,,,,,,
10024255,ok,권오현,남,1958,서울대학교,교수,퇴직,독일어교육,"문학교육, 독일문예학, 독일어교육",서울대학교,박사,,"Kwon,   OhHyun"
10024292,ok,이지호,남,*****,진주교육대학교,*****,*****,국어교육,아동문학,서울대학교,박사,*****,*****
10024330,ok,서정남,남,1960,계명대학교,교수,퇴직,영화,연극영화,Univ. de Nancy II,박사,徐廷南,"Seo,Jeong-nam"
10024334,private,,,,,,,,,,,,
10024341,ok,박건영,남,1957,가톨릭대학교(연계),명예교수,재직,국제관계/협력,동북아 안보,Univ. of Colorado - Boulder,박사,朴健榮,Kun Young Park
10024360,ok,민경모,남,1970,계명대학교(연계),교수,재직,한국어교육학,외국어로서의 한국어교육,연세대학교,박사,閔庚模,MINKYUNGMO
10024368,ok,권경근,남,1961,부산대학교(연계),교수,재직,음운론(국어학),음운론,Ludwig-Maximilians-Universitaet Muenchen,박사,權卿根,"Kwon, Kyungkeun"
10024373,ok,여찬영,남,1950,대구가톨릭대학교,교수,재직,형태론(국어학),,연세대학교,박사,呂燦榮,"Yeo,Chan-Young"
10024392,ok,신장섭,남,1960,경민대학교(대학별),교수,재직,한시,한국악부시,건국대학교,박사,申章燮,SHIN Jang Seop
10024401,private,,,,,,,,,,,,
10024405,ok,박동호,남,1960,경희대학교,교수,퇴직,통사론(언어학),"한국어교육, 한국어통사론, 대조언어학",Univ. du Quebec a Montreal,박사,朴東浩,Pak Dong Ho
10024444,ok,성낙수,남,1949,(사)세종대왕기념사업회,기타,재직,방언학(국어학),국어학,연세대학교,박사,成洛秀,Seong Nack Soo
10024447,ok,김영민,남,*****,우석대학교(대학별),*****,*****,민속학(인류학),,조선대학교,박사,*****,*****
10024453,ok,장경희,여,*****,한양대학교(연계),*****,*****,화용론(국어학),"통사의미론, 국어화용론",서울대학교,박사,*****,*****
10024470,ok,송재목,남,1963,한국외국어대학교,교수,재직,의미론(언어학),"시제, 양상, 양태, 증거성, 언어유형론, 문법화",School of Oriental and African Studies,박사,宋在穆,Jaemog Song
10024481,ok,초미희,여,1961,경기대학교(연계),교수,재직,음성/음운론(영어학),영어 음성 음운론,Indiana University at Bloomington,박사,,"Cho, Mi-Hui"
10024484,ok,심영택,남,*****,청주교육대학교(연계),*****,*****,국어교육학,,서울대학교,박사,*****,*****
10024492,ok,이상호,남,*****,한양대학교(연계),*****,*****,현대시(국문학),현대시,동국대학교,박사,*****,*****
10024500,ok,김윤희,여,1967,한남대학교,부교수,재직,한국근대사,사회경제사,고려대학교,박사,金允嬉,"KIM, YUN HEE"
10024533,ok,김하림,남,1956,조선대학교,교수,퇴직,중국현대문학,중국현대문학,고려대학교,박사,金河林,KIM halim
10024539,ok,이은구,남,1962,한국외국어대학교,교수,재직,인도어문학,근대힌디소설,Agra University,박사,李殷九,Eungu Lee
10024568,ok,노은희,여,1968,한국교육과정평가원,선임연구위원,재직,국어교육학,화법교육,서울대학교,박사,盧銀姬,Eunhee Noh
10024586,ok,채희윤,남,1954,광주여자대학교,부교수,재직,현대소설(국문학),,서강대학교,박사,蔡熙閏,che
10024590,ok,이수환,남,1956,영남대학교,명예교수,재직,조선후기사,향촌사회사,영남대학교,박사,李樹奐,"Lee, Soo Hwan"
10024594,ok,손지봉,여,1960,이화여자대학교,명예교수,퇴직,통역번역,한중통역번역,한국학중앙연구원,박사,孫志鳳,Ji-Bong Son
10024599,ok,이선이,여,1968,경희대학교(연계),교수,재직,현대시(국문학),문학비평,경희대학교,박사,李善伊,Lee Sun-Hee
10024600,ok,김인영,남,1960,한림대학교,교수,퇴직,정치경제,"국가-기업 관계, 발전국가론",University of Hawaii at Manoa,박사,金仁寧,In-Young Kim
10024614,ok,강연호,남,1963,원광대학교(연계),교수,재직,현대시(국문학),현대시(국문학)와 시창작,고려대학교,박사,姜鍊鎬,KANG YEON HO
10024621,ok,엄태수,남,1957,서경대학교,교수,재직,음운론(국어학),국어음운론,서강대학교,박사,,Om Te Su
10024646,ok,전영선,남,1965,건국대학교,조교수,재직,북한어문학,북한사회문화,한양대학교,박사,全永善,Youngsun Jeon
10024654,ok,이상우,남,*****,한남대학교,*****,*****,국문학,"소설론, 소설교육론, 문학교육론",한남대학교,박사,*****,*****
10024661,ok,박성창,남,1963,서울대학교,교수,퇴직,비교문학(국문학),,Univ. de Paris III (Univ. Sorbonne Nouvelle),박사,朴性昌,"Park, Sung Chang"
10024682,ok,권선정,남,1965,동명대학교(대학별),조교수,재직,역사지리,"문화역사지리, 풍수지리",한국교원대학교,박사,權善政,Seonjeong Kwon
10024699,ok,장영우,남,1956,동국대학교,교수,퇴직,현대소설(국문학),현대소설,동국대학교,박사,,"Jang, Young Woo"
10024700,ok,이성임,여,1962,서울대학교,연구원,재직,한국사,조선시대,인하대학교,박사,李成妊,Lee Sung-im
10024765,ok,김선주,여,1967,중앙대학교(연계),부교수,재직,한국사,한국고대사,한국학중앙연구원,박사,金善珠,"Kim, Sun Joo"
10024817,ok,표인주,남,1960,전남대학교,교수,퇴직,민속학(인류학),구비문학 및 민속학,전남대학교,박사,表仁柱,Pyo In Ju
10024853,private,,,,,,,,,,,,
10024863,ok,정병욱,남,*****,고려대학교(연계),*****,*****,한국근대사,사회경제사,고려대학교,박사,*****,*****
10024872,private,,,,,,,,,,,,
10024883,ok,이성주,남,*****,경북대학교(연계),*****,*****,고고학이론,원사고고학 기술고고학 토기고고학,서울대학교,박사,*****,
10024892,ok,구종남,남,1957,전북대학교(연계),교수,재직,통사론(국어학),통사론,전북대학교,박사,具鍾南,Koo Jong Nam
10024901,ok,신승환,남,1958,가톨릭대학교(연계),명예교수,재직,형이상학,형이상학/해석학,Univ. Regensburg,박사,申承煥,"Shin, Syng-hwan"
10024916,private,,,,,,,,,,,,
10024922,ok,이재명,남,1956,명지대학교,교수,재직,현대희곡(국문학),,연세대학교,박사,李載明,"Lee,Jai-Myung"
10024927,ok,연규동,남,1963,경성대학교 한국한자연구소,HK교수,재직,문자론(국어학),국어사,서울대학교,박사,延圭東,Gyudong Yurn
10024939,ok,전덕재,남,1962,단국대학교(연계),교수,재직,한국고대사,,서울대학교,박사,全德在,Jeon Deogjae
10024946,ok,김동춘,남,1959,성공회대학교,교수,재직,정치사회학/사회운동론,,서울대학교,박사,김동춘,Dong-Choon Kim
10024955,ok,인성기,남,1960,부산대학교,교수,퇴직,문학,독일문학,Leopold - Franzens Universitaet Innsbruck,박사,印誠基,Seongki In
10024962,ok,구갑우,남,1965,북한대학원대학교(대학별),교수,재직,국제정치경제,"외교/안보/통일, 평화연구",서울대학교,박사,具甲祐,Koo Kab-Woo
10024995,private,,,,,,,,,,,,
10025005,ok,주종택,남,1959,순천향대학교(연계),교수,재직,인류학,문화인류학,University of Connecticut,박사,朱宗鐸,Jong-Taick Joo
10025006,ok,김기형,남,1962,고려대학교,교수,퇴직,구비문학(국문학),,고려대학교,박사,金基珩,Kim kee Hyung
10025014,ok,임선애,여,*****,대구가톨릭대학교,*****,*****,현대소설(국문학),현대소설,대구가톨릭대학교,박사,*****,*****
10025041,ok,김재용,남,*****,원광대학교,*****,*****,문학비평(국문학),현대비평,연세대학교,박사,*****,*****
10025057,ok,박근수,남,1968,배재대학교(연계),교수,재직,관광개발,"관광개발, 노인학, 관광레저",Pennsylvania State Univ.,박사,朴根秀,KEUNSOO PARK
10025061,ok,임기중,남,1938,동국대학교,명예교수,재직,고전시가,향가.여요.시조.가사.연행록.금석문,동국대학교,박사,林基中,Key-Zung Lim
10025063,ok,이광호,남,1963,국립공주대학교(연계),교수,재직,어휘론(국어학),국어의미론(어휘사),경북대학교,박사,李光鎬,"Lee, Kwangho"
10025067,ok,박연호,남,1966,충북대학교(연계),교수,재직,고전시가,가사문학,고려대학교,박사,朴然鎬,"Park, Youn-ho"
10025071,private,,,,,,,,,,,,
10025082,ok,김문준,남,1962,건양대학교(연계),교수,재직,한국유가철학,한국유학,성균관대학교,박사,金文俊,Kim Moon Joon
10025100,ok,김현양,남,*****,명지대학교(연계),*****,*****,고전산문,한국고전소설,연세대학교,박사,*****,*****
10025114,ok,신희선,여,1967,숙명여자대학교,부교수,재직,북한정치/통일,북한/통일/여성정치,숙명여자대학교,박사,申熙善,Hee Sun Shin
10025134,ok,강현화,여,1963,연세대학교(연계),교수,재직,한국어교육학,한국어교육(문법),연세대학교,박사,,HYOUN HWA KANG
10025141,ok,박상기,남,1960,서강대학교,교수,퇴직,18/19C영미소설,18/19C영소설(A 3204),Indiana University at Bloomington,박사,朴相基,Sang-kee Park
10025142,ok,심영,남,1964,연세대학교(연계),교수,재직,상법,금융법,Queen Mary University London,박사,,Young Shim
10025147,ok,이주섭,남,1970,제주대학교(연계),교수,재직,국어교육학,"독서,작문, 화법교육",한국교원대학교,박사,,Lee Joo Sub
10025153,ok,정출헌,남,1959,부산대학교,교수,퇴직,한문소설,한문소설,고려대학교,박사,鄭出憲,"CHUNG, CHUL-HEON"
10025160,ok,정재훈,남,*****,경북대학교(연계),*****,*****,조선후기사,사상사,서울대학교,박사,,*****
10025168,ok,이명실,여,1960,숙명여자대학교,부교수,재직,교육사학,"일제강점기 교육, 일본 근대교육",筑波大學,박사,李明實,"Lee, Myungsil"
10025191,ok,이주형,남,*****,경기대학교,*****,*****,관광마케팅/상품,관광마케팅/관광자행동론,경기대학교,박사,*****,*****
10025203,ok,안은희,여,1972,가천대학교(연계),부교수,재직,생활/실내디자인,실내디자인 이론,가천대학교,박사,安恩喜,Ahn Eun-Hee
10025207,ok,유현경,여,1961,연세대학교(연계),교수,재직,통사론(국어학),국어통사론,연세대학교,박사,,Hyunkyung Yu
10025222,ok,황인교,여,1958,연세대학교,기타,재직,국문학,외국어로서의 한국어교육,이화여자대학교,박사,황인교,Inkyo Hwang
10025251,ok,오미영,여,1958,가천대학교(연계),교수,재직,신문방송학일반,신문방송,중앙대학교,박사,吳美榮,MEE YOUNG OH
10025285,ok,신희삼,남,1958,동신대학교,부교수,퇴직,의미론(국어학),,원광대학교,박사,辛喜森,SHIN HEE SAM
10025324,ok,유석훈,남,*****,고려대학교(연계),*****,*****,응용언어학,"심리언어학, 기능문법, 언어습득, 한국어교육",University of Hawaii at Manoa,박사,*****,*****
10025381,ok,최운호,남,*****,국립목포대학교(연계),*****,*****,전산언어학,자연어처리/문법론/국어정보학,서울대학교,박사,,*****
10025398,ok,장선희,여,*****,광주보건대학교,*****,*****,국문학,한국근대한문학,전남대학교,박사,*****,*****
10025407,ok,배항섭,남,1960,성균관대학교,교수,퇴직,한국근대사,근대이행기 사회사,고려대학교,박사,裵亢燮,"BAE, HANG SEOB"
10025410,ok,이순옥,여,1959,경운대학교,강사,재직,국문학,,영남대학교,박사,李順玉,"lee,soon-ok"
10025413,ok,김춘식,남,*****,동국대학교(대학별),*****,*****,현대시(국문학),"미적 근대성과 문학관념, 제도의 형성",동국대학교,박사,*****,*****
10025417,ok,송재용,남,1957,단국대학교,교수,퇴직,고전산문,고전일기,단국대학교,박사,宋宰鏞,Song Jaeyong
10025427,ok,최석기,남,1955,경상국립대학교,명예교수,퇴직,한국경학,한국경학,성균관대학교,박사,崔錫起,Choi Seok-Ki
10025433,ok,임명진,남,*****,전북대학교(연계),*****,*****,현대소설(국문학),한국현대소설사,전북대학교,박사,*****,*****
10025440,ok,이남희,여,*****,원광대학교(연계),*****,*****,문화사(역사학),"한국근세사, 문화콘텐츠",한국학중앙연구원,박사,*****,*****
10025468,ok,손정일,남,1959,연세대학교 중국연구원,연구원,재직,중국고전문학,중어중문/청대고증학/한국어/한국어교육,연세대학교,박사,孫正一,JEONG IL SOHN
10025474,ok,정용욱,남,1960,서울대학교,교수,퇴직,한국현대사,한국현대사,서울대학교,박사,鄭容郁,"CHUNG, Yong Wook"
10025475,ok,강인선,여,*****,성공회대학교,*****,*****,음성/음운론(일본어학),"표기법, 음성/음운론, 방언",서울대학교,박사,*****,*****
10025482,ok,오미일,여,*****,부산대학교,*****,*****,한국현대사,"한국경제사, 한국사회사, 독립운동사, 지역사",성균관대학교,박사,*****,*****
10025483,ok,김선기,남,1948,충남대학교,교수,퇴직,고전시가,,전북대학교,박사,金善祺,"Kim,Sun-Ki"
10025506,ok,정재찬,남,1962,한양대학교(연계),교수,재직,국어교육학,문학교육,서울대학교,박사,鄭在瓚,JAECHAN JEONG
10025508,ok,안장리,남,1962,한국종교문화연구소,연구원,재직,문학사,한국어문학,한국학중앙연구원,박사,安章利,"An, Jang-li"
10025525,ok,김기중,남,1954,순천향대학교,교수,퇴직,현대소설(국문학),한국현대시,고려대학교,박사,김기중,"Kim,Ki-Joong"
10025531,ok,조수현,남,*****,원광대학교,*****,*****,서예,한국서예사,원광대학교,박사,*****,*****
10025565,ok,윤일수,여,1967,한림대학교,겸임교수,재직,기타사회복지학,사회복지실천,영남대학교,박사,尹日受,Il-Soo Yoon
10025567,ok,엄경흠,남,1959,신라대학교,교수,퇴직,고전시가,한시 및 고려시가,동아대학교,박사,,Eom Gyeong Huem
10025629,ok,윤승준,남,1963,단국대학교(연계),교수,재직,고전산문,소설 우언 설화,단국대학교,박사,尹勝俊,Yoon Seungjoon
10025637,private,,,,,,,,,,,,
10025639,ok,공병석,남,1966,계명대학교(연계),조교수,재직,경학(중문학),중문학,國立臺灣師範大學,박사,孔炳奭,Byung Suk Kong
10025643,ok,김영만,여,*****,서울대학교,*****,*****,한국어교육학,외국어로서의 한국어 교육,한국외국어대학교,박사,,*****
10025650,ok,이연숙,여,1956,동의대학교,명예교수,퇴직,고전시가,고전시가,부산대학교,박사,李姸淑,"Lee, Yeon-Suk"
10025653,ok,신은경,여,1959,우석대학교(대학별),교수,재직,비교문학,"비교문학, 고전시가",서강대학교,박사,辛恩卿,Eunkyung Shin
10025667,ok,양병호,남,1960,전북대학교,교수,퇴직,현대시(국문학),현대시,전북대학교,박사,楊秉浩,Yang Byungho
10025701,ok,임헌규,남,1966,강남대학교(연계),교수,재직,동양철학,유가철학,한국학중앙연구원,박사,林憲圭,Lim heongyu
10025702,ok,임치균,남,1960,한국학중앙연구원,교수,퇴직,고전산문,고전소설,서울대학교,박사,林治均,Lim Chi-kyun
10025706,ok,박동욱,남,1970,한양대학교(연계),부교수,재직,한시,조선후기 한시,성균관대학교,박사,朴東昱,Park Dong uk
10025716,ok,방병선,남,1960,고려대학교(연계),명예교수,재직,미술사,"동양미술사, 한국미술사, 도자사",동국대학교,박사,方炳善,BANG BYUNG SUN
10025719,ok,박상천,남,1955,한양대학교(연계),명예교수,재직,기타인문학,"문화콘텐츠 기획, 문화콘텐츠 정책, 문화콘텐츠 산업",동국대학교,박사,朴相泉,Park Sang Chun
10025724,ok,안명철,남,1956,인하대학교(연계),명예교수,재직,통사론(국어학),"국어 내포 및 접속문, 이중주어 구문, 주어경어법",서울대학교,박사,安明哲,AHN MYONG CHUL
10025725,ok,황민아,여,*****,단국대학교(연계),*****,*****,언어치료교육,신경언어장애,Univ. of Minnesota,박사,*****,*****
10025726,ok,김효신,여,1961,대구가톨릭대학교,명예교수,퇴직,비교문학(국문학),"비교문학, 이탈리아문학, 시비평",영남대학교,박사,金孝信,HyoShin Kim
10025744,ok,안남일,남,1967,고려대학교(연계),교수,재직,현대소설(국문학),현대소설,고려대학교,박사,安男？,AN NAM IL
10025756,ok,김광희,남,1965,광양보건대학교,부교수,퇴직,의미론(국어학),국어통사의미론(통합문법),전남대학교,박사,金光熙,"Kim, Kwanghee"
10025786,ok,송인재,남,1977,한림대학교(연계),부교수,재직,중국철학,중국현대철학,성균관대학교,박사,宋寅在,Song Injae
10025801,ok,송기한,남,1962,대전대학교(연계),교수,재직,현대시(국문학),현대시,서울대학교,박사,宋起漢,KiHan Sohng
10025807,ok,이정민,남,1939,서울대학교,명예교수,퇴직,의미론(언어학),"의미론-통사론, 화용론, 언어습득, 인지과학",Indiana University at Bloomington,박사,李廷玟,Chungmin Lee
10025818,private,,,,,,,,,,,,
10025819,ok,민은경,여,*****,서울대학교(연계),*****,*****,18/19C영미소설,18세기 문학/ 철학,Princeton Univ.,박사,*****,*****
10025820,ok,김종명,남,1955,금강대학교,연구교수,재직,지역불교및불교사연구,"해외한국학, 국가와 불교, 선사상, 불교문화",University of California at LA,박사,金鍾明,Jongmyung Kim
10025821,ok,박혜숙,여,1953,건국대학교,교수,재직,현대시(국문학),"국문학(시론,아동문학)",건국대학교,박사,朴惠淑,
10025825,ok,김지연,여,1963,가톨릭대학교(연계),교수,재직,현대시(국문학),현대시론,숙명여자대학교,박사,金志姸,"Kim, Ji-yeon"
10025877,private,,,,,,,,,,,,
10025884,ok,남성우,남,1941,한국외국어대학교,교수,재직,의미론(국어학),15세기 동의어,서울대학교,박사,南星祐,"Nam,Sung-Woo"
10025892,ok,변주승,남,1962,전주대학교(연계),교수,재직,조선후기사,사회사,고려대학교,박사,邊柱承,Byeon Ju-Seoung
10025896,ok,이은혁,남,1965,한국전통문화대학교,강사,재직,한문학,한문학 & 서예학,성신여자대학교,박사,李銀赫,Lee Eun Hyuk
10025956,ok,박미영,여,1957,백석대학교,교수,퇴직,고전시가,시조,한국학중앙연구원,박사,朴美英,Mi-Young Park
10025965,ok,허혜정,여,1966,숭실사이버대학교(대학별),부교수,재직,현대시(국문학),"현대시론,비교문학",동국대학교,박사,許惠貞,Huh Hyejung
10025966,ok,유호진,남,1964,고려대학교,강사,재직,한시,"여말선초, 조선전기 한시",고려대학교,박사,柳浩珍,"Yu, Ho-Jin"
10025971,ok,유형선,남,1961,순천향대학교(연계),교수,재직,의미론(국어학),통사의미론,고려대학교,박사,柳亨善,Hyoungsun  Yoo
10026005,ok,이창민,남,1967,고려대학교(연계),교수,재직,현대시(국문학),한국현대시사,고려대학교,박사,李昌珉,"LEE, Changmin"
10026018,ok,김상일,남,1960,동국대학교(대학별),교수,재직,한시,한국한문학,동국대학교,박사,,Kim Sang-Il
10026019,ok,김승룡,남,1967,부산대학교(연계),교수,재직,한시,한시,고려대학교,박사,金承龍,Kim seung ryong
10026020,ok,정명숙,여,1970,부산외국어대학교,교수,재직,한국어교육학,현대국어음성학,고려대학교,박사,鄭明淑,Myungsook Jung
10026023,ok,임준철,남,1970,고려대학교(연계),교수,재직,한시,조선 중기 한시 및 한문비평,고려대학교,박사,林濬哲,Lim Jun Chul
10026032,ok,장윤희,남,1965,서울대학교(연계),교수,재직,국어사,국어사,서울대학교,박사,張允熙,Jang Yoonhee
10026044,ok,김진해,남,1968,경희대학교(연계),교수,재직,의미론(국어학),국어의미론,경희대학교,박사,金鎭海,Kim Jin Hae
10026045,ok,김정석,남,*****,동국대학교(대학별),*****,*****,인구/노인/지역사회학,노년사회학,"Univ.of Michigan, Ann Arbor",박사,*****,*****
10026053,ok,이철우,남,1965,동의대학교(연계),교수,재직,국문학,현대문학,고려대학교,박사,李澈雨,Lee cheol-woo
10026059,ok,김정숙,여,1974,충남대학교(연계),교수,재직,현대소설(국문학),문학이론 문학비평 글쓰기,충남대학교,박사,김정숙,Kim Jeongsook
10026091,ok,임승휘,남,1965,선문대학교,교수,재직,프랑스사,프랑스 근대사,Univ. de Paris IV (Paris - Sorbonne),박사,,LIM Seung Hwi
10026097,ok,이원재,남,1971,한국과학기술원(연계),부교수,재직,경제/조직사회학,"연결망, 계층, 노동시장, 지위, 권력, 교환",Univ. of Chicago,박사,,Wonjae Lee
10026104,ok,곽정식,남,1947,경성대학교,교수,퇴직,고전산문,고전산문,부산대학교,박사,郭正植,Kwak Jung-Sik
10026118,ok,김재용,남,*****,원광대학교(연계),*****,*****,고전산문,,서강대학교,박사,*****,
10026147,ok,박형익,남,1953,경기대학교,명예교수,퇴직,사전학,한국 사전학,Univ. de Paris VII,박사,朴亨翌,PAK Hyong-ik
10026162,ok,신두원,남,1962,민족문학사학회,강사,재직,문학비평(국문학),,서울대학교,석사,辛斗遠,Doowon Shin
10026163,ok,문영진,남,*****,전북대학교(연계),*****,*****,국어교육,"문학교육,국어교육",서울대학교,박사,*****,*****
10026179,ok,김유중,남,1965,서울대학교(연계),교수,재직,현대시(국문학),현대시론,서울대학교,박사,金裕中,"Kim, Youjoong"
10026184,ok,남기혁,남,1964,국립군산대학교(연계),교수,재직,현대시(국문학),A1208 현대시,서울대학교,박사,,"Nam, Ki hyeog"
10026199,ok,이병훈,남,1958,중앙대학교,교수,퇴직,산업/노동사회학,조직사회학/노사관계학,Cornell Univ.,박사,李秉勳,Lee Byoung-Hoon
10026217,ok,정철희,남,1962,전북대학교(연계),교수,재직,정치사회학/사회운동론,"사회운동 정치사회학, 한국학",State University of New York at Buffalo,박사,鄭喆熙,Chung Chulhee
10026218,ok,김기혁,남,1953,부산대학교,교수,재직,지리학,문화역사지리학,서울대학교,박사,金基赫,"Kim, Ki-Hyuk"
10026223,ok,양길석,남,1967,가톨릭대학교(연계),교수,재직,교육평가,교육평가 및 측정,고려대학교,박사,梁吉錫,Kilseok Yang
10026226,ok,김경미,여,1960,이화여자대학교,부교수,재직,고전산문,여성문학,이화여자대학교,박사,金庚美,Kyungmi Kim
10026228,ok,김경숙,여,1963,한신대학교,강사,재직,한문학,"한시, 한문산문",이화여자대학교,박사,金景淑,KyungSook Kim
10026265,ok,박미라,여,1963,동방문화대학원대학교 불교문예연구소,연구원,재직,중국종교,유교,서울대학교,박사,朴美羅,Park Mi-Ra
10026268,ok,이헌주,남,1966,국사편찬위원회,공무원,재직,한국사,한국근대사,고려대학교,박사,李憲柱,Heonjoo Lee
10026287,private,,,,,,,,,,,,
10026331,ok,허용,남,1955,한국외국어대학교,명예교수,재직,한국어교육학,음운론,School of Oriental and African Studies,박사,許龍,Heo Yong
10026332,ok,김명희,여,1962,한양대학교(연계),교수,재직,화용론(언어학),담화분석,Univ. of Oregon,박사,김명희,Myung-Hee Kim
10026362,ok,김익두,남,*****,전북대학교,*****,*****,연극이론,한국연극이론,전북대학교,박사,*****,*****
10026365,ok,이택동,남,1965,가톨릭대학교(연계),교수,재직,한시,한국한문학,서강대학교,박사,李澤東,"Lee, Taek-dong"
10026367,ok,김수이,여,1968,경희대학교(연계),교수,재직,현대시(국문학),현대시비평,경희대학교,박사,金壽伊,Kim Su Yee
10026386,ok,김용재,남,1967,성신여자대학교(연계),교수,재직,한문교육,한국유학(경학),성균관대학교,박사,金容載,Kim Yong-Jae
10026389,ok,유성상,남,1972,서울대학교(연계),교수,재직,비교교육학,교육사회학/성인교육학,"Univ. of California, Los Angeles",박사,劉聖相,"Yoo, Sung-Sang"
10026453,ok,김흥규,남,1947,고려대학교,명예교수,퇴직,고전시가,,고려대학교,박사,金興圭,Heung-Kyu Kim
10026457,ok,조규익,남,1957,사단법인 한국문학과예술연구소,책임연구원,재직,국문학사,한국시가,연세대학교,박사,曺圭益,Kyu Ick Cho
10026471,ok,조남욱,남,1951,부산대학교,명예교수,퇴직,인문학,,성균관대학교,박사,趙南旭,"CHO,NAM-UK"
10026483,ok,이상구,남,1959,국립순천대학교,교수,퇴직,고전산문,고전소설,고려대학교,박사,李尙九,Sang-Gu Lee
10026487,ok,이승재,남,1955,서울대학교,교수,퇴직,국어사,국어학,서울대학교,박사,李丞宰,"Lee,  SeungJae"
10026521,ok,송명희,여,1952,국립부경대학교,명예교수,퇴직,현대소설(국문학),현대문학,고려대학교,박사,宋明姬,"Song, Myunghee"
10026525,ok,강민구,남,1966,경북대학교(연계),교수,재직,한문비평,한국한문학비평론,성균관대학교,박사,姜玟求,"Kang, Min - Koo"
10026528,ok,최용호,남,1966,한국외국어대학교,교수,재직,기호학(프랑스어학),일반언어학(의미론),Univ. de Paris X (Univ. de Paris Nanterre),박사,崔龍鎬,Yong Ho Choi
10026534,ok,김진기,남,1962,건국대학교,교수,재직,현대소설(국문학),현대소설,건국대학교,박사,,Jingi Kim
10026540,ok,연갑수,남,*****,서울대학교,*****,*****,조선후기사,정치사,서울대학교,박사,*****,*****
10026541,ok,최동주,남,1958,영남대학교,교수,퇴직,형태론(국어학),"통사론, 문법사, 한국어교육학",서울대학교,박사,崔東柱,"Choi, Dong Ju"
10026562,ok,조태성,남,1970,전남대학교(연계),교수,재직,고전시가,"한문학, 고전시가",전남대학교,박사,趙泰晟,CHO TAESEONG
10026573,ok,강형철,남,1955,숭의여자대학교,조교수,재직,인문학,,숭실대학교,박사,姜亨喆,"Kang, Hyeong-Cheol"
10026585,ok,신병주,남,1963,건국대학교,교수,재직,한국사,조선시대사,서울대학교,박사,申炳周,shin byung ju
10026586,ok,정하영,남,*****,이화여자대학교,*****,*****,고전산문,고전소설,서울대학교,박사,*****,*****
10026592,ok,최재희,남,1949,조선대학교,교수,퇴직,통사론(국어학),"국어문법론(형태론,통사론)",성균관대학교,박사,崔在喜,Choi Jae-hee
10026595,ok,김현주,여,1961,한양대학교(연계),명예교수,재직,현대소설(국문학),현대소설,연세대학교,박사,金鉉珠,"KIM, HYUNJU"
10026596,ok,이윤희,여,1951,,교수,퇴직,한국근대사,한국독립운동사,원광대학교,박사,李侖禧,Lee Yun Hee
10026636,ok,김무식,남,1963,경성대학교,교수,재직,음운론(국어학),음운(성)학/ 국어사,경북대학교,박사,金武植,"Kim, Moo-Sik"
10026637,ok,이재기,남,1969,조선대학교(연계),교수,재직,국어교육학,국어교육/작문교육/교육과정/교수학습,한국교원대학교,박사,李在基,LEE JAE-KI
10026639,ok,정승진,남,1968,성균관대학교(연계),부교수,재직,경제사/학사,한국경제사,성균관대학교,박사,鄭勝振,"CHUNG, SEUNG-JIN"
10026681,ok,유원기,남,1964,계명대학교(연계),교수,재직,철학,"서양고대철학(브리스톨대),한국철학",성균관대학교,박사,兪原基,"Yoo, Weon Ki"
10026729,ok,김정훈,남,1961,한경국립대학교,강사,재직,현대시(국문학),현대시,한양대학교,박사,金正勳,Kim Jeonghun
10026740,ok,정현백,여,1953,성균관대학교,교수,퇴직,서양현대사,독일노동사,Ruhr - Univ. Bochum,박사,鄭鉉栢,"CHUNG, HYUNBACK"
10026750,ok,김성룡,남,1960,호서대학교(연계),교수,재직,고전비평,국어국문학,서울대학교,박사,金成龍,SoungRyong Kim
10026782,ok,이윤경,여,1972,성신여자대학교,강사,재직,고전산문,구비문학(설화),성신여자대학교,박사,李倫慶,YunGyeong Lee
10026785,ok,강범모,남,1958,고려대학교,명예교수,퇴직,의미론(언어학),"의미론, 전산언어학",Brown Univ.,박사,姜汎模,"Kang, Beom-mo"
10026793,ok,최인자,여,1966,가톨릭대학교(연계),교수,재직,문학교육,문학교육,서울대학교,박사,崔仁子,Choi In Ja
10026799,ok,박현수,남,1966,경북대학교(연계),교수,재직,현대시(국문학),현대시 이론 및 창작,서울대학교,박사,朴賢洙,Hyunsoo Park
10026825,ok,한송화,여,1968,연세대학교(연계),교수,재직,국어학,통사론/ 한국어 교육,연세대학교,박사,,Song Hwa Han
10026827,ok,김연재,남,1958,국립공주대학교,교수,퇴직,중국철학,유가철학/역학/성리학,北京大學,박사,金演宰,"Kim, Yon-jae"
10026863,ok,김정신,여,1961,경북대학교 인문학술원,연구원,재직,현대시(국문학),한국근·현대시,경북대학교,박사,金貞信,"Kim, Jeong-shin"
10026876,ok,장시광,남,1969,경상국립대학교(연계),교수,재직,고전산문,고전소설,서울대학교,박사,張時光,Si-Kwang Chang
10026877,ok,황금연,남,1964,전남대학교 한국어문학연구소,연구원,재직,국어사,"어휘사, 차자표기법",전남대학교,박사,黃錦淵,"Hwang,Geum-Yeon"
10026908,ok,최기숙,여,1968,연세대학교(연계),교수,재직,국문학,"고전산문: 고소설, 고전서사, 한국학",연세대학교,박사,,Keysook Choe
10026910,ok,송성욱,남,1966,가톨릭대학교(연계),교수,재직,고전산문,고전소설,서울대학교,박사,宋晟旭,"Song, Sung-uk"
10026915,ok,정명기,남,*****,원광대학교,*****,*****,고전산문,야담문학,연세대학교,박사,*****,*****
10026925,ok,김순양,남,1958,영남대학교,명예교수,퇴직,기타행정학,"정부관료제, 정부혁신, 복지행정, 사회정책",서울대학교,박사,金淳陽,"Kim, Soon Yang"
10026928,ok,박진숙,여,1967,충북대학교(연계),교수,재직,현대소설(국문학),"현대소설, 현대비평론, 문화론",서울대학교,박사,朴眞淑,"Park, Jin-sook"
10026932,ok,안주호,여,1964,남서울대학교(연계),부교수,재직,통사론(언어학),한국어교육,연세대학교,박사,,"Ahn, Joo-hoh"
10026946,ok,김성곤,남,1949,서울대학교,교수,퇴직,현대영미소설,미국문학,State University of New York at Buffalo,박사,金聖坤,"Kim, Seong Kon"
10026951,ok,이후일,남,1957,선문대학교,부교수,재직,응용언어학(중국어학),중국어학,上海師範大學,박사,李厚一,LEE HOOILl
10026962,ok,이미림,여,1962,강원대학교(연계),교수,재직,현대소설(국문학),한국현대소설,숙명여자대학교,박사,李美林,
10026974,ok,채근병,남,1970,강원대학교,강사,미취업,현대소설(국문학),현대소설,경희대학교,박사,채근병,KeunByung Che
10026995,ok,은기수,남,1962,서울대학교(연계),교수,재직,인구/노인/지역사회학,"인구학, 가족사회학, 지역사회학, 사회학방법론",Univ. of Pennsylvania,박사,殷棋洙,"EUN, KI-SOO"
10027015,ok,김성보,남,1962,연세대학교(연계),교수,재직,한국현대사,한국현대사,연세대학교,박사,,Seong Bo Kim
10027016,ok,이혜원,여,1966,고려대학교(연계),교수,재직,현대시(국문학),현대시,고려대학교,박사,李惠媛,Lee Hye Won
10027057,ok,문혜원,여,1965,아주대학교(연계),교수,재직,문학,문학및문화비평,서울대학교,박사,文惠園,"Mun, Hyewon"
10027067,ok,주기평,남,1967,서울대학교,강사,재직,중국시,중국고전시 작가론 작품론 비평론,서울대학교,박사,朱基平,Gipyeong Ju
10027077,ok,백원기,남,1954,동방문화대학원대학교,부교수,퇴직,19C영미시,불교문예,동국대학교,박사,白元基,Baek won gi
10027108,ok,임규찬,남,*****,성공회대학교,*****,*****,평론,한국 현대비평,성균관대학교,박사,*****,*****
10027116,ok,김문경,,1952,京都大學,교수,재직,중국어학,중국어학,,박사,金文京,Kim Moon Kyong
10027136,private,,,,,,,,,,,,
10027168,ok,김예림,여,1969,연세대학교(연계),부교수,재직,국문학,근현대소설,연세대학교,박사,,Yerim Kim
10027169,ok,김경호,남,*****,성균관대학교(연계),*****,*****,중국고대사,진한시대사,성균관대학교,박사,*****,*****
10027170,ok,김재영,남,1962,연세대학교,강사,재직,현대소설(국문학),현대소설,연세대학교,박사,金宰瑩,Jaeyeong Kim
10027172,ok,윤채근,남,1965,단국대학교(연계),교수,재직,한문소설,한문소설,고려대학교,박사,尹采根,Yoon ChaeKeun
10027176,ok,강석근,남,1960,세명대학교,기타,재직,고전시가,"문화콘텐츠, 스토리텔링, 고전 시가",동국대학교,박사,姜錫瑾,Kang-seogkeun
10027210,ok,최호철,남,*****,고려대학교(연계),*****,*****,의미론(국어학),국어어휘의미론,고려대학교,박사,*****,*****
10027213,ok,정연봉,여,1954,한남대학교,대학원생,재직,상담심리/심리치료,동양적 상담이론,한남대학교,박사수료,鄭然峰,"Jung, Youn-Bong"
10027241,ok,신원기,남,1969,부산교육대학교,강사,재직,고전산문,고전문학교육론,부산대학교,석사,,"Shin, Won-Gie"
10027260,ok,백두현,남,1956,경북대학교,명예교수,퇴직,음운론(언어학),음운론/국어사,경북대학교,박사,白斗鉉,PAEK DOO HYEON
10027271,ok,이기인,남,1956,한림대학교,교수,퇴직,문학비평(국문학),,고려대학교,박사,李起仁,
10027275,ok,이창수,남,1973,경상국립대학교,공무원,재직,국어교육학,,,,,
10027288,ok,조남호,남,1964,명지대학교(연계),교수,재직,어휘론(국어학),,서울대학교,박사,趙南浩,"Cho, Namho"
10027294,ok,한승미,여,1964,연세대학교(연계),부교수,재직,문화인류학,"문화와 정치경제,  gender, consumption",Harvard University,박사,,Han Seung-Mi
10027296,ok,구자황,남,1968,숙명여자대학교,부교수,재직,현대소설(국문학),작가작품론,성균관대학교,박사,具滋晃,"Gu, Jahwang"
10027320,ok,정찬영,남,1965,동서대학교,교수,재직,현대소설(국문학),현대소설,부산대학교,박사,鄭燦榮,Jung Chan-Young
10027351,ok,장석원,남,1969,광운대학교(연계),교수,재직,현대시(국문학),현대시,고려대학교,박사,張錫原,"Jang, Seok-won"
10027357,ok,박숙희,여,1966,충남대학교,강사,재직,음운론(국어학),운율론,충남대학교,박사,朴淑姬,Bak Sukhui
10027362,ok,한정한,남,1962,단국대학교(연계),교수,재직,국어학,국어학,State University of New York at Buffalo,박사,韓政翰,"Han, Jeonghan"
10027386,private,,,,,,,,,,,,
10027388,private,,,,,,,,,,,,
10027394,ok,김용경,남,1962,경동대학교(연계),교수,재직,형태론(국어학),형태의미론,건국대학교,박사,金容慶,KIM YOUNG KYUNG
10027402,ok,유성선,남,1964,강원대학교(연계),교수,재직,동양철학일반,한국철학,중앙대학교,박사,兪成善,"Yoo, SungSeon"
10027405,ok,이기훈,남,1968,연세대학교(연계),교수,재직,한국근대사,근대사회사,서울대학교,박사,,Kihoon Lee
10027414,ok,박미리,여,1957,용인대학교,교수,재직,기타연극,"연극치료, 교육연극, 희곡 연구",이화여자대학교,박사,朴美利,Miri Park
10027420,ok,서정목,남,1948,서강대학교,교수,퇴직,국어학,"문법론, 통사론",서울대학교,박사,徐禎穆,Chung Mok Suh
10027428,ok,차충환,남,1966,경희대학교(연계),교수,재직,고전산문,고전소설,경희대학교,박사,車充煥,Cha Chung-Hwan
10027430,ok,이규춘,남,1959,충남대학교,강사,재직,기타인문학,한국한문학,충남대학교,박사,이규춘,"Lee,Kyu-Choon"
10027451,ok,김문주,남,1969,영남대학교(연계),교수,재직,현대시(국문학),현대시,고려대학교,박사,金文柱,"Kim, Mun ju"
10027462,ok,강석중,남,1961,인제대학교(연계),교수,재직,한시,한국한문학,서울대학교,박사,姜晳中,Kang Seok Jung
10027463,ok,정경일,남,*****,건양대학교,*****,*****,국어사,"한자음, 표기법, 광고언어",고려대학교,박사,*****,*****
10027482,ok,유흔우,남,1958,동국대학교,교수,퇴직,중국철학,주역철학,동국대학교,박사,劉欣雨,"Yoo, Heun-Woo"
10027491,ok,김인규,남,1970,서울대학교,연구원,재직,국어학,,경기대학교,학사,金仁圭,"kim,In-Kyu"
10027506,ok,조동일,남,1939,서울대학교,명예교수,재직,비교문학(국문학),한국문학사의 비교문학적 연구,서울대학교,박사,趙東一,Cho Dong-il
10027521,ok,김기영,남,1965,충남대학교(연계),교수,재직,국문학,고전시가,충남대학교,박사,金起瑩,"Kim, Ki-young"
10027535,ok,이미순,여,1963,충북대학교(연계),교수,재직,문학비평(국문학),현대비평,서울대학교,박사,李 美 荀,"Lee, Mi-soon"
10027556,ok,송기중,남,*****,서울대학교,,*****,국어사,"국어사, 계통론",Harvard University,박사,,
10027558,ok,최혜진,여,1969,목원대학교,부교수,재직,고전산문,고전소설 구비문학 국어교육,숙명여자대학교,박사,崔惠璡,"Choi, Hye-Jin"
10027586,ok,김춘섭,남,1941,전남대학교,교수,퇴직,문학비평(국문학),"현대소설 및 문학비평, 한국문학사",고려대학교,박사,金春燮,ChoonSupKim
10027594,ok,김종철,남,1957,서울대학교,교수,퇴직,국어교육,한국고전문학교육,서울대학교,박사,金鍾澈,"Kim, Jongcheol"
10027598,ok,이선희,여,*****,Wellesley College,*****,*****,통사론(언어학),한국어 통사 의미론,The Ohio State Univ.,박사,,*****
10027606,ok,권지연,여,1965,홍익대학교(연계),부교수,재직,미술사,,Princeton Univ.,박사,,Kwon Cheeyun
10027619,private,,,,,,,,,,,,
10027639,private,,,,,,,,,,,,
10027665,ok,조현용,남,1966,경희대학교(연계),교수,재직,한국어교육학,한국어교육,경희대학교,박사,趙顯龍,Cho Hyunyong
10027694,ok,원용진,남,1957,서강대학교,교수,퇴직,방송·영상,"문화이론, 방송제작.",University of Wisconsin - Madison,박사,元容鎭,Yong-Jin Won
10027701,private,,,,,,,,,,,,
10027705,private,,,,,,,,,,,,
10027743,ok,고영근,남,1936,서울대학교,명예교수,퇴직,형태론(국어학),국어형태론/텍스트이론,서울대학교,석사,高永根,Ko Yong-Kun
10027749,ok,한귀은,여,1971,경상국립대학교(연계),교수,재직,국어교육,문학교육,부산대학교,박사,韓貴恩,HAN GWI EUN
10027767,ok,송진숙,여,1968,배재대학교(연계),교수,재직,유아교육,,Pennsylvania State Univ.,박사,宋珍淑,JINSUK SONG
10027770,private,,,,,,,,,,,,
10027771,ok,임완혁,남,1965,영남대학교(연계),교수,재직,한문소설,한문소설,성균관대학교,박사,任完爀,Im Wan Hyuk
10027803,ok,김태환,남,*****,서울대학교(연계),*****,*****,문예학(독일문학),"소설 이론, 기호학",Universitaet Klagenfurt,박사,*****,*****
10027815,ok,김기주,남,1965,계명대학교(연계),부교수,재직,중국철학,유가철학,私立東海大學,박사,金基柱,"Kim, Kee Joo"
10027876,ok,이석재,남,1962,연세대학교(연계),교수,재직,음운론(언어학),Comparative Phonetics/Phonology,연세대학교,석사,,Seok-Chae Rhee
10027884,ok,전은주,여,1968,부산대학교(연계),교수,재직,국어교육학,화법교육,고려대학교,박사,田恩주,"Jeon, Eun Ju"
10027934,ok,김동근,남,*****,전남대학교,*****,*****,현대시(국문학),현대시론 및 비평,전남대학교,박사,*****,*****
10027940,ok,정명중,남,*****,전남대학교(연계),*****,*****,문학이론,문학비평,전남대학교,박사,*****,*****
10027941,ok,이완범,남,1961,한국학중앙연구원,교수,퇴직,한국정치사,한국문제와 국제정치,연세대학교,박사,李完範,Lee Wan Bom
10027986,ok,방혜숙,여,*****,George Mason Univ.,*****,*****,기타국어학,한국어 교육,고려대학교,박사,,*****
10027998,ok,임정훈,남,1967,인천대학교(연계),교수,재직,교육공학,"e-Learning, 사이버교육, 원격교육",서울대학교,박사,林 正勳,"Leem, Jung-Hoon"
10028002,ok,정흥모,남,1959,대진대학교,교수,재직,고전시가,고전시가,고려대학교,박사,鄭興謨,Jung Heung-mo
10028010,ok,권용옥,남,1955,남서울대학교,교수,퇴직,중국철학,중국현대사상,國立政治大學,박사,,"Kwon, Yong Ok"
10028019,ok,류준필,남,*****,서울대학교(연계),*****,*****,국문학사,국문학(동아시아비교),서울대학교,박사,*****,*****
10028037,ok,김선정,여,1965,계명대학교(연계),교수,재직,한국어교육학,언어학,University of London,박사,金善貞,"Kim,Seon-Jung"
10028060,ok,김영선,남,1961,동아대학교(연계),교수,재직,국어학,국어 음운론,동아대학교,박사,金榮宣,"Kim, Young seon"
10028062,ok,서재원,여,*****,인하공업전문대학(대학별),*****,*****,국문학,현대문학,고려대학교,박사,,*****
10028078,ok,남재우,남,1962,국립창원대학교(연계),교수,재직,한국사,한국고대사,성균관대학교,박사,南在祐,"Nam, Jae-woo"
10028094,ok,신웅순,남,1952,중부대학교,교수,재직,국문학,,명지대학교,박사,,
10028099,ok,손병국,남,1953,광운대학교(연계),교수,재직,,,동국대학교,박사,孫秉國,"Son,Byung-Kook"
10028111,ok,김원준,남,1966,영남대학교,부교수,재직,한시,한국한문학,영남대학교,박사,金元俊,"Kim, Won Jun"
10028117,ok,김종진,남,1963,동국대학교(대학별),부교수,재직,고전시가,고전시가,동국대학교,박사,金鍾眞,"Kim, Jong-Jin"
10028139,ok,황경숙,여,1963,국립부경대학교,강사,미취업,구비문학(국문학),민속문학,부산대학교,박사,黃京淑,Kyung whang
10028144,ok,박연숙,여,1965,영남대학교,객원교수,재직,비교문학,구비문학,계명대학교,박사,朴蓮淑,Yeunsook Park
10028163,ok,길태숙,여,1967,상명대학교(연계),교수,재직,구비문학,"디지털스토리텔링, 기능성 게임",연세대학교,박사,길태숙,TAE SUK KIHL
10028178,ok,박성철,남,1964,고려대학교(연계),교수,재직,화용론(독일어학),"의사소통, 언어 커뮤니케이션, 화용론, 공손담론, 수사학",고려대학교,학사,朴聖哲,"Park, Song Chol"
10028182,ok,박현정,여,1969,서울대학교(연계),교수,재직,교육평가,교육통계,Univ. of Minnesota,박사,朴炫貞,"Park, Hyun-Jeong"
10028208,ok,이명찬,남,1961,덕성여자대학교(연계),교수,재직,현대시(국문학),현대시,서울대학교,박사,李銘澯,yi myungchan
10028210,ok,임기현,남,1969,충북대학교,초빙교수,재직,현대소설(국문학),현대문학,충북대학교,박사,任基賢,Im Gihyeon
10028215,ok,김제란,여,1961,동국대학교 동서사상연구소,책임연구원,재직,동양철학일반,동양근현대철학,고려대학교,박사,金帝蘭,Kim Je Ran
10028237,ok,김유정,여,*****,고려대학교 민족문화연구원,*****,*****,국어학,한국어교육,고려대학교,박사,,*****
10028240,ok,이성혁,남,1967,한국외국어대학교,초빙교수,재직,국문학,한국 근현대시,한국외국어대학교,박사,,"lee, seong-hyuk"
10028245,ok,정선태,남,1964,국민대학교(연계),교수,재직,인문학,국문학,서울대학교,박사,鄭善太,"JEONG, SEON TAE"
10028246,ok,임주탁,남,1966,부산대학교(연계),교수,재직,국문학,고전시가,서울대학교,박사,任周卓,"Yim, Ju Tak"
10028251,ok,박소라,여,1967,University of Canberra,부교수,재직,뉴미디어,매체경제학,Northwestern University,박사,朴素羅,Sora Park
10028257,ok,김미현,여,1966,이화여자대학교,교수,퇴직,현대소설(국문학),,이화여자대학교,박사,金美賢,Mi-Hyun Kim
10028275,ok,이윤표,남,1960,서남대학교,조교수,퇴직,통사론(국어학),통사 및 의미 론,고려대학교,박사,李胤杓,"Lee, Yunphyo"
10028289,ok,엄훈,남,1965,청주교육대학교,교수,재직,국어교육,읽기 교육/수업 연구/논변 문화,서울대학교,박사,嚴薰,Um Hoon
10028304,ok,윤재웅,남,1961,동국대학교(대학별),교수,재직,현대시(국문학),현대시론,동국대학교,박사,,"Yun, Jae Woong"
10028309,ok,홍혜원,여,*****,충남대학교(연계),*****,*****,현대소설(국문학),한국근현대소설,이화여자대학교,박사,*****,*****
10028310,ok,유철상,남,1964,신라대학교(연계),부교수,재직,현대소설(국문학),한국 현대소설,서울대학교,박사,,"Yoo, Cheol-Sang"
10028324,ok,한경희,여,1969,국립경국대학교,초빙교수,재직,국문학,한국 현대시,한국학중앙연구원,박사,韓京希,Kyung-Hee Han
10028325,ok,김삼주,남,1952,가천대학교(연계),교수,재직,기타국문학,국문학,인하대학교,박사,金三柱,KIM SAM JU
10028329,ok,박완식,남,1954,우석대학교,기타,재직,한문학,"한문학(불교 사상, 성리학)",우석대학교,박사,朴完植,Park Woun-sik
10028345,ok,김기덕,남,1956,건국대학교,교수,재직,기타인문학,문화콘텐츠,건국대학교,박사,金起德,Kiduk Kim
10028373,ok,서종학,남,1951,영남대학교,교수,퇴직,국어사,,서울대학교,박사,徐鍾學,"Suh, Jong-hak"
10028387,ok,이승훈,남,*****,한양대학교,*****,*****,현대시(국문학),"한국현대시, 현대비평",연세대학교,박사,*****,*****
10028405,ok,김남경,여,1975,대구가톨릭대학교,조교수,재직,국어사,중세국어,대구가톨릭대학교,박사,金南京,Namkyeong Kim
10028422,ok,김승구,남,1972,세종대학교(연계),교수,재직,현대소설(국문학),현대문학,서울대학교,박사,金勝求,"Kim, Seung Goo"
10028424,ok,임혜련,여,1973,충남대학교,연구원,재직,조선후기사,"정치사,왕실문화사,여성사",숙명여자대학교,박사,林惠蓮,Hyeryun Lim
10028441,ok,이길원,남,1957,동아대학교(연계),명예교수,재직,통사론(일본어학),일본어 동사연구,동덕여자대학교,박사,李吉遠,LEE GIL WON
10028466,ok,조영복,여,1964,광운대학교(연계),교수,재직,현대시(국문학),현대시,서울대학교,박사,曺永福,"Cho, Young bok"
10028469,ok,유재원,남,1967,한국외국어대학교,부교수,재직,음성/음운론(중국어학),음운(근대중국어)/중국어교육,한국외국어대학교,박사,柳在元,Jaewon Yoo
10028478,ok,곽진석,남,1958,국립부경대학교,교수,퇴직,구비문학(국문학),구비문학,서강대학교,박사,郭進石,
10028493,ok,변상출,남,1961,대구대학교(연계),부교수,재직,독일문학,문예학,서강대학교,박사,卞相出,
10028496,ok,성당제,남,*****,소속없음,*****,*****,한문학,한시 한문산문,성균관대학교,박사,*****,*****
10028508,ok,김현권,남,1952,한국방송통신대학교,명예교수,퇴직,통사론(프랑스어학),"통사론,  어휘의미론, 전자사전",서울대학교,박사,金絃權,kimhyunkwon
10028520,ok,한영옥,여,1951,성신여자대학교,교수,퇴직,현대시(국문학),현대시,성균관대학교,박사,韓英玉,HAN young ok
10028524,ok,류준경,남,1970,성신여자대학교(연계),교수,재직,고전산문,고전소설,서울대학교,박사,柳浚景,Ryu Jun Kyung
10028533,ok,신주백,남,1963,연세대학교 국학연구원,연구원,재직,한국근대사,"한국근현대학술사, 대만사",성균관대학교,박사,辛珠柏,sin ju back
10028572,ok,고연희,여,1965,성균관대학교(연계),부교수,재직,미술사,동양회화사,이화여자대학교,박사,高蓮姬,"KHO, YOUENHEE"
10028578,ok,문범두,남,1961,경상국립대학교(연계),교수,재직,고전산문,한국고전산문문학,영남대학교,박사,文範斗,
10028595,ok,이동은,여,1966,국민대학교(연계),교수,재직,인문학,응용국어학(한국어교육),서울대학교,박사,李東恩,Dong-Eun Lee
10028596,ok,송창선,남,*****,경북대학교,*****,*****,통사론(국어학),국어 통사론,경북대학교,박사,*****,*****
10028617,ok,신명호,남,1965,국립부경대학교(연계),교수,재직,조선전기사,"조선시대 궁중문화, 조선시대 궁궐숙위, 해양문화",한국학중앙연구원,박사,申明鎬,Shin Myung Ho
10028629,ok,이광호,남,1963,서울예술대학교,교수,재직,국문학사,현대시 및 문학사,고려대학교,박사,李光鎬,"Lee,Kwang-Ho"
10028631,ok,안대회,남,1961,성균관대학교(연계),교수,재직,한시,한국한문학,연세대학교,박사,安大會,"AHN, DAEHOE"
10028639,ok,안재철,남,1951,단국대학교,교수,퇴직,기타인문학,중국고대문법,國立臺灣師範大學,박사,安載澈,AHN JAE CHUL
10028646,ok,노춘기,남,1973,강남대학교(연계),부교수,재직,현대시(국문학),현대문학(현대시),고려대학교,박사,null,"Noh, Choon Ki"
10028649,ok,이시준,남,1967,숭실대학교(연계),교수,재직,일본고전산문,"일본설화문학,일본불교문학",東京大學,박사,李市埈,Si Jun Lee
10028665,ok,김진영,남,1947,경희대학교,교수,퇴직,고전산문,판소리,서울대학교,박사,金鎭英,"Kim, Jin Young"
10028667,ok,장수익,남,1964,한남대학교,교수,재직,현대소설(국문학),현대소설,서울대학교,박사,張水翼,JANG Su-Ik
10028678,ok,오향미,여,1965,고려대학교,연구교수,재직,정치사상,"정치사상, 헌정주의",Freie Univ. Berlin,박사,吳香美,Oh Hyang Mi
10028698,ok,민병곤,남,1967,서울대학교(연계),교수,재직,국어교육학,표현교육론(화법 및 작문 교육),서울대학교,박사,閔丙坤,"Min, Byeonggon"
10028709,ok,장도규,남,1959,동국대학교(대학별),교수,재직,한문학,한국한문학,단국대학교,박사,,"Jang, Doo-Gyu"
10028725,ok,박영주,남,1958,강원대학교 강릉캠퍼스,교수,퇴직,고전시가,"고전시가, 한문학, 판소리",성균관대학교,박사,朴英柱,"Park, Young Ju"
10028729,ok,이원수,남,1957,경남대학교,교수,재직,고전산문,고전소설,경북대학교,박사,李元洙,Won-Soo Lee
10028755,ok,정충권,남,1963,충북대학교(연계),교수,재직,고전산문,판소리계소설,서울대학교,박사,鄭忠權,"Jeong, Choong-kwon"
10028756,ok,이경영,남,*****,경기대학교,*****,*****,현대시(국문학),,성균관대학교,박사,,*****
10028788,ok,조성면,남,1966,인하대학교,강사,재직,현대소설(국문학),현대소설(대중문학),인하대학교,박사,,Cho Sung-Myeon
10028812,ok,문성화,남,1961,계명대학교(연계),부교수,재직,서양근대독일철학,서양근세철학,Heinrich - Heine - Univ. Duesseldorf,박사,문성화,Seong-Hwa Mun
10028825,ok,서원모,남,1961,장로회신학대학교(대학별),교수,재직,교회사,교회사,Princeton Theological Seminary,박사,徐元模,Wonmo Suh
10028827,ok,유정선,여,1964,홍익대학교(연계),조교수,재직,국문학,고전시가,이화여자대학교,박사,,Yu Jeong Sun
10028828,ok,고성룡,남,1965,서울대학교(연계),교수,재직,인지/언어심리,언어심리학,Univ. of Massachusetts at Amherst,박사,高成龍,"Koh, Sungryong"
10028829,ok,최호석,남,1967,국립부경대학교(연계),교수,재직,고전산문,고전소설,고려대학교,박사,崔皓晳,
10028843,ok,정우숙,여,*****,이화여자대학교(연계),*****,*****,현대희곡(국문학),현대희곡,이화여자대학교,박사,*****,*****
10028848,ok,정끝별,여,1964,이화여자대학교(연계),교수,재직,현대시(국문학),현대시이론 및 창작론,이화여자대학교,박사,鄭끝별,Keutbyul Jeong
10028857,ok,GermanKim,,1953,Kazakh State National Univ.,교수,재직,서양사,CIS한국학 및 한인(고려인)사,,,,German Kim
10028877,ok,유재천,남,1954,경상국립대학교,교수,퇴직,현대시(국문학),한국현대시,연세대학교,박사,兪載天,Jae-Cheon Yoo
10028892,ok,권혁태,남,1959,성공회대학교,교수,재직,경제사(역사학),한일관계사 일본현대사,一橋大學,박사,權赫泰,Heoktae Kwon
10028930,ok,리의도,남,1951,춘천교육대학교,교수,퇴직,국어정책론,형태론,건국대학교,박사,李義道,Lee Uido
10028936,ok,남윤진,여,1963,東京外國語大學,부교수,재직,국어학,국어문법론,서울대학교,박사,南潤珍,"Nam, Yunjin"
10028941,ok,전성호,남,1962,한국학중앙연구원(연계),교수,재직,경제사/학사,한국경제사,성균관대학교,박사,全成昊,Jun SeongHo
10028984,ok,장경남,남,1963,숭실대학교(연계),교수,재직,고전산문,고전소설,숭실대학교,박사,張庚男,Kyung Nam Jang
10029005,ok,배도용,남,1964,부산외국어대학교,조교수,재직,의미론(국어학),"어휘의미론, 인지의미론, 담화화용론",부산대학교,박사,裵道龍,"Bai, Do-Yong"
10029007,ok,김일권,남,1964,한국학중앙연구원(연계),교수,재직,민속학(인류학),종교민속학/문화사/한국종교사/동양사상사/역사천문학,서울대학교,석사,金一權,IL GWON KIM
10029017,ok,이상주,남,*****,중원대학교,*****,*****,한문산문,한국한문학,성균관대학교,박사,*****,*****
10029052,ok,김승희,여,1952,서강대학교,교수,재직,국문학,현대시,서강대학교,박사,金勝凞,SEUNG-HEE KIM
10029065,ok,사진실,여,1965,중앙대학교,부교수,퇴직,연극사,한국연극사,서울대학교,박사,史眞實,"Sa, Jean Sill"
10029069,ok,이문규,남,1964,경북대학교(연계),교수,재직,음운론(국어학),"성조론, 음운사, 현대음운론(방언음운",경북대학교,박사,李文圭,
10029102,ok,이정식,남,1960,호남대학교,부교수,재직,중국희곡,중국전통극의 색채문화,慶應義塾大學,박사,李廷植,Jeongsik Lee
10029117,ok,김종현,남,*****,청주교육대학교(연계),*****,*****,의미론(언어학),"화용론, 의미론",서울대학교,박사,*****,
10029142,ok,박무영,여,1959,연세대학교(연계),교수,재직,한문산문,한문산문,이화여자대학교,박사,,Mooyoung Park
10029157,ok,이인숙,여,1961,경북대학교,강사,재직,미술사,한국미술사,영남대학교,박사,李仁淑,Insuk Lee
10029168,ok,김봉모,남,1944,부산대학교,교수,퇴직,형태론(국어학),,부산대학교,박사,金鳳模,"Kim,Bong-Mo"
10029185,ok,최재웅,남,1953,고려대학교(연계),명예교수,재직,의미론(언어학),형식 의미-화용론,Univ. of Massachusetts at Amherst,박사,崔在雄,"CHOE, Jae-Woong"
10029186,ok,김광식,남,1957,동국대학교,대우교수,재직,한국근대사,한국불교사,건국대학교,박사,김광식,kim kwang sik
10029208,ok,김봉순,여,*****,공주교육대학교(연계),*****,*****,국어교육학,국어교육,서울대학교,박사,*****,*****
10029210,ok,이상숙,여,*****,가천대학교(연계),*****,*****,국문학,"현대 문학, 시, 비평, 동양시학,비교문학",고려대학교,박사,*****,*****
10029216,private,,,,,,,,,,,,
10029217,ok,이강옥,남,1956,영남대학교,교수,퇴직,고전산문,야담 일화,서울대학교,박사,李康沃,"Lee, Kang Ok"
10029253,ok,이상원,남,1964,조선대학교(연계),교수,재직,고전시가,"시조, 가사",고려대학교,박사,李相原,"Lee, sang-won"
10029255,ok,길진숙,여,1965,한신대학교,연구원,재직,국문학,고전문학,이화여자대학교,박사,吉鎭淑,Jinsuk Kil
10029264,ok,강희안,남,1967,배재대학교(연계),부교수,재직,인문학,현대시,한남대학교,박사,,HEEAHN KANG
10029280,ok,정순우,남,1954,한국학중앙연구원,명예교수,재직,교육사학,"한국교육사,사상사",한국학중앙연구원,박사,丁淳佑,SoonWoo Chung
10029281,ok,김호귀,남,1964,동국대학교(대학별),조교수,재직,선학,선사상,동국대학교,박사,金鎬貴,"Kim, Ho-Gui"
10029329,private,,,,,,,,,,,,
10029350,private,,,,,,,,,,,,
10029351,ok,배경열,남,1965,건국대학교,조교수,퇴직,국문학,현대소설,서울대학교,박사,裵耿悅,"BAE,KYEONG-YEOL"
10029352,ok,문무병,남,1950,제주특별자치도교육청,강사,재직,국문학,"구비문학, 민속학",제주대학교,박사,文武秉,Moo-Byeong Moon
10029377,ok,권오욱,남,1964,충북대학교(연계),교수,재직,음성신호처리,음성인식,한국과학기술원,박사,權五彧,"Kwon, Oh-Wook"
10029390,ok,이석호,남,1963,한국과학기술원,강사,재직,남아프리카공화국,아프리카 문화이론,University of Cape Town,박사,李錫虎,Seokho Lee
10029393,ok,김용하,남,1968,국립경국대학교(연계),교수,재직,국어학,문법론,계명대학교,박사,金龍河,Yong-Ha Kim
10029409,ok,문희순,여,1963,충남대학교 충청문화연구소,연구교수,재직,국문학사,한시비평,충남대학교,박사,文姬順,Heesoon Moon
10029422,ok,민찬홍,남,1960,한양대학교,교수,퇴직,언어철학,"논리-언어철학, 심리철학",서울대학교,박사,閔贊泓,Chanhong Min
10029431,ok,이강엽,남,1964,대구교육대학교(연계),교수,재직,고전산문,고전소설,연세대학교,박사,李康燁,Lee KangYeop
10029448,ok,좌혜경,여,1960,제주특별자치도 제주학연구센터,책임연구원,재직,민속학(인류학),구비전승,중앙대학교,박사,左惠景,HyeKyung Choa
10029451,ok,박종성,남,1966,한국방송통신대학교(대학별),교수,재직,구비문학(국문학),비교신화학/비교구비서사시학/전설/민담/민속극,서울대학교,박사,朴鍾聲,parkjongseong
10029462,ok,서정혁,남,1969,숙명여자대학교,부교수,재직,서양철학,서양근대독일철학,연세대학교,박사,徐正혁,Jeong-Hyok Seo
10029517,ok,한기형,남,1962,성균관대학교(연계),교수,재직,현대소설(국문학),한국근대소설형성사,성균관대학교,박사,韓基亨,"HAN, KEE HYUNG"
10029519,ok,유임하,남,1962,한국체육대학교(대학별),교수,재직,현대소설(국문학),현대소설론 및 소설이론,동국대학교,박사,柳壬夏,"Yoo, Im-Ha"
10029520,ok,송복승,남,*****,국립순천대학교(연계),*****,*****,통사론(국어학),형태론과 통사론의 접점,서강대학교,박사,*****,*****
10029544,ok,구현옥,여,1966,국립창원대학교,강사,재직,음운론(국어학),국어음운학,동아대학교,박사,具現玉,koo Hyun-Ok
10029585,ok,정달영,남,1949,대진대학교,교수,기타,통사론(국어학),국어문법론,한양대학교,박사,鄭達泳,Cheong Dal-young
10029587,ok,정환국,남,1968,동국대학교(대학별),교수,재직,한문소설,한국한문학,성균관대학교,박사,鄭煥局,"Jung, Hwan Kuk"
10029589,ok,김수태,남,1960,신라대학교,조교수,퇴직,통사론(국어학),국어문법론,부산대학교,박사,,"Kim, Su-tae"
10029591,ok,권면주,남,1966,원광대학교,강사,미취업,국어학,국어사,원광대학교,박사,權冕周,Kweon Myeon-Ju
10029597,ok,손춘섭,남,*****,광신대학교(대학별),*****,*****,의미론(국어학),한국어학,전남대학교,박사,,*****
10029611,private,,,,,,,,,,,,
10029617,ok,최귀묵,남,1966,고려대학교(연계),교수,재직,비교문학,동아시아비교문학,서울대학교,박사,崔貴默,"CHOI, Kwi-muk"
10029618,ok,정성준,남,1960,위덕대학교 밀교문화연구원,초빙교수,퇴직,밀교,밀교티벳불교,동국대학교,박사,鄭盛準,Seongjoon Cheong
10029626,ok,박헌호,남,1962,고려대학교(연계),교수,재직,현대소설(국문학),식민지시대 소설 및 비평,성균관대학교,박사,朴憲虎,"Park, Heon Ho"
10029632,ok,고석주,남,1966,연세대학교(연계),교수,재직,국어학,문법론,연세대학교,박사,,Seok JU Ko
10029639,ok,강현모,남,1957,한남대학교,책임연구원,재직,국문학,구비문학,한양대학교,박사,姜賢模,kang Hyeon-Mo
10029656,ok,고은미,여,1970,전북대학교,강사,재직,현대소설(국문학),현대소설,전북대학교,박사,高銀美,Ko Eun Mi
10029678,ok,최난경,여,1963,한세대학교,강사,재직,한국음악이론/분석,국악이론,한국학중앙연구원,박사,崔蘭磬,Nankyong  Choi
10029680,ok,김인균,남,1968,신라대학교(연계),교수,재직,국어학,형태통사론,서강대학교,박사,,"Kim, In-kyun"
10029694,ok,이정원,남,1971,서강대학교(연계),교수,재직,고전산문,고소설,서강대학교,박사,李政沅,JEONGWON LEE
10029710,ok,김민정,여,1969,포항공과대학교(연계),부교수,재직,국문학,현대소설,서울대학교,박사,金玟廷,Kim Min-Jeong
10029711,ok,이장욱,남,1968,동국대학교(대학별),교수,재직,문예창작,"소설창작, 문예이론",고려대학교,박사,,Lee Jangwook
10029714,ok,허원기,남,*****,건국대학교,*****,*****,고전산문,문학사상,한국학중앙연구원,박사,*****,*****
10029719,ok,임진호,남,1965,초당대학교(연계),교수,재직,중국문화학,한중비교문화학,南京師範大學,박사,任振鎬,Im Jin ho
10029724,ok,한정호,남,1967,경남대학교,부교수,재직,현대시(국문학),현대시,경남대학교,박사,韓政昊,Han Jeong-ho
10029725,ok,김미란,여,1964,성공회대학교(대학별),교수,재직,중국현대문학,중국현대문학,연세대학교,박사,金美蘭,KIM MIRAN
10029729,ok,이승준,남,1966,한국항공대학교,교수,재직,현대소설(국문학),1960년대 한국소설,고려대학교,박사,李承俊,Lee Seung-Jun
10029753,ok,김용철,남,1964,조선대학교 인문학연구원,연구원,재직,고전시가,"시조,가사",고려대학교,박사,金容徹,Yongcheol Kim
10029759,ok,편성철,남,1977,소속없음,기타,미취업,국문학,민속학,경희대학교,석사,片成哲,"pyun, sung-chul"
10029772,ok,김성수,남,1962,연세대학교(연계),부교수,재직,현대소설(국문학),한국 현대소설,연세대학교,박사,,SUNG SOO KIM
10029786,ok,한태문,남,1963,부산대학교(연계),교수,재직,고전산문,고전수필,부산대학교,박사,韓泰文,"Han, Taimoon"
10029805,ok,안귀남,여,1964,상지대학교,조교수,퇴직,국어학,"국어문법론, 방언문법론, 방언어휘론",경북대학교,박사,安貴男,An Kwi-Nam
10029811,ok,김승연,여,1971,전북대학교,강사,재직,구비문학(국문학),구비문학/민속학,전북대학교,박사,金承衍,KIM Seungyeon
10029818,ok,전상숙,여,1963,광운대학교,연구교수,재직,한국정치,"한국근현대정치, 외교사, 사상사",이화여자대학교,박사,田上俶,Sangsook Jeon
10029827,ok,진미석,여,1958,한국핵심역량교육학회,선임연구위원,재직,교육학,"교육행정, 진로교육,인적자원개발",Harvard University,박사,진미석,Misug JIN
10029845,ok,김중철,남,1967,안양대학교(연계),부교수,재직,현대소설(국문학),문학과영상,한양대학교,박사,金重哲,"Kim, Joong-Chul"
10029847,ok,김언종,남,1952,한국고전번역원,기타,재직,한국경학,한국경학,國立臺灣師範大學,박사,金彦鍾,"Kim, Eon Jong"
10029849,ok,한철호,남,1959,동국대학교,교수,재직,한국근대사,한국근대정치외교사,한림대학교,박사,,"Han, Cheol-Ho"
10029858,ok,오상욱,남,1974,부산대학교,강사,재직,한문산문,"문자학, 유기문학, 산문",부산대학교,박사수료,吳尙昱,"OH,SANG-UK"
10029866,ok,강구율,남,1962,동양대학교,조교수,재직,국문학,"한국한문학, 한시",경북대학교,박사,姜求律,kooyoul Kang
10029892,ok,최문정,여,1967,한림대학교,강사,재직,러시아어와문학,"러시아어 음성학, 통번역학",Moscow State University,박사,崔文禎,Moonjeong Choi
10029899,ok,엄경희,여,1964,숭실대학교,,퇴직,현대시(국문학),현대시,이화여자대학교,박사,,Kyoung Hee Eum
10029906,ok,장원석,남,1966,한국학중앙연구원(연계),책임연구원,재직,동양철학,동서비교철학,University of Hawaii at Manoa,박사,張元碩,Chang Wonsuk
10029910,ok,조원일,남,1968,전남대학교(연계),교수,재직,중국철학,선진유학,北京大學,박사,趙源一,CHO WON IL
10029913,ok,안창수,남,1954,부산대학교,교수,재직,고전/실해석,고전문학,영남대학교,박사,安昌壽,"Ahn,Chang-Soo"
10029965,ok,변화영,여,1968,전북대학교,강사,재직,현대소설(국문학),전후소설(현대소설),전북대학교,박사,卞華榮,"Byun, Hwayeong"
10029982,ok,최현식,남,1968,인하대학교(연계),교수,재직,문학교육,현대시 이론 연구 및 비평,연세대학교,박사,崔賢植,CHOI HYUNSIK
10029999,ok,김정자,여,*****,경인교육대학교(연계),*****,*****,국어교육,작문교육/교육평가,서울대학교,박사,*****,*****
10030060,ok,윤승용,남,1952,한국종교문화연구소,책임연구원,재직,비교종교학,"종교운동사, 한국종교사",서울대학교,박사,尹承容,Yoon Seung Yong
10030071,ok,최권진,남,1964,인하대학교(연계),조교수,재직,한국어교육학,언어학,Sofia University,박사,崔權鎭,CHOI GWON JIN
10030073,ok,유권종,남,1959,중앙대학교,교수,퇴직,한국유가철학,"조선 성리학, 실학, 예학",고려대학교,박사,劉權鍾,Yoo Kwon Jong
10030078,ok,이유기,남,1956,동국대학교,초빙교수,재직,형태론(언어학),문장종결형식 연구,동국대학교,박사,李有基,Lee Yu-ki
10030085,ok,박노현,남,*****,상지대학교,*****,*****,중국산문,중국시.산문.,성신여자대학교,박사,*****,*****
10030116,ok,조혜란,여,1961,이화여자대학교(연계),교수,재직,고전산문,고전소설,이화여자대학교,박사,趙惠蘭,Hae Ran Cho
10030120,ok,권순회,남,1966,한국교원대학교(연계),교수,재직,고전시가,"시조, 가사",고려대학교,박사,權純會,Kwon Soonhoi
10030135,ok,손종흠,남,1954,한국방송통신대학교,명예교수,퇴직,고전시가,고려가요,연세대학교,박사,孫鍾欽,sonjongheum
10030142,ok,노철,남,*****,전남대학교(연계),*****,*****,현대시(국문학),현대시,고려대학교,박사,*****,*****
10030149,ok,이주영,남,1963,서원대학교(연계),교수,재직,고전산문,고전소설,서울대학교,박사,李周映,JooYoung Lee
10030150,ok,박영민,여,1964,고려대학교,연구교수,재직,한시,"한국한시, 한문산문, 여성문학",고려대학교,박사,朴英敏,ParkYoungmin
10030156,ok,임규홍,남,1956,경상국립대학교,교수,재직,화용론(국어학),담화론,경상국립대학교,박사,林圭鴻,Gyu-Hong Lim
10030157,ok,이근열,남,1962,부산대학교 한국민족문화연구소,강의교수,재직,방언학(국어학),"경남 방언, 지명",부산대학교,박사,李根烈,"Geun-Yeol, Lee"
10030158,ok,김명석,남,1965,성신여자대학교(연계),교수,재직,현대소설(국문학),,연세대학교,박사,,MYUNG SEOK KIM
10030159,ok,서은주,여,1964,용인대학교,부교수,재직,국문학,현대소설,연세대학교,박사,徐銀珠,Eunju  Seo
10030172,ok,정미숙,여,1965,한국해양대학교,연구교수,재직,국문학,현대소설,부산대학교,박사,鄭美淑,Jung Mi-Sook
10030173,ok,한영목,남,1949,충남대학교,교수,재직,방언학(국어학),"(통사론, 방언통사론, 문법학사)",충남대학교,박사,韓永穆,Young-Mok Han
10030174,ok,이해년,여,1960,동서대학교,부교수,재직,문학비평(국문학),현대문학비평,부산대학교,박사,이해년,Haenyeon Lee
10030233,private,,,,,,,,,,,,
10030238,ok,현명철,남,1960,서울특별시교육청,공무원,퇴직,일본근대사,일본 근세 근대사,北海道大學,박사,玄明喆,"Hyun,Myung-Cheol"
10030251,ok,구재진,여,1965,세명대학교(대학별),부교수,재직,현대소설(국문학),한국현대소설,서울대학교,박사,丘在珍,"Koo, Jaejin"
10030263,ok,양진오,남,1965,대구대학교(연계),교수,재직,현대소설(국문학),현대소설,서강대학교,박사,梁鎭午,"Yang, Jin O"
10030288,ok,류덕제,남,1958,대구교육대학교(연계),교수,재직,문학교육,문학교육,경북대학교,박사,柳德濟,Ryu DuckJee
10030293,ok,신성현,남,1961,동국대학교(대학별),교수,재직,계율학,"계율학, 불교교단사, 불교윤리학",동국대학교,박사,,"Shin, Sung Hyun"
10030306,ok,정항석,남,1964,전북대학교,강사,재직,정치외교학,국제관계,전북대학교,박사,鄭恒錫,
10030328,ok,황수연,여,1966,홍익대학교,초빙교수,재직,국문학,한문학,연세대학교,박사,黃琇연,Suyeon  Hwang
10030330,ok,박애경,여,1965,연세대학교(연계),교수,재직,고전시가,시조 가사 잡가 가요 시가 일반,연세대학교,박사,,Ae-Kyung Park
10030342,ok,연재훈,남,1961,University of London,부교수,재직,언어학,"한국어문법, 한국어교육, 언어유형론, 형태론",University of London,박사,延哉勳,"Yeon, Jaehoon"
10030387,ok,권응상,남,1962,대구대학교(연계),교수,재직,중국희곡,중국희곡,서울대학교,박사,權應相,Ueng-Sang Kwon
10030428,ok,김성수,남,1959,성균관대학교,대우교수,재직,북한어문학,북한문학,성균관대학교,박사,金成洙,"Kim, Seong Su"
10030433,ok,임동훈,남,1966,이화여자대학교(연계),교수,재직,통사론(국어학),국어통사론,서울대학교,박사,林東勳,Donghoon Lim
10030438,ok,김경수,남,1962,서강대학교(연계),교수,재직,현대소설(국문학),현대소설 및 비평,서강대학교,박사,金慶洙,Kyoung-Soo Kim
10030460,ok,김희찬,남,1962,경희대학교(연계),교수,재직,한국고대고고학,한국고대고고학,경희대학교,박사,金希燦,Kim Hee Chan
10030465,ok,김수진,여,1964,나사렛대학교(대학별),교수,재직,언어치료교육,말장애 언어재활,이화여자대학교,박사,金琇珍,Soo Jin Kim
10030552,ok,한수영,남,1963,연세대학교(연계),교수,재직,문학비평(국문학),한국근대소설및근대비평,연세대학교,박사,,Soo Yeong Han
10030556,ok,이재봉,남,1963,부산대학교(연계),교수,재직,현대소설(국문학),현대소설,부산대학교,박사,李在奉,"Lee, Jaebong"
10030566,ok,이병인,남,1962,한국교원대학교(연계),교수,재직,중국현대사,국민정부와 상해 사회; 청말 민국시기의 교육,고려대학교,박사,李丙仁,Lee Byungin
10030573,ok,조동길,남,1950,국립공주대학교,교수,퇴직,현대소설(국문학),,고려대학교,박사,趙東吉,
10030576,private,,,,,,,,,,,,
10030587,ok,이윤하,남,1944,덕성여자대학교,강사,재직,통사론(국어학),,,,李潤夏,
10030640,ok,조대하,남,1961,서울여자대학교(연계),교수,재직,음성/음운론(일본어학),일본어학(음운론),立敎大學,박사,趙大夏,"Cho, Dai-Ha"
10030659,ok,한창훈,남,1968,전북대학교(연계),교수,재직,국어교육,고전시가교육론,고려대학교,박사,韓昌勳,Han Chang Hun
10030662,ok,오성호,남,1957,국립순천대학교,교수,퇴직,현대시(국문학),현대시,연세대학교,박사,,Seong-ho OH
10030663,ok,고영섭,남,1964,동국대학교(대학별),교수,재직,지역불교및불교사연구,"한국불교사상사, 한국유교사상사",동국대학교,박사,高榮燮,"Ko, Young-seop"
10030678,ok,이동후,여,*****,인천대학교(연계),*****,*****,문화이론/대중문화론,미디어이론 및 미디어문화,New York University,박사,*****,*****
10030699,ok,손세모돌,여,1958,대진대학교,교수,,의미론(국어학),,한양대학교,박사,손세모돌,Son Se-mo-dol
10030700,ok,유문선,남,1959,한신대학교(연계),교수,재직,문학비평(국문학),한국근현대문학비평,서울대학교,박사,柳 文 善,"You, Moon Sun"
10030708,ok,박현모,남,1965,세종국가경영연구원,연구위원,재직,정치사상,한국정치사상,서울대학교,박사,朴賢謀,Park  Hyunmo
10030710,ok,한정수,남,1967,건국대학교,교수,재직,고려시대사,사상사,건국대학교,박사,韓政洙,Jung-Soo Han
10030711,ok,이경규,남,1962,동의대학교(연계),교수,재직,일본문화학,일본문학,東海大學,박사,李京珪,Lee Gyeong Gyu
10030718,ok,서인범,남,1960,동국대학교(대학별),교수,재직,중국근세사(명청),명대사,東北大學,박사,徐仁範,"Seo, In Beom"
10030720,ok,한영규,남,1967,성균관대학교(연계),부교수,재직,국문학사,"고전문학사, 한국한문학, 고전산문",성균관대학교,박사,韓榮奎,"HAN, YOUNG GYU"
10030723,ok,김동윤,남,*****,제주대학교(연계),*****,*****,국문학,"현대소설, 대중문학, 지역문학",제주대학교,박사,*****,*****
10030724,ok,박민영,여,1963,성신여자대학교(연계),교수,재직,인문학,국문학,한림대학교,박사,朴旼英,Park Min Young
10030731,ok,Daniel Kane,,1968,University of Hawaii at Manoa,,,,,,,,
10030803,ok,조성문,남,*****,한양대학교(연계),*****,*****,음운론(국어학),국어음운론,한양대학교,박사,*****,*****
10030834,ok,채재은,여,1969,가천대학교(연계),교수,재직,고등교육,교육행정,Harvard University,박사,蔡在恩,"Chae, Jae-Eun"
10030852,ok,이의강,남,1960,원광대학교,부교수,재직,한시,한국한시비평,北京師範大學,박사,李義康,Lee Yi Kang
10030854,ok,조민환,남,1957,성균관대학교(연계),교수,재직,동양철학일반,"한`중 도가철학 ,  한`중서화미학",성균관대학교,박사,曺玟煥,"JO, MIN HWAN"
10030882,ok,김성기,남,1947,충북대학교,교수,퇴직,국문학,,서울대학교,박사,金聖基,"Kim, Sung-ki"
10030887,ok,박장례,여,1970,한국학중앙연구원,연구원,퇴직,현대소설(국문학),소설,한국학중앙연구원,박사,朴長禮,"Park, ChangLye"
10030888,ok,윤은주,여,1969,중앙대학교 중앙철학연구소,연구교수,재직,정치/사회철학,아렌트의 정치사상,숭실대학교,박사,尹銀珠,Eun-Joo Youn
10030894,ok,김두한,남,1957,건동대학교(폐교),조교수,퇴직,국문학,현대시,대구가톨릭대학교,박사,金斗漢,"kim, Du- Han"
10030959,ok,성환갑,남,1946,중앙대학교,교수,퇴직,국어사,,중앙대학교,박사,成煥甲,Seong Hwan Gap
10030968,ok,김진무,남,1962,충남대학교,전임연구원,재직,중국철학,"중국불교, 도가철학, 현학, 선학",南京大學,박사,金鎭戊,Kim Jin Moo
10030973,ok,노마히데키,,1953,東京外國語大學,교수,재직,국어학,"문법론, 어휘론",,석사,野間秀樹,NOMA Hideki
10030985,ok,김혜영,여,1966,부산대학교 인문학연구소,연구교수,재직,현대영미시,19세기와 20세기 영미 시인들,부산대학교,박사,金惠英,Kim Hye Young
10031017,ok,강상순,남,1966,고려대학교,교수,퇴직,고전산문,고전소설,고려대학교,박사,姜祥淳,Sangsoon Kang
10031020,ok,강웅식,남,1960,고려대학교,강사,재직,현대시(국문학),1960년대 시문학,고려대학교,박사,姜雄植,WoongSik Kang
10031033,private,,,,,,,,,,,,
10031076,ok,지두환,남,1953,국민대학교(연계),교수,재직,인문학,한국사,서울대학교,박사,池斗煥,"JI,DOO-HWAN"
10031091,ok,김양선,여,1965,한림대학교(연계),기타,재직,국문학,현대소설,서강대학교,박사,金良宣,Kim Yangsun
10031096,ok,석주연,여,1969,조선대학교(연계),교수,재직,국어학,"국어사(형태 및 문법사), 한국어교육, 응용국어학",서울대학교,박사,石朱娟,"Suk, Ju Yeon"
10031098,ok,권도희,여,1969,경북대학교(연계),부교수,재직,한국음악사,한국음악 양식사 및 사회사,서울대학교,박사,,
10031118,ok,윤영천,남,1944,인하대학교(연계),명예교수,재직,현대시(국문학),현대시,서울대학교,박사,尹永川,Young-Chon Yoon
10031122,ok,전승주,남,1964,민족문학사연구소,연구원,재직,문학비평(국문학),현대문학비평,서울대학교,박사,田承周,Seungjoo Jeon
10031131,ok,유희석,남,*****,전남대학교(연계),*****,*****,기타인문학,19세기 미국문학,서울대학교,박사,*****,*****
10031132,ok,정홍섭,남,1963,아주대학교,강의교수,재직,국문학,현대문학 소설,서울대학교,박사,鄭弘燮,Hongseop Cheong
10031133,ok,문광훈,남,1964,충북대학교(연계),교수,재직,문학이론,현대독문학,Johann Wolfgang Goethe University,박사,문광훈,"Moon, Gwang-hun"
10031149,ok,김상진,여,*****,한양대학교,*****,*****,고전시가,시조문학,한양대학교,박사,*****,*****
10031169,ok,송희복,남,*****,진주교육대학교,*****,*****,국문학,문학비평,동국대학교,박사,*****,*****
10031176,ok,김익수,남,1937,동방문화대학원대학교,석좌교수,재직,동양철학사,주역철학,건국대학교,박사,金益洙,Ik-Su Kim
10031182,private,,,,,,,,,,,,
10031209,ok,성무경,남,1964,성균관대학교,강사,재직,국문학,고전시가,성균관대학교,박사,成武慶,Mukyung Sung
10031233,ok,서영숙,여,1958,한남대학교,교수,재직,구비문학(국문학),"고전시가, 구비문학(민요)",충남대학교,박사,徐永淑,Young-Sook Suh
10031258,ok,조희숙,여,*****,부산대학교,*****,*****,유아교육,영유아발달/아동문학/언어인지,중앙대학교,박사,*****,*****
10031273,ok,이수범,남,1963,인천대학교(연계),교수,재직,매스커뮤니케이션,광고홍보학,Univ. of Oklahoma,박사,李 秀範,Lee Soobum
10031277,ok,문철영,남,1958,단국대학교(연계),교수,재직,고려시대사,유학사상사,서울대학교,박사,文喆永,Moon Cholyoung
10031292,ok,임재호,남,1968,연세대학교(연계),교수,재직,통사론(언어학),통사론(프랑스어학),Univ. de Paris X (Univ. de Paris Nanterre),박사,,Jaiho LEEM
10031345,ok,주성지,남,1969,동북아역사재단,기타,재직,기타한국사,디지털한국사,동국대학교,박사,朱聖智,Sungjee Joo
10031354,ok,우창현,남,1964,대구대학교(연계),교수,재직,통사론(국어학),"형태,통사론(방언론)",서강대학교,박사,禹昌炫,"WOO, CHANG-HYUN"
10031446,ok,신승용,남,1970,영남대학교(연계),교수,재직,음운론(국어학),국어교육,서강대학교,박사,申昇容,Shin seungyong
10031468,ok,노상래,남,1963,영남대학교(연계),교수,재직,현대소설(국문학),현대소설,영남대학교,박사,盧相來,Roh Sangrae
10031473,ok,원만희,남,1959,성균관대학교,교수,퇴직,언어분석철학,현대언어철학,성균관대학교,박사,元滿喜,"WON, MAN HEE"
10031503,ok,오양진,남,1969,추계예술대학교(대학별),교수,재직,현대소설(국문학),1960년대 한국소설,고려대학교,박사,,"O, Yang Jin"
10031514,ok,김중신,남,1958,수원대학교,교수,퇴직,국어교육,문학교육,서울대학교,박사,金仲臣,"Kim, Jung Sin"
10031537,ok,진순애,여,1957,성균관대학교,초빙교수,재직,현대시(국문학),"현대문학(현대시, 현대비평)",성균관대학교,박사,陳順愛,Jin SoonAe
10031559,ok,김영욱,남,1966,이화여자대학교(연계),교수,재직,조직커뮤니케이션,위험커뮤니케이션 위기관리 갈등해소,University of Florida,박사,金暎郁,Yung Wook Kim
10031592,ok,최명환,남,1944,공주교육대학교,교수,퇴직,국문학,,명지대학교,박사,,
10031605,ok,김윤식,남,1936,서울대학교,교수,퇴직,문학비평(국문학),,서울대학교,박사,,
10031630,ok,문금현,여,1963,숙명여자대학교,교수,재직,국어학,국어의미론,서울대학교,박사,文錦賢,Keumhyun Moon
10031635,ok,정진원,여,1960,동국대학교,연구원,재직,한국불교철학,"월인석보 국어학,삼국유사,  불교학, 한국학,불경언해",동국대학교,박사,鄭鎭元,JInWon Chung
10031649,ok,김혜숙,여,1954,동국대학교(대학별),교수,재직,국어교육,"문법교육론, 사회언어학",동국대학교,박사,,"Kim, Hye Souk"
10031653,ok,장정수,여,1963,고려대학교,강사,재직,고전시가,"시조, 가사",고려대학교,박사,張貞守,"Chang, Chungsoo"
10031659,ok,정종진,남,1964,홍익대학교(연계),부교수,재직,고전시가,고전시가,서강대학교,박사,,Jeong Jong Jin
10031692,ok,서정자,여,1942,초당대학교,교수,퇴직,현대소설(국문학),한국현대여성소설,숙명여자대학교,박사,徐正子,Seo Jung Ja
10031694,ok,오종갑,남,1946,영남대학교,교수,퇴직,음운론(국어학),,영남대학교,박사,吳鍾甲,"Oh, Jongkap"
10031706,private,,,,,,,,,,,,
10031710,ok,이찬규,남,1962,중앙대학교(연계),교수,재직,의미론(국어학),"의미론, 화용론, 의사소통론",중앙대학교,박사,李燦揆,"Lee, Chan Kyu"
10031721,ok,이희재,남,1954,광주대학교,교수,재직,동양철학,한국철학,원광대학교,박사,李曦載,HeeJaeLee
10031753,ok,강명관,남,1959,부산대학교,교수,퇴직,한문비평,한문비평,성균관대학교,박사,姜明官,"KANG,MYEONG-KWAN"
10031754,ok,최선경,여,1971,가톨릭대학교(연계),교수,재직,고전시가,고전시가,연세대학교,박사,崔善慶,Choi SeonKyung
10031786,ok,최성실,여,1967,가천대학교(연계),조교수,재직,문학비평(국문학),한국현대문학비평사,서강대학교,박사,崔成實,Choi Sung Sil
10031836,ok,김슬옹,남,1962,(사)세종대왕기념사업회,전문위원,재직,국어학,의미론,연세대학교,박사,없음,Kim Seul-ong
10031841,ok,김준선,남,1962,국립군산대학교,강사,재직,국문학,"현대소설, 소설창작",전북대학교,박사,金俊善,Kim Joonsun
10031881,ok,최재선,여,*****,한국공학대학교(연계),*****,*****,현대소설(국문학),현대소설,숙명여자대학교,박사,*****,*****
10031895,ok,박정란,여,1972,서울대학교,연구원,재직,기타사회과학,북한학,이화여자대학교,박사,朴貞蘭,Park Jung Ran
10031906,ok,차윤정,여,1965,부산대학교(연계),교수,재직,기타국어학,"텍스트언어학, 한국어교육, 통사론",부산대학교,박사,車胤汀,Cha Yun-Jung
10031919,ok,박태호,남,*****,공주교육대학교(연계),*****,*****,국어교육학,,한국교원대학교,박사,*****,*****
10031935,ok,백낙천,남,1966,배재대학교(연계),교수,재직,통사론(국어학),국어문법론,동국대학교,박사,白樂天,NAKCHEON BAEK
10031937,ok,노명희,여,1965,성균관대학교(연계),교수,재직,형태론(국어학),한자어 형태론,서울대학교,박사,盧明姬,"NOH, MYUNGHEE"
10031976,ok,송웅섭,남,1972,총신대학교(대학별),부교수,재직,조선전기사,정치사,서울대학교,박사,,WoongSup Song
10031982,ok,이영경,여,1967,가톨릭관동대학교(연계),부교수,재직,국어학,국어사,서울대학교,박사,李玲景,Lee Yeong-gyeong
10031984,ok,전미영,여,1964,이화여자대학교,연구위원,재직,북한정치/통일,"북한정치, 북한정치이념",한국학중앙연구원,박사,全美永,Miyeong Jeon
10032009,ok,김현미,여,1972,퇴계학연구원,전임연구원,퇴직,한문산문,"연행록, 18세기, 한문산문",이화여자대학교,박사,金賢渼,"KIM, HYUN MEE"
10032014,ok,이병기,남,1971,한림대학교(연계),교수,재직,국어사,문법사,서울대학교,박사,李秉騏,"Lee, Byeonggi"
10032017,ok,김대군,남,1965,경상국립대학교(연계),교수,재직,윤리교육학,응용윤리학,서울대학교,박사,金岱君,Kim Dae Gun
10032028,ok,조윤아,여,*****,가톨릭대학교(연계),*****,*****,국문학,현대소설,서울여자대학교,박사,*****,*****
10032029,ok,김남석,남,1973,국립부경대학교(연계),교수,재직,영상문학,영상시나리오,고려대학교,박사,金南奭,kim nam-seok
10032044,ok,조두섭,남,*****,대구대학교,*****,*****,현대시(국문학),현대시,대구대학교,박사,,*****
10032053,ok,정봉석,남,1963,동아대학교(연계),교수,재직,현대희곡(국문학),희곡/시나리오론,동아대학교,박사,鄭鳳錫,JEONG BONGSEOK
10032055,ok,유용태,남,1957,서울대학교,교수,퇴직,동양사,중국근현대사,연세대학교,박사,柳鏞泰,"Yu, Yongtae"
10032060,ok,송미영,여,1970,한국교육과정평가원,선임연구위원,재직,교육평가,교육측정평가,이화여자대학교,박사,宋美英,Mi-Young Song
10032063,ok,이정옥,여,1959,숙명여자대학교,조교수,재직,국문학,현대소설,서강대학교,박사,李貞玉,Jungok  Lee
10032077,ok,김현선,여,*****,한국학중앙연구원,*****,*****,사회사/역사사회학,"디아스포라, 이주자,  국가/민족 정체성",한국학중앙연구원,박사,*****,*****
10032081,ok,오미정,여,1970,한신대학교(연계),교수,재직,일본근현대문학,일본현대문학,東京大學,박사,吳 美 姃,"Oh, MI JUNG"
10032088,ok,주세형,여,1973,서강대학교(연계),교수,재직,국어교육,문법교육,서울대학교,박사,周世珩,Sehyung Joo
10032108,private,,,,,,,,,,,,
10032132,ok,임수만,남,1967,한국교원대학교(연계),교수,재직,현대시(국문학),현대문학(현대시),서울대학교,박사,林洙滿,Lim Sooman
10032134,ok,김윤정,여,1969,울산대학교(연계),교수,재직,현대희곡(국문학),연극/영화/TV,서울대학교,박사,金倫貞,"Kim,Yun-Jeong"
10032153,ok,구대열,남,*****,이화여자대학교,*****,*****,외교사/외교학사,"외교사,국제정치","The London School of Economics and Political Science, University of London",박사,*****,*****
10032161,ok,이정은,여,*****,국립창원대학교(연계),*****,*****,사회변동/발전사회학,"인권사회학, 사회변동론",서울대학교,박사,*****,*****
10032171,private,,,,,,,,,,,,
10032183,ok,김성민,남,1958,건국대학교,교수,재직,정치/사회철학,서양근현대철학,건국대학교,박사,金成玟,Sungmin Kim
10032190,ok,서희경,여,1966,서울대학교 한국정치연구소,연구원,재직,한국정치,"한국정치, 한국헌정사, 한국정치사상, 법과정치, 비교정치",서울대학교,박사,徐希慶,Hee Kyung Suh
10032211,ok,이해윤,남,1966,한국외국어대학교,교수,재직,의미론(언어학),의미론,Ludwig-Maximilians-Universitaet Muenchen,박사,李海允,Hae-Yun Lee
10032247,ok,박용만,남,1966,유원(U1)대학교(대학별),조교수,재직,국문학,한국한문학,한국학중앙연구원,박사,,Yong-man Park
10032262,private,,,,,,,,,,,,
10032269,ok,윤석산,남,*****,한양대학교,*****,*****,고전시가,가사문학,한양대학교,박사,*****,*****
10032270,ok,김영나,여,1977,경북대학교 퇴계연구소,HK연구교수,재직,조선후기사,조선사회사,경북대학교,박사,,Kim Young Na
10032293,ok,장미라,여,*****,경희사이버대학교(연계),*****,*****,한국어교육학,"문법 교육, 쓰기 교육",경희대학교,박사,,*****
10032311,ok,박영민,남,1969,한국교원대학교(연계),교수,재직,국어교육학,국어교육/작문교육/교육과정및평가/교과서개발,한국교원대학교,박사,朴榮敏,Park Youngmin
10032322,ok,오연희,여,1968,목원대학교(연계),조교수,재직,비교문학(국문학),한국현대소설,충남대학교,박사,吳蓮嬉,Oh Yeun Hee
10032333,ok,노용무,남,1967,전북대학교,강사,재직,현대시(국문학),현대시,전북대학교,박사,盧勇武,Yongmoo Noh
10032348,ok,서현석,여,1971,전주교육대학교(대학별),교수,재직,교과교육학,초등국어교육,한국교원대학교,박사,徐賢錫,Hyunseok Seo
10032369,ok,석화정,여,*****,공군사관학교,*****,*****,서양사,제국주의시대국제관계사,한양대학교,박사,*****,*****
10032372,ok,신호철,남,1970,청주대학교(연계),부교수,재직,국어교육,문법교육,고려대학교,박사,申昊澈,SHIN HO CHEOL
10032376,ok,오진석,남,1970,배재대학교(연계),교수,재직,경제사/학사,경제사,연세대학교,박사,吳鎭錫,JINSEOK OH
10032413,ok,유영희,여,1961,고려대학교,강사,재직,한국철학,조선유학,고려대학교,박사,劉英姬,Yu YoungHee
10032429,ok,정태헌,남,1958,고려대학교(연계),명예교수,재직,한국현대사,한국근현대경제사,고려대학교,박사,鄭泰憲,JUNG TAE-HERN
10032436,ok,유정월,여,1973,홍익대학교(연계),부교수,재직,구비문학(국문학),"신화, 민담, 소화, 스토리텔링",서강대학교,박사,,Ryu Jeong Wol
10032447,ok,구모룡,남,1959,한국해양대학교,교수,재직,문학비평(국문학),문학비평과 시론,부산대학교,박사,具謨龍,Gu Mo-Ryong
10032451,ok,배개화,여,1970,단국대학교(연계),교수,재직,현대소설(국문학),현대소설(국문학),서울대학교,박사,,"Bae, Gaehwa"
10032479,ok,남미혜,여,*****,서울시립대학교,*****,*****,국어학,현대국어문법론,서울대학교,박사,*****,*****
10032482,ok,옥종석,남,1956,세명대학교,교수,재직,영어학,영어화용론.영어교육,Univ. of Kansas,박사,玉宗錫,"Ok, Jong-Seok"
10032483,ok,심재휘,남,1963,대진대학교(연계),교수,재직,현대시(국문학),"시론, 시비평 및 창작교육",고려대학교,박사,沈在暉,Shim Jae-hui
10032500,ok,서지영,여,*****,서울대학교 아시아연구소,*****,*****,문화사(역사학),한국문화사,University of British Columbia,박사,*****,*****
10032504,ok,이선미,여,1965,경남대학교,부교수,재직,국문학,현대소설,연세대학교,박사,李善美,Sunmi Lee
10032505,ok,임현,여,*****,고려대학교(연계),*****,*****,행정법,행정법,Univ. Regensburg,박사,*****,*****
10032531,ok,김호연,남,1968,문화연구소 케이코뮌,연구위원,재직,예술사,한국근현대공연예술사,단국대학교,박사,金瑚然,Kim ho-yoen
10032542,ok,방민호,남,1965,서울대학교(연계),교수,재직,현대소설(국문학),현대소설 및 현대비평,서울대학교,박사,方珉昊,"Bang, Min Ho"
10032546,ok,이현주,여,1970,연세대학교,강사,재직,현대소설(국문학),1920~30년대 소설,연세대학교,박사,李賢珠,Hyun-Ju Lee
10032558,ok,허용호,남,1965,한국예술종합학교,객원교수,재직,구비문학(국문학),전통연행예술,서강대학교,박사,許龍鎬,HeoYongHo
10032580,ok,김남이,여,1969,부산대학교(연계),교수,재직,인문학,한문학,이화여자대학교,박사,金南伊,Kim Nam Yi
10032590,ok,김정남,여,1965,경희대학교(연계),교수,재직,응용국어학,한국어 문법 교육론,서울대학교,박사,金貞男,Kim Jung Nam
10032605,ok,정은진,여,1972,영남대학교(연계),교수,재직,한문학,한국한문학,성균관대학교,박사,丁殷鎭,Jeong Eun Jin
10032656,ok,손원숙,여,1969,경북대학교(연계),교수,재직,교육평가,교육 측정 및 평가,University of Illinois at Urbana - Champaign,박사,孫援淑,Sohn Won Sook
10032658,ok,김한식,남,1967,상명대학교(연계),교수,재직,현대소설(국문학),장편소설,고려대학교,박사,金漢植,"Kim, Han Sik"
10032688,ok,김병구,남,1965,숙명여자대학교,부교수,재직,현대소설(국문학),현대소설,서강대학교,박사,金炳九,Kim Byeong Goo
10032689,ok,이태숙,여,1964,단국대학교(연계),교수,재직,현대소설(국문학),현대소설(국문학),고려대학교,박사,,Lee Taesuk
10032704,ok,이호영,남,1963,서울대학교,교수,재직,음성학(언어학),"국어음성학, 영어음성학, 운율론",University of London,박사,李豪榮,"Lee, Ho-Young"
10032707,ok,조갑상,남,1950,경성대학교,교수,재직,현대소설(국문학),현대소설이론 및 소설창작실기,동아대학교,박사,曺甲相,KapSang Cho
10032712,ok,박희진,남,1964,경북대학교 경제경영연구소,연구원,재직,경제사/학사,한국경제사,영남대학교,박사,朴熙振,Park Heejin
10032714,ok,양윤모,남,*****,극동대학교(대학별),*****,*****,현대소설(국문학),현대소설,고려대학교,박사,*****,*****
10032715,ok,강희정,여,1965,서강대학교(연계),교수,재직,미술사,조각사,서울대학교,박사,姜熺靜,Heejung Kang
10032720,ok,이경하,여,1968,서울대학교(연계),HK교수,재직,국문학사,여성문학사,서울대학교,박사,李景河,"Lee, Kyungha"
10032728,ok,서경희,여,1973,한신대학교(연계),부교수,재직,고전산문,고전소설,이화여자대학교,박사,徐 炅 希,"Seo, Kyung Hee"
10032729,ok,이성하,남,1957,한국외국어대학교,명예교수,재직,응용언어학,"문법화론, 인지언어학",University of Texas at Austin,박사,李星夏,Seongha Rhee
10032730,ok,구만옥,남,1963,경희대학교(연계),교수,재직,조선후기사,조선후기 과학사상사,연세대학교,박사,具萬玉,Koo Mhan-ock
10032742,ok,최정선,여,*****,동덕여자대학교,*****,*****,국문학,"비교문학, 고전시가.",연세대학교,박사,*****,*****
10032769,ok,정지영,여,*****,이화여자대학교,*****,*****,여성사,한국여성사,서강대학교,박사,*****,*****
10032777,ok,류성후,남,1954,진주교육대학교,교수,재직,국어학,음성언어교육론,전주대학교,박사,柳性侯,"Ryu,Sung-Hoo"
10032779,ok,이홍식,남,1965,숙명여자대학교,교수,재직,통사론(국어학),현대국어 통사론,서울대학교,박사,,Hongshik Yi
10032784,ok,이권홍,남,1964,제주국제대학교(대학별),교수,재직,비교문학(중문학),중국현대문학,國立政治大學,박사,李權洪,"Lee,Kweon-Hong"
10032831,ok,김수자,여,1965,이화여자대학교(연계),부교수,재직,한국현대사,한국현대정치,이화여자대학교,박사,金壽子,Soo Ja Kim
10032844,ok,김준형,남,1967,부산교육대학교(연계),교수,재직,고전산문,고전소설,고려대학교,박사,金埈亨,Kim  Joon-hyeong
10032845,private,,,,,,,,,,,,
10032849,ok,심상교,남,*****,부산교육대학교(연계),*****,*****,희곡,연극사 교육연극,고려대학교,박사,*****,*****
10032852,ok,박경남,남,1968,고려대학교(연계),교수,재직,국문학,한문학,서울대학교,박사,朴京男,PARK KYEONGNAM
10032885,ok,지연숙,,1970,협성대학교,,재직,국문학,고전문학,고려대학교,박사,,Ji Yeon Sook
10032892,ok,박병철,남,1954,서원대학교,명예교수,퇴직,국어사,한자의 훈(새김),인하대학교,박사,朴秉喆,ByeongCherl Park
10032901,ok,김창석,남,1966,강원대학교(연계),교수,재직,한국고대사,"""사회사, 문화사""",서울대학교,박사,金昌錫,"Chang Seok, Kim"
10032916,ok,박상미,여,1963,한국외국어대학교,,재직,문화인류학,"소비문화, 여성, 중국, 대만",Harvard University,박사,朴尙美,Sangmee Bak
10032930,ok,윤영옥,여,1962,전북대학교,강사,재직,현대소설(국문학),서사학,전북대학교,박사,尹英玉,Yun Young-Ok
10032936,ok,손종호,남,1949,충남대학교,교수,재직,현대시(국문학),현대시창작 및 시론,충남대학교,박사,孫鐘浩,Jong-ho Sonn
10032939,private,,,,,,,,,,,,
10033023,ok,진태원,남,1966,성공회대학교,연구교수,재직,서양철학,"근대철학, 사회.정치철학, 프랑스철학",서울대학교,박사,,Tae-Won Jin
10033032,ok,박기용,남,1955,진주교육대학교(연계),교수,재직,국문학,구비문학,대구대학교,박사,,
10033036,ok,윤성현,남,1956,배재대학교,조교수,퇴직,인문학,고려속요,연세대학교,박사,,SUNGHYUN YOON
10033039,ok,정인숙,여,1970,성균관대학교(연계),교수,재직,고전시가,고전시가,서울대학교,박사,鄭麟淑,"JEONG, INSOOK"
10033040,ok,백문임,여,1969,연세대학교(연계),교수,재직,영상문학,현대소설영화,연세대학교,박사,,Moon Im Baek
10033046,ok,김선효,여,*****,私立中國文化大學,*****,*****,통사론(국어학),형태통사론,서울대학교,박사,*****,*****
10033049,ok,이용욱,남,1968,전주대학교(연계),교수,재직,국문학,현대문학(디지털스토리텔링),한남대학교,박사,李鎔郁,Lee Yong Wook
10033057,ok,안미영,여,1970,건국대학교 GLOCAL(글로컬)캠퍼스 AI융합연구센터,부교수,재직,현대소설(국문학),현대소설(비평),경북대학교,박사,安美永,Ahn Mi-Young
10033061,ok,권오영,남,1960,한국학중앙연구원,교수,퇴직,한국사,한국사상사,,박사,權五榮,Kwon Oh-Young
10033083,ok,배은경,여,*****,서울대학교(연계),*****,*****,가족여성,"페미니즘이론,한국여성사,섹슈얼리티",서울대학교,박사,*****,*****
10033089,ok,박순애,여,1951,한양대학교(연계),명예교수,재직,일본어교육,"일본어교재,일본어교수법",,석사,朴舜愛,PARK SOON AE
10033091,ok,곽명숙,여,*****,아주대학교(연계),*****,*****,국문학,현대시,서울대학교,박사,*****,*****
10033092,ok,조성균,남,1972,경희대학교(연계),교수,재직,스포츠경영학,스포츠마케팅,한국체육대학교,박사,趙誠均,Sung Kyun Cho
10033093,ok,김홍진,남,1966,한남대학교,교수,재직,문학비평(국문학),현대시,한남대학교,박사,金洪鎭,Kim Hongjin
10033103,ok,박형춘,남,1971,순천향대학교(연계),교수,재직,중국어학,중국방언학,山東大學,박사,朴炯春,Hyeongchun PARK
10033119,ok,서대석,남,*****,서울대학교,,*****,구비문학(국문학),"무가, 신화",서울대학교,박사,,
10033123,ok,이태진,남,1943,서울대학교,명예교수,퇴직,정치사(역사학),한국사,서울대학교,석사,李泰鎭,"Yi,   TaeJin"
10033148,ok,도면회,남,1960,대전대학교(연계),교수,퇴직,한국근대사,한국법제사,서울대학교,박사,都冕會,Myoun-hoi Do
10033194,ok,손희하,남,1956,전남대학교,명예교수,재직,국어사,"새김어휘, 어휘사, 문자론, 방언론, 지명학,",전남대학교,박사,孫熙河,Son Heui Ha
10033264,ok,유영희,여,1968,대구대학교(연계),교수,재직,국어교육학,국어교육,서울대학교,박사,劉英姬,You Young Hee
10033289,ok,서태룡,남,1953,동국대학교,교수,재직,통사론(국어학),"형태론, 통사론, 의미론",서울대학교,박사,,"Seo, Tae Lyong"
10033427,ok,김석배,남,*****,국립금오공과대학교(연계),*****,*****,한국어와문학,기계공학부,경북대학교,박사,*****,*****
10033432,private,,,,,,,,,,,,
10033473,ok,송민영,여,*****,건양대학교,*****,*****,일반문자학(중국어학),漢字構形學,北京師範大學,박사,*****,*****
10033487,ok,윤애경,여,1970,국립창원대학교(연계),교수,재직,현대소설(국문학),현대소설,고려대학교,박사,尹愛卿,"Yoon, Ae-kyung"
10033501,ok,문관수,남,1959,세명대학교,부교수,재직,문학비평(중문학),중국고전시가,성균관대학교,박사,文寬洙,"Moon, Kwan-Soo"
10033512,ok,우형식,남,1955,부산외국어대학교,명예교수,재직,통사론(국어학),국어통사의미론,연세대학교,박사,禹亨植,Woo Hyeongshik
10033530,ok,하상일,남,1970,동의대학교(연계),교수,재직,문학비평(국문학),현대문학,부산대학교,박사,河相一,HA SANG IL
10033542,ok,김기국,남,1960,경희대학교,교수,퇴직,기타인문학,기호학,Univ. de Paris IV (Paris - Sorbonne),박사,金起國,GI GOOK KIM
10033579,ok,권혁웅,남,1967,한양여자대학교(연계),교수,재직,국문학,현대시,고려대학교,박사,權赫雄,"Kwon, Hyuk-Woong"
10033594,ok,유동석,남,1953,부산대학교,교수,재직,국어학,국어학,서울대학교,박사,柳東碩,"RYU,DONG-SUK"
10033599,ok,김덕수,남,1970,한국학중앙연구원,수석연구원,재직,한문학,조선시대 한시,한국학중앙연구원,박사,金德秀,Duksoo Kim
10033613,ok,나희덕,여,1966,서울과학기술대학교(연계),교수,재직,현대시(국문학),현대시,연세대학교,박사,羅喜德,Ra Heeduk
10033628,ok,이문기,남,1953,경북대학교(연계),명예교수,재직,한국고대사,,경북대학교,박사,李文基,Lee Moon-Key
10033675,ok,송병렬,남,1959,영남대학교,교수,퇴직,한문교육,"한문과 교육과정 및 교수-학습 방법, 평가",성균관대학교,박사,宋秉烈,Song Pyung Nyul
10033685,ok,정옥년,여,1959,가톨릭대학교(연계),명예교수,재직,교육학,교육공학(멀티미디어교육/독서교육),한양대학교,박사,鄭玉年,"Jung, Ok-ryun"
10033687,private,,,,,,,,,,,,
10033693,private,,,,,,,,,,,,
10033700,ok,오재환,남,1954,선문대학교,교수,재직,중국현대사,중국현대종교사상사,國立臺灣師範大學,박사,吳在環,Jai-Whan Oh
10033705,ok,박종희,남,*****,원광대학교,*****,*****,국어사,음운사(국어학),전북대학교,박사,*****,*****
10033733,ok,민병욱,남,1956,부산대학교,교수,퇴직,연극사,한국연극사,부산대학교,박사,閔丙郁,"MIN,BYUNG-WOOK"
10033820,ok,류화송,여,1968,충남대학교,강사,재직,중국어학,漢語言文字學,南京大學,박사,柳花松,Hwasong Ryu
10033850,ok,이창헌,남,*****,명지대학교,*****,*****,고전산문,,서울대학교,박사,*****,*****
10033891,ok,변미혜,여,1956,한국교원대학교,교수,퇴직,한국음악이론/분석,국악이론,서울대학교,석사,卞美惠,Byun Mihye
10033921,ok,전성운,남,1968,순천향대학교(연계),교수,재직,고전산문,고전소설,고려대학교,박사,田城芸,Sungwoon Chun
10033954,ok,박진임,여,1964,평택대학교,교수,재직,비교문학(영문학),"비교문학,미국소설, 한국소설, 한국시, 비평",Univ. of Oregon,박사,,JINIM PARK
10033961,ok,이병찬,남,1967,충남대학교,강사,재직,고전비평,한문비평,단국대학교,박사,李炳燦,Byong-Chan Lee
10033976,ok,오영찬,남,1969,이화여자대학교(연계),교수,재직,한국사,한국고대사,서울대학교,박사,吳永贊,Youngchan Oh
10033998,ok,류수열,남,1969,한양대학교(연계),교수,재직,문학교육,고전문학교육,서울대학교,박사,柳洙烈,Ryu Su-yeol
10034009,ok,이혁규,남,*****,청주교육대학교(연계),*****,*****,사회교육학,사회교육과(일반사회전공),서울대학교,박사,*****,*****
10034019,ok,정연희,여,1968,대진대학교(연계),부교수,재직,현대소설(국문학),현대소설,고려대학교,박사,鄭年希,Yeonhee Jeong
10034046,private,,,,,,,,,,,,
10034073,ok,권연진,남,1961,부산대학교(연계),교수,재직,언어학,영어의미론,University of Florida,박사,權年鎭,"KWON,YEON-JIN"
10034124,ok,오경후,남,1966,동국대학교(대학별),조교수,재직,지역불교및불교사연구,한국불교문화사,동국대학교,박사,,Kyeonghwo Oh
10034138,ok,김성한,남,1964,전주교육대학교(대학별),부교수,재직,윤리학,응용윤리학,고려대학교,박사,金成翰,Kim Sunghan
10034153,ok,김영숙,남,1948,대구한의대학교,교수,퇴직,한시,악부시,영남대학교,박사,金榮淑,"Kim,Young Sook"
10034158,private,,,,,,,,,,,,
10034165,ok,이승복,남,1957,상명대학교(연계),교수,재직,고전산문,고전소설,서울대학교,박사,李昇馥,Lee Seung Bok
10034186,ok,윤덕진,남,1953,연세대학교,교수,재직,고전시가,가사,연세대학교,박사,,DUG JIN YOUN
10034199,ok,김문희,여,1971,경기대학교(연계),부교수,재직,고전산문,고전소설,서강대학교,박사,,Kim Moon Hee
10034250,ok,정덕준,남,*****,Al-Farabi Kazakh National University,*****,*****,현대소설(국문학),현대소설,고려대학교,박사,*****,*****
10034254,ok,안동준,남,1957,경상국립대학교(연계),교수,재직,고전산문,고전소설,한국학중앙연구원,박사,安東濬,AHN DONG ZOON
10034285,ok,송원용,남,1970,인천대학교(연계),교수,재직,국어학,형태론,서울대학교,박사,宋源容,"Song, Won Yong"
10034316,ok,백수인,남,1955,조선대학교,교수,퇴직,현대시(국문학),,전북대학교,박사,白洙寅,"Baek, Soo-in"
10034334,ok,김화선,여,1970,배재대학교,부교수,재직,문학비평(국문학),현대소설(국문학),충남대학교,박사,金和仙,HWASEON KIM
10034371,ok,표세만,남,1967,국립군산대학교(연계),교수,재직,일본문화학,"일본 근대 문학, 일본 근현대 문화",神戶大學,박사,,"Pyo, Se man"
10034392,ok,김현정,남,1966,세명대학교(대학별),부교수,재직,문학비평(국문학),문학비평론,대전대학교,박사,金玹廷,Kim Hyeon Jung
10034399,ok,조희웅,남,*****,국민대학교,*****,*****,고전산문,구비문학 및 고전소설,서울대학교,박사,*****,*****
10034435,ok,강문선,여,1952,동국대학교,명예교수,퇴직,종교학,중국선학,동국대학교,박사,,"Kang, Mun Sun"
10034440,ok,이영태,남,1964,인하대학교,강사,재직,고전시가,상대가요 향가 고려가요 시조,인하대학교,박사,,lee young tae
10034453,ok,장필화,여,1951,이화여자대학교,교수,퇴직,여성학이론,성(sexuality),,박사,張必和,Chang Pilwha
10034494,ok,윤해동,남,1959,한양대학교,교수,재직,한국근대사,한국 근대사 및 동아시아사,서울대학교,박사,尹海東,Hae Dong Yun
10034527,ok,김승환,남,1954,충북대학교,교수,퇴직,현대소설(국문학),"한국현대문학, 문학교육, 문화이론, 비교문학",서울대학교,박사,金昇煥,"KIM, Seung Hwan"
10034537,ok,이승윤,남,1967,인천대학교,강의교수,재직,국문학,한국근현대문학,연세대학교,박사,李承潤,SeungYun Lee
10034559,ok,윤택림,여,1961,한국구술사연구소,기타,재직,인류학,역사인류학,Univ. of Minnesota,박사,尹澤林,Taek-Lim Yoon
10034562,ok,Andrew Eungi Kim,,1961,고려대학교,,,,,,,,
10034578,ok,윤혜진,여,1970,전남대학교(연계),교수,재직,종족음악학/세계음악,"음악문화, 음악사상 및 분석",Visva - Bharati,박사,尹惠塡,yoon hyejin
10034611,ok,심재숙,여,1964,고려대학교,강사,퇴직,산문,고전산문,고려대학교,박사,沈載淑,Sim Jae-Suk
10034644,ok,유보선,남,1962,국립군산대학교(연계),교수,재직,문학비평(국문학),한국 현대소설 및 비평,서울대학교,박사,,"Yoo, Bo sun"
10034655,ok,허남춘,남,1958,제주대학교,교수,퇴직,구비문학(국문학),고전문학,성균관대학교,박사,許南春,Heo Nam Choon
10034658,ok,이화진,여,1975,서울대학교(연계),조교수,재직,영상문학,한국영화 및 극장문화,연세대학교,박사,李和眞,LEE Hwajin
10034671,ok,윤영옥,남,1941,영남대학교,명예교수,퇴직,고전시가,,영남대학교,박사,尹榮玉,YoungOk  Yoon
10034686,ok,이동하,남,1955,서울시립대학교(연계),교수,재직,현대소설(국문학),,서울대학교,박사,李東夏,Yi Dong-ha
10034694,ok,이경진,여,1980,성균관대학교,대학원생,미취업,국문학사,국문학사,성균관대학교,석사,李慶眞,Kyungjin Lee
10034710,ok,이혜순,여,1942,이화여자대학교,명예교수,퇴직,한시,한문학,國立臺灣師範大學,박사,李慧淳,Hai-Soon Lee
10034733,ok,이성범,남,1958,서강대학교,교수,퇴직,화용론(영어학),의미화용론,Yale Univ.,박사,李聖範,Sungbom Lee
10034737,private,,,,,,,,,,,,
10034739,ok,이복규,남,1956,서경대학교,교수,재직,고전산문,,경희대학교,박사,李福揆,Lee  Bok Kyu
10034743,ok,박찬순,여,1946,서울여자대학교,전임강사,퇴직,신문방송학,,,,박찬순,"Park,Chan-Soon"
10034756,ok,최영진,남,1952,성균관대학교,명예교수,퇴직,한국철학일반,,성균관대학교,박사,崔英辰,"CHOI, YOUNG JIN"
10034814,ok,이길상,남,1956,한국학중앙연구원,교수,재직,교육사학,한국근현대교육사,University of Illinois at Urbana - Champaign,박사,李吉相,Gil Sang Lee
10034818,ok,한상진,남,1945,서울대학교,명예교수,퇴직,사회이론/사상사,비판사회이론/정치사회학,Southern Illinois University - Carbondale,박사,韓相震,"Han,  Sang-Jin"
10034825,ok,오창은,남,1970,중앙대학교(연계),부교수,재직,현대소설(국문학),"현대소설, 문학비평, 소설이론, 문학이론",중앙대학교,박사,吳昶銀,Oh Chang Eun
10034826,ok,김건우,남,1968,대전대학교(연계),교수,재직,현대소설(국문학),1950~60년대 한국 소설과 비평,서울대학교,박사,金建佑,Kunwoo Kim
10034870,ok,홍윤기,남,1969,경희대학교(연계),교수,재직,한국어교육학,문법론,경희대학교,박사,洪允基,HONG YUN KI
10034897,ok,남지만,남,1974,한국고전번역원,선임연구원,재직,한국철학,성리학,고려대학교,박사,南智萬,Ji-Man Nam
10034945,ok,유제분,여,1954,부산대학교,교수,퇴직,영문학,"영미소설, 영미비평, 여성학",서강대학교,박사,柳濟分,Je-Boon Yu
10034982,ok,이근우,남,1960,국립부경대학교,명예교수,퇴직,한국고대사,고대율령제,한국학중앙연구원,박사,,RHEE KUN WOO
10035052,ok,김영운,남,1954,한양대학교(연계),교수,재직,한국음악사,국악사 및 민속음악학,성균관대학교,박사,金英云,"Kim, Young woon"
10035067,ok,전경목,남,1955,한국학중앙연구원,명예교수,퇴직,조선후기사,"고문서, 조선후기사회사. 지방사",전북대학교,박사,全炅穆,CHON KYOUNGMOK
10035081,ok,김승곤,남,1927,건국대학교,명예교수,,국어학,,건국대학교,박사,金昇坤,Kim Seung-gon
10035095,ok,이종열,남,1971,(주) 브레니아,수석연구원,재직,인지과학이론,인지언어학(의미론),경북대학교,박사,李鐘悅,Lee Jong yeol
10035102,ok,김태완,남,1964,전남대학교 호남학연구원,연구위원,재직,한국철학,한국성리학,숭실대학교,박사,金泰完,"Kim,Tae-Wan"
10035112,ok,김병덕,남,*****,중앙대학교,*****,*****,문예창작,창작문학,중앙대학교,박사,*****,*****
10035161,ok,이철수,남,1934,인하대학교,교수,퇴직,국어학,,단국대학교,석사,李喆洙,"Lee, Cherl-Soo"
10035202,ok,박정수,남,1953,진주교육대학교,교수,재직,국어학,국어음운론,동아대학교,박사,朴貞秀,
10035230,ok,이찬욱,남,1957,중앙대학교,,재직,고전시가,시가 율격론,중앙대학교,박사,李澯旭,Lee Chan Wook
10035259,ok,이범직,남,1942,건국대학교,교수,재직,사상사(역사학),예사상,서울대학교,박사,李範稷,"Lee,Bum-Jik"
10035263,ok,김경복,남,1963,경남대학교,부교수,재직,국문학,한국현대시,부산대학교,박사,金京福,Kyungbok kim
10035271,ok,민혜숙,여,1960,기독간호대학교,강사,재직,현대소설(국문학),1990년대 한국소설의 불안의식 연구/프랑스 소설,전남대학교,박사,閔惠淑,Min Hye Sook
10035316,ok,곽근,남,1950,동국대학교(대학별),교수,재직,작가론,현대소설,성균관대학교,박사,,"kwak, Keun"
10035317,ok,김동협,남,1953,동국대학교(대학별),교수,재직,한문소설,,경북대학교,박사,,"Kim, Dong Hyeop"
10035334,ok,김준옥,남,*****,전남대학교,*****,*****,국문학,고전시가,전북대학교,박사,*****,*****
10035366,ok,조현준,여,1968,경희대학교(연계),부교수,재직,영미문학비평,"페미니즘 비평, 정신분석학",경희대학교,박사,趙賢純,Cho Hyun June
10035379,ok,방민화,여,1962,숭실대학교,연구원,재직,현대소설(국문학),현대소설,숭실대학교,박사,방민화,Bang Min-Hwa
10035388,ok,정연희,여,1972,국민대학교(연계),교수,재직,국어학,"한국어 교육, 인지언어학(문법화)",한국외국어대학교,박사,丁年姬,Jung Yonhee
10035411,private,,,,,,,,,,,,
10035436,ok,진대연,남,1971,선문대학교,부교수,재직,한국어교육학,언어교육/한국어교육,서울대학교,박사,陳大演,"JIN, Dae-Yeon"
10035440,ok,최윤곤,남,1971,서원대학교(연계),조교수,재직,한국어교육학,문법교육,광운대학교,학사,崔潤坤,CHOI YUN-GON
10035453,ok,이봉원,남,1970,나사렛대학교(대학별),교수,재직,음운론(국어학),"음운론, 음성학, 말과학, 언어정책",고려대학교,박사,李奉遠,Bongwon Yi
10035559,ok,이승환,남,1956,고려대학교,교수,퇴직,유교철학,동양철학일반,University of Hawaii at Manoa,박사,李承煥,Lee Seung-Hwan
10035573,ok,신진,남,1950,동아대학교,교수,퇴직,현대시(국문학),,성균관대학교,박사,辛進,Shin Jin
10035590,ok,정광,남,1940,고려대학교,명예교수,재직,국어사,국어사,국민대학교,박사,鄭光,Kwang Chung
10035622,ok,박해남,남,1965,성균관대학교,초빙교수,재직,고전시가,고전시가,성균관대학교,박사,朴海男,Haenam Park
10035628,ok,양정석,남,1960,연세대학교,교수,재직,통사론(국어학),,연세대학교,박사,,JEONG-SEOK Yang
10035641,ok,박현숙,여,1965,고려대학교(연계),교수,재직,한국고대사,백제사,고려대학교,박사,朴賢淑,"PARK,  HYUN SOOK"
10035648,ok,민관동,남,1960,경희대학교,교수,퇴직,중국고전문학,중국고전소설,私立中國文化大學,박사,閔寬東,"Min, Kwan Dong"
10035667,ok,김영철,남,1950,건국대학교,교수,재직,현대시(국문학),,서울대학교,박사,金榮喆,"Kim,Young-Chul"
10035720,ok,정길수,남,1970,서울대학교(연계),교수,재직,고전산문,"소설, 비평",서울대학교,박사,鄭吉秀,CHUNG KIL SOO
10035724,ok,강진구,남,1969,제주대학교,연구교수,재직,현대소설(국문학),소설사,중앙대학교,박사,姜鎭求,"Kang, jingu"
10035726,ok,이장우,남,1940,영남대학교,명예교수,퇴직,중국시,당시,서울대학교,박사,李章佑,Lee Jang-Wu
10035735,ok,박재연,남,1958,선문대학교,교수,재직,중국고전문학,중국고전소설,한국외국어대학교,박사,朴在淵,Jae-Yeon Park
10035788,ok,양혜경,여,1966,신라대학교(연계),교수,재직,현대시(국문학),현대시론,동아대학교,박사,,"Yang, Hae-kyung"
10035820,ok,고광모,남,1953,국립목포대학교,교수,퇴직,국어학,"국어 음운론, 국어사",서울대학교,박사,高光模,Ko Kwang-mo
10035832,ok,김덕호,남,1961,경북대학교(연계),교수,재직,응용국어학,국어문화론,경북대학교,박사,金德鎬,Kim Deok-ho
10035844,ok,서혜란,여,1955,신라대학교,교수,퇴직,도서관/정보센터경영,장서관리,연세대학교,박사,,"Suh, Hye-ran"
10035854,ok,황혜영,여,1971,서원대학교(연계),교수,재직,소설(프랑스문학),,Univ. de Paris VIII (Vincennes-Saint-Denis),박사,黃惠暎,Hyeyoung Hwang
10035862,ok,김대숙,여,*****,평택대학교,*****,*****,구비문학(국문학),,이화여자대학교,박사,*****,*****
10035875,ok,이재성,남,1965,서울여자대학교(연계),교수,재직,한국어와문학,한국어와문학,연세대학교,박사,李宰誠,LEE JAESEONG
10035877,ok,박은화,여,1957,충북대학교,교수,퇴직,미술사,중국회화사,Univ. of Michigan,박사,朴恩和,"Park, Eunwha"
10035902,ok,박윤희,남,1957,동국대학교,교수,재직,영문학,18세기이전영문학,University of North Texas,박사,,"Park, Yoon Hee"
10035920,ok,장남원,여,1963,이화여자대학교(연계),교수,재직,미술사,한국 및 동양미술사,이화여자대학교,박사,張南原,Namwon Jang
10035924,ok,송기섭,남,1961,충남대학교(연계),교수,재직,현대소설(국문학),현대소설,충남대학교,박사,宋基燮,"Song, Ki-seob"
10035935,ok,양창용,남,*****,제주대학교(연계),*****,*****,언어학,"기능문법, 언어유형론,",University of Florida,박사,,*****
10035940,ok,정우택,남,1962,성균관대학교(연계),교수,재직,현대시(국문학),,성균관대학교,박사,鄭雨澤,"JEONG, WOO TAEK"
10035947,ok,정동환,남,1951,협성대학교,교수,재직,의미론(국어학),,건국대학교,박사,鄭東煥,Dong-Hwan Jung
10035965,ok,김혜경,여,1958,전북대학교(연계),교수,재직,가족/성(gender)의사회학,가족사회학,이화여자대학교,박사,金惠慶,Kim Hye Kyung
10035970,ok,김석봉,남,*****,울산대학교,*****,*****,국문학,,서울대학교,박사,*****,*****
10035971,ok,이자랑,여,1968,동국대학교(대학별),조교수,재직,근본불교,"교단사, 율장",東京大學,박사,李慈郞,"Lee,Ja-Rang"
10036046,ok,정현성,남,*****,한국교원대학교(연계),*****,*****,음성학(언어학),실험음성학,University College London,박사,,*****
10036049,ok,조극훈,남,1966,경기대학교(연계),부교수,재직,정치/사회철학,역사철학. 사회철학. 정치철학.,동국대학교,박사,,"Cho, Keuk-Hoon"
10036096,private,,,,,,,,,,,,
10036123,ok,최상진,남,1952,경희대학교,교수,재직,의미론(국어학),국어의미론,경희대학교,박사,崔尙鎭,Sang Jin Choi
10036129,ok,최웅환,남,1965,국립경국대학교(연계),교수,재직,통사론(국어학),통사론,경북대학교,박사,崔雄煥,"Choi, Ung-hwan"
10036140,ok,이현진,여,1955,영남대학교,교수,퇴직,인지발달및병리,언어발달,Univ. of California at Irvine,박사,李賢珍,"Lee, Hyeon Jin"
10036177,ok,심재우,남,*****,한국학중앙연구원(연계),*****,*****,조선후기사,"사회사, 문화사, 법제사",서울대학교,박사,*****,*****
10036178,ok,박진호,남,1970,서울대학교(연계),교수,재직,통사론(국어학),동사 논항구조,서울대학교,박사,朴鎭浩,"Park, Jinho"
10036209,ok,송혁기,남,1970,고려대학교(연계),교수,재직,한문비평,조선후기 한문비평과 한문산문,고려대학교,박사,宋赫基,Song Hyok Key
10036216,ok,이효인,남,1961,경희대학교(연계),교수,재직,영화사,한국영화사,중앙대학교,박사,李孝仁,YI HYOIN
10036221,ok,황정산,남,1958,대전대학교,조교수,재직,국문학,현대문학,고려대학교,박사,黃貞産,Hwang Jung-San
10036224,private,,,,,,,,,,,,
10036231,ok,채호석,남,1962,한국외국어대학교,,재직,현대소설(국문학),현대소설,서울대학교,박사,蔡淏晳,Chae Ho Seok
10036259,private,,,,,,,,,,,,
10036307,private,,,,,,,,,,,,
10036338,ok,임환모,남,*****,전남대학교,*****,*****,문학비평(국문학),,전남대학교,학사,*****,*****
10036370,ok,신명선,여,1974,인하대학교(연계),교수,재직,국어교육학,어휘 교육,서울대학교,박사,申明善,MYUNG SUN SHIN
10036388,ok,권유성,남,1973,제주대학교(연계),부교수,재직,현대시(국문학),일제강점기 현대시,경북대학교,박사,權維星,Kwon YuSeong
10036393,ok,김형수,남,1966,(재) 한국국학진흥원,연구위원,재직,고려시대사,고려후기정치사,경북대학교,박사,金炯秀,HyeongSu Kim
10036402,ok,이기동,남,*****,고려대학교(연계),*****,*****,음운론(국어학),방언학,고려대학교,박사,*****,*****
10036418,ok,신주철,남,1967,한국외국어대학교,부교수,재직,현대시(국문학),한국현대시,한국외국어대학교,박사,신주철,Ju-Cheol Shin
10036420,ok,정한기,남,1964,전주교육대학교(대학별),교수,재직,고전시가,"가사, 민요",서울대학교,박사,鄭漢琪,Jeong Hangi
10036424,ok,이도영,남,*****,춘천교육대학교(연계),*****,*****,국어교육학,"국어과 교육과정, 평가, 말하기 듣기 교육",서울대학교,박사,*****,*****
10036426,ok,홍재범,남,1966,건국대학교,교수,재직,현대희곡(국문학),"대중연극, 각색",서울대학교,박사,洪在範,Hong Jaebeom
10036428,ok,권혁래,남,1965,용인대학교,부교수,재직,고전산문,고전산문,연세대학교,박사,權赫來,Hyeok Rae Kwon
10036433,private,,,,,,,,,,,,
10036446,ok,권순희,여,1969,이화여자대학교(연계),교수,재직,국어교육학,표현지도,서울대학교,박사,權純熙,Soon Hee Kwon
10036452,ok,김현태,남,1970,국립부경대학교(연계),교수,재직,어휘학(중국어학),어휘학(중국어학),上海師範大學,박사,金炫兌,"Kim, Hyun-Tae"
10036475,ok,조영주,여,1977,건국대학교,조교수,재직,고전시가,고전문학/문학치료,건국대학교,박사,조영주,ChoYoung Ju
10036572,ok,김민호,남,1960,영산대학교,교수,퇴직,기타인류학,동양무예실기와 이론,Univ. de Bordeaux II,박사,金珉湖,Minho KIM
10036598,private,,,,,,,,,,,,
10036630,ok,최명옥,남,1944,서울대학교,명예교수,퇴직,방언학(국어학),국어방언학,서울대학교,박사,崔明玉,"Choi,  MyungOk"
10036636,ok,김재엽,남,1964,연세대학교(연계),교수,재직,가족복지,사회복지실천,Univ. of Chicago,박사,,JAE YOP KIM
10036652,private,,,,,,,,,,,,
10036677,ok,박영목,남,1948,홍익대학교,교수,퇴직,국어교육학,작문교육론 및 독서교육론,University of Illinois at Urbana - Champaign,박사,,Park Young Mok
10036679,ok,허만욱,남,1961,남서울대학교(연계),부교수,재직,현대소설(국문학),소설이론 및 실기,중앙대학교,박사,,Hur Man Ook
10036714,ok,황정현,남,1950,서울교육대학교,교수,재직,국어교육,문학교육,연세대학교,박사,黃正鉉,
10036715,ok,신동흔,남,1963,건국대학교,교수,재직,구비문학(국문학),"설화, 문학치료",서울대학교,박사,申東昕,Donghun Shin
10036731,ok,맹주억,남,1956,한국외국어대학교,교수,재직,응용언어학(중국어학),"음성학, 중한번역, 전통중국어교육사",한국외국어대학교,박사,孟柱億,Joo-Oeck Maeng
10036805,ok,김영환,남,1955,국립부경대학교,교수,퇴직,언어철학,"문자론,  언어 정책",서울대학교,박사,,
10036807,ok,홍순권,남,1954,동아대학교,교수,퇴직,한국근대사,"독립운동사, 일제시기 식민지정책사, 지방사",서울대학교,박사,洪淳權,Hong  Soon  Kwon
10036835,ok,구수경,여,1961,건양대학교,교수,재직,현대소설(국문학),현대소설의 시점,충남대학교,박사,具秀卿,Sookyung Koo
10036850,private,,,,,,,,,,,,
10036868,ok,이미란,여,*****,전남대학교,*****,*****,현대소설(국문학),소설창작,전남대학교,박사,*****,*****
10036924,ok,최규수,여,1963,명지대학교(연계),교수,재직,고전시가,"시조, 가사",이화여자대학교,박사,崔圭穗,"Choi, KyuSoo"
10036928,ok,장사선,남,1948,홍익대학교,초빙교수,재직,문학비평(국문학),,서울대학교,박사,,"Chang, sasun"
10036931,ok,이승채,남,1960,전북대학교,교수,퇴직,정보교육,독서교육,성균관대학교,박사,李昇蔡,Lee Seung Chae
10036935,ok,정유화,남,1962,남서울대학교,강사,재직,현대시(국문학),현대시 비평 및 창작,중앙대학교,박사,鄭有和,Yuhwa Jeong
10036944,ok,정우영,남,1954,동국대학교,명예교수,퇴직,국어학,"국어사, 음운론(국어학)",동국대학교,박사,鄭宇永,"Chung, Woo Young"
10036962,ok,김형철,남,1950,경남대학교,교수,재직,국어학,의미론,경북대학교,박사,金炯哲,Hyungchul Kim
10036963,private,,,,,,,,,,,,
10036969,ok,김균태,남,1948,한남대학교,명예교수,재직,구비문학(국문학),구비문학(국문학),서울대학교,박사,金均泰,Kyuntae Kim
10036975,ok,장한업,남,1963,이화여자대학교(연계),교수,재직,프랑스어교육,불어교육학,Univ. de Rouen,박사,張漢業,Han Up Jang
10036980,ok,이석주,남,1965,동국대학교,초빙교수,재직,중국철학,중국철학,동국대학교,박사,李錫柱,"Lee,Seog-Ju"
10036984,ok,유동엽,남,*****,공주교육대학교(연계),*****,*****,국어교육학,국어교육,서울대학교,박사,*****,
10036989,ok,양정호,남,1967,덕성여자대학교(연계),교수,재직,국어사,문법사,서울대학교,박사,梁正昊,Yang Jeongho
10036999,ok,허철구,남,1962,국립창원대학교(연계),교수,재직,통사론(언어학),,서강대학교,박사,許喆九,Huh. Chul-gu
10037024,private,,,,,,,,,,,,
10037052,ok,장동진,남,1953,연세대학교,교수,재직,정치사상,"자유주의정치철학, 민주주의론, 리더십",University of Texas at Austin,박사,,DONG-JIN JANG
10037059,ok,김상훈,남,1958,동남보건대학교(연계),부교수,재직,구비문학(국문학),판소리,인하대학교,박사,金相勳,KIM SANG HOON
10037060,ok,민충환,남,1945,부천대학교,교수,퇴직,국문학,,인하대학교,석사,閔忠煥,Min Choong Hwan
10037079,ok,최원식,남,1949,인하대학교,명예교수,재직,현대소설(국문학),계몽주의문학사,서울대학교,박사,崔元植,Choi Won Shik
10037122,ok,이다미,여,*****,한양대학교(연계),*****,*****,영어교육,제2언어습득,University of Southern California,박사,*****,*****
10037123,ok,김중섭,남,1958,경희대학교,교수,퇴직,한국어교육학,"평가론, 교육방법론, 교육과정론, 교재론, 문화론",경희대학교,박사,金重燮,Kim Jung Sup
10037162,ok,정석태,남,1959,부산대학교 점필재연구소,전임연구원,재직,한시,퇴계 한시,고려대학교,박사,鄭錫胎,Suktae Chung
10037246,ok,정기철,남,1959,호남신학대학교,교수,퇴직,종교철학,해석학,Ruhr - Univ. Bochum,박사,,Ki-Cherl Chung
10037252,ok,차혜원,여,1963,연세대학교(연계),교수,재직,중국근세사(명청),중국 근세 관료제와 사회,京都大學,박사,,Hyewon Cha
10037266,ok,이형성,남,1966,전남대학교 철학연구교육센터,전임연구원,재직,한국유가철학,조선후기성리학,성균관대학교,박사,李炯性,"Hyung-sung, Lee"
10037271,ok,강소영,여,*****,홍익대학교,*****,*****,화용론(국어학),"통사, 화용",이화여자대학교,박사,*****,*****
10037326,ok,하우봉,남,1953,전북대학교(연계),교수,재직,조선후기사,한일관계사,서강대학교,박사,河宇鳳,Ha Woo Bong
10037347,ok,김태승,남,1952,아주대학교,교수,퇴직,중국현대사,상해지역노동운동과 도시문화,고려대학교,박사,金泰丞,Tai-Seung Kim
10037351,ok,최재남,남,1961,이화여자대학교,교수,퇴직,고전시가,고전시가,서울대학교,박사,崔載南,Jae Nam Choi
10037402,ok,이노형,남,*****,울산대학교,*****,*****,국문학,문학,서울대학교,박사,*****,*****
10037412,ok,김형규,남,*****,아주대학교,*****,*****,현대소설(국문학),"현대소설, 현대문학, 서사학",아주대학교,박사,*****,*****
10037436,ok,전경준,남,1957,한국교원대학교,교수,퇴직,통사론(프랑스어학),문장문법과 담화문법,Univ. de Paris VIII (Vincennes-Saint-Denis),박사,全敬俊,Jeon Kyungjun
10037455,ok,한강희,남,*****,전남도립대학교,*****,*****,문학비평(국문학),한국현대문학,성균관대학교,박사,*****,*****
10037470,ok,최영성,남,1962,한국전통문화대학교(대학별),교수,재직,한국철학,한국유학사상사,성균관대학교,박사,崔英成,"Choi, Youngsong"
10037476,ok,진경환,남,*****,한국전통문화대학교(대학별),*****,*****,국문학,고전문학(산문),고려대학교,박사,*****,*****
10037484,ok,한재영,남,*****,한신대학교,*****,*****,형태론(국어학),"국어사, 중세국어",서울대학교,박사,*****,*****
10037507,ok,이상옥,남,1958,전주대학교(연계),명예교수,재직,지역정치,Chinese Politics,復旦大學,박사,李相沃,SANG OK LEE
10037536,ok,이준규,남,1971,부산대학교(연계),교수,재직,한국경학,한국경학,고려대학교,박사,李駿圭,"Lee, Jun-Kyu"
10037538,ok,원창애,여,1958,경상국립대학교 경남문화연구원,연구교수,재직,사회사(역사학),조선시대사,한국학중앙연구원,박사,元昌愛,wonchangae
10037543,ok,최형용,남,1971,이화여자대학교(연계),교수,재직,형태론(국어학),형태론(국어학),서울대학교,박사,崔炯龍,Hyung-Yong Choi
10037628,ok,이태영,남,1956,전북대학교(연계),교수,재직,국어사,국어문법사,전북대학교,박사,李太永,Lee Tae Yeong
10037636,ok,마상윤,남,1967,가톨릭대학교(연계),교수,재직,외교정책,"미국외교, 한미관계",Univ. of Oxford,박사,馬相潤,"Ma, Sang yoon"
10037666,ok,장장식,남,1959,국립민속박물관,공무원,재직,민속학(인류학),"구비문학, 민간신앙",경희대학교,박사,張長植,"JANG, JANG-SIK"
10037672,ok,정수현,여,1964,연세대학교,강사,재직,현대소설(국문학),현대문학,연세대학교,박사,鄭 秀 賢,"Jung, soo hyun"
10037715,ok,조민정,여,1969,연세대학교,연구교수,재직,통사론(국어학),통사론,연세대학교,박사,趙玟征,MinJeong Jo
10037718,ok,양영하,여,1973,상명대학교(연계),부교수,재직,화용론(국어학),대화분석,상명대학교,박사,楊榮河,YANG YOUNGHA
10037811,ok,최연식,남,1966,동국대학교(대학별),교수,재직,사상사(역사학),한국불교사,서울대학교,박사,,Choe Yeonshik
10037826,ok,서수백,여,1974,대구가톨릭대학교,조교수,재직,국어학,어휘론 의미론,대구가톨릭대학교,박사,徐受伯,seosubaek
10037831,ok,박소영,여,1974,부산대학교(연계),교수,재직,통사론(국어학),통사론,University of Southern California,박사,朴素英,"Park, Soyoung"
10037836,ok,이영미,여,1961,,대우교수,퇴직,문학비평(국문학),"대중예술학, 연극학",고려대학교,석사,,Young Mee Lee
10037847,ok,이윤선,남,1964,국립목포대학교,강사,퇴직,민속학(인류학),민속예술,국립목포대학교,박사,李允先,Lee yoon sun
10037863,ok,윤인현,남,1962,인하대학교(연계),조교수,재직,한문비평,한시비평,서강대학교,박사,尹寅鉉,YUN INHYUN
10037877,ok,오항녕,남,1961,전주대학교(연계),명예교수,재직,조선후기사,사상사,고려대학교,박사,吳恒寧,Oh Hang Nyeong
10037891,ok,윤수하,여,1966,전북대학교,강사,재직,현대시(국문학),현대시,전북대학교,박사,尹秀荷,Yoon SuHa
10037896,ok,김현주,여,1958,한국외국어대학교,교수,퇴직,중국고전문학,"시, 사곡",國立臺灣師範大學,박사,金賢珠,"Kim, Hyun-Ju"
10037964,ok,김중순,남,1954,계명대학교,명예교수,재직,종교학,종교학,Univ. des Saarlandes,박사,金重淳,Tschung-Sun Kim
10037974,ok,이민용,남,*****,강원대학교(연계),*****,*****,문예학(독일문학),"게르만신화, 문학치료, 인문치료, 독일문화",서울대학교,박사,*****,*****
10037980,ok,박석준,남,1965,배재대학교(연계),교수,재직,한국어교육학,한국어교육,연세대학교,박사,朴晳焌,SEOKJOON PARK
10037983,ok,정근식,남,1957,서울대학교,교수,퇴직,사회사/역사사회학,"3102, 3104",서울대학교,박사,鄭根埴,"Jung, Keunsik"
10037993,ok,김난옥,여,1965,충남대학교,연구교수,재직,고려시대사,,고려대학교,박사,,KIM NANOK
10037994,ok,맹문재,남,*****,안양대학교(연계),*****,*****,문학이론,시론 및 시 창작,고려대학교,박사,*****,*****
10038013,ok,김경남,여,1963,국립부경대학교 인문사회과학연구소,연구교수,재직,국어교육,근대문학,건국대학교,박사,金景南,Kim Kyungnam
10038015,ok,강찬국,남,1969,부산대학교,연구원,재직,중관학,중관학,연세대학교,박사,姜燦國,"Kang, Chan-Guk"
10038036,ok,최영균,남,1975,(사) 한국그리스도사상연구소,기타,재직,사회사/역사사회학,이주사,한국학중앙연구원,박사,,choi youngkyun
10038050,ok,임지룡,남,1954,경북대학교,명예교수,재직,의미론(국어학),의미론,경북대학교,박사,,LIM JI Ryong
10038064,ok,황호덕,남,1973,성균관대학교(연계),교수,재직,문학비평(국문학),근대한국문학/비교문학,성균관대학교,박사,黃鎬德,"HWANG, HODUK"
10038075,ok,강현조,남,1972,연세대학교,회사원,재직,현대소설(국문학),근대소설,연세대학교,박사,姜賢助,Kang Hyun Cho
10038077,ok,송현호,남,1954,아주대학교,명예교수,재직,현대소설(국문학),현대소설,서울대학교,박사,宋賢鎬,Song Hyun Ho
10038096,ok,임준성,남,1969,광주여자대학교(대학별),부교수,재직,고전비평,한시,한양대학교,박사,林俊成,Lim Jun Sung
10038117,ok,백수진,남,1961,계명대학교(연계),교수,재직,통사론(중국어학),중국어학,私立遠東學院,박사,白水振,"Baek, Su-Jin"
10038191,ok,김용규,남,1964,부산대학교(연계),교수,재직,영미문학비평,문화이론,고려대학교,박사,金容圭,Kim Yong Gyu
10038197,ok,이지하,여,1967,성균관대학교(연계),부교수,재직,고전산문,고전소설,서울대학교,박사,李芝夏,"LEE, JEE HA"
10038201,private,,,,,,,,,,,,
10038238,ok,문옥표,여,*****,한국학중앙연구원,*****,*****,문화인류학,"관광인류학, 가족인류학",Univ. of Oxford,박사,*****,*****
10038304,ok,심상훈,남,1969,(재) 한국국학진흥원,책임연구원,재직,한국근대사,한국독립운동사,국립경국대학교,석사,沈相勳,Shim Sang-Hun
10038306,ok,윤석민,남,1964,전북대학교(연계),교수,재직,의미론(국어학),의미론 및 텍스트언어학,서울대학교,박사,尹錫敏,Youn Soeg Min
10038308,ok,이인영,여,1966,연세대학교,기타,재직,현대시(국문학),한국근현대문학,연세대학교,박사,李仁英,In-Young Lee
10038319,ok,이대형,남,1966,동국대학교(대학별),부교수,재직,고전산문,고전서사,연세대학교,박사,,Dae Hyung Lee
10038321,private,,,,,,,,,,,,
10038326,ok,노은주,여,*****,경운대학교(대학별),*****,*****,형태론(국어학),근대국어 문헌의 국어학적 연구,대구가톨릭대학교,박사,*****,*****
10038335,private,,,,,,,,,,,,
10038354,ok,안숙현,여,1967,남서울대학교(연계),조교수,재직,비교문학,희곡,Moscow State University,박사,,Ahn Suk Hyeon
10038365,ok,김선희,여,1949,경운대학교,초빙교수,재직,어휘론(국어학),국어학,계명대학교,박사수료,金 仙 姬,kimsunhee
10038377,private,,,,,,,,,,,,
10038399,ok,최동현,남,1954,국립군산대학교,교수,재직,구비문학(국문학),판소리,전북대학교,박사,崔東現,Tong-hyon Choe
10038420,ok,강진옥,여,1955,이화여자대학교,교수,퇴직,구비문학(국문학),"한국신화, 설화, 민요, 무속신화",이화여자대학교,박사,姜秦玉,Jin Ok Kang
10038446,ok,임경화,여,1971,중앙대학교(연계),부교수,재직,일본문화학,"근대한일비교문화사, 문화운동사",東京大學,박사,林慶花,KYOUNGHWA LIM
10038473,ok,김상홍,남,1944,단국대학교,명예교수,퇴직,한문학,한국한문학,고려대학교,박사,金相洪,Kim Sanghong
10038478,ok,김정호,여,1959,경상국립대학교,강사,재직,구비문학(국문학),"고전 신화, 시가",경상국립대학교,박사,金貞好,Kim Jung-Ho
10038484,ok,이영관,남,1960,순천향대학교(연계),교수,재직,서양현대사,"서양 근,현대 외교사",Univ. of Arkansas at Fayetteville,박사,李英官,Lee Young-Gwan
10038489,ok,송희경,여,1968,동국대학교,강사,재직,미술사,한국회화사,이화여자대학교,박사,宋憙暻,Heekyung Song
10038498,ok,김영순,남,1966,인하대학교(연계),교수,재직,교육인류학,다문화교육,Freie Univ. Berlin,박사,金永洵,KIM YOUNGSOON
10038544,ok,이선아,여,1968,전북대학교,강사,재직,조선후기사,"정치사상사, 지역사",전북대학교,박사,李善娥,"LEE, SUN AH"
10038546,ok,박재현,남,1971,상명대학교(연계),교수,재직,국어교육,화법 교육,서울대학교,박사,朴宰賢,PARK JAE HYUN
10038547,ok,연희원,여,1962,고려대학교,강사,재직,여성철학,"여성철학, 미학, 패션철학, 기호학",고려대학교,박사,延喜園,Yeon Heeweon
10038583,ok,이현주,여,1971,영남대학교,강사,재직,고전산문,고전소설,영남대학교,박사,이현주,"lee, hyune-ju"
10038589,ok,전동진,남,1970,전남대학교,연구교수,재직,현대시(국문학),현대시,전남대학교,박사,全東珍,Dongjin Jeon
10038590,ok,소래섭,남,1973,울산대학교(연계),교수,재직,현대시(국문학),한국 현대시,서울대학교,박사,蘇來燮,"So, Raesub"
10038602,ok,박영준,남,1962,중앙대학교,연구교수,재직,일본근현대문학,다자이 오사무(太宰治)/한국고전문학(시조),중앙대학교,박사,朴榮俊,"Park, Young-Jun"
10038612,ok,한민주,여,1973,건양대학교,강사,재직,현대소설(국문학),문학비평,서강대학교,박사,韓敏珠,Min-Ju Han
10038617,ok,이승일,남,*****,한양대학교(연계),*****,*****,한국근대사,한국 근대 법제사,한양대학교,박사,,*****
10038630,ok,송혜진,여,1960,숙명여자대학교,교수,재직,한국음악이론/분석,"국악사 및 국악이론, 음악평론",한국학중앙연구원,박사,宋惠眞,Song Hye-Jin
10038644,ok,연기영,남,1952,동국대학교,교수,재직,민법,"재산법, 제조물책임법,스포츠법, 문화예술법,",Georg-August Univ. Goettingen,박사,,"Yeun, Kee Young"
10038645,private,,,,,,,,,,,,
10038659,ok,오윤호,남,1972,이화여자대학교(연계),부교수,재직,현대소설(국문학),현대문학비평,서강대학교,박사,吳潤鎬,Youn-ho Oh
10038662,ok,정현숙,여,1955,한림대학교 아시아문화연구소,연구교수,재직,현대소설(국문학),한국근현대소설,이화여자대학교,박사,鄭賢淑,Hyunsook Jeong
10038688,ok,양정실,여,*****,한국교육과정평가원,*****,*****,국어교육학,문학교육,서울대학교,박사,*****,*****
10038706,ok,김보경,여,1967,인제대학교(연계),부교수,재직,한문학,"고려시대, 조선전기, 조선후기",이화여자대학교,박사,金保京,Kim Bo Kyeong
10038724,ok,고운기,남,1961,한양대학교(연계),교수,재직,고전시가,고전문학,연세대학교,박사,高雲基,Ko Woon Kee
10038736,ok,유인경,여,1975,순천향대학교,강사,재직,현대희곡(국문학),현대희곡,고려대학교,박사,,YooInGyeong
10038741,ok,최민성,남,1969,한신대학교(연계),교수,재직,기타인문학,한중문화콘텐츠,한양대학교,박사,崔 敏 成,"Min-Sung, Choi"
10038745,ok,김용남,여,1967,충북대학교,강사,재직,한문산문,조선시대 한문학,충북대학교,박사,金容男,Yongnam Kim
10038760,ok,하강진,남,1964,동서대학교,교수,재직,국문학사,"고전산문, 지역문학, 한문학, 자전학",부산대학교,박사,河岡震,"Ha,Kang-Jin"
10038762,ok,김진웅,남,1973,경북대학교(연계),부교수,재직,의미론(언어학),의미론,THE UNIVERSITY OF TEXAS AT AUSTIN,박사,,KIM JINUNG
10038771,ok,김유범,남,1970,고려대학교(연계),교수,재직,국어사,"음운론, 형태론, 중세국어",고려대학교,박사,金裕範,"Kim, Yupum"
10038862,ok,심진경,여,1968,서강대학교,강사,재직,현대소설(국문학),현대소설,서강대학교,박사,沈眞卿,"Shim, Jin-Keong"
10038879,ok,엄국천,남,*****,중앙대학교,*****,*****,연극이론,희곡이론,,,,*****
10038931,ok,김정진,남,1960,세명대학교(대학별),교수,재직,현대소설(국문학),한국현대소설,한국외국어대학교,박사,金正辰,Kim Jung Jin
10038954,ok,박정애,여,1970,강원대학교(연계),교수,재직,현대소설(국문학),한국 현대소설,인하대학교,박사,朴正愛,Jeong Ae Park
10038955,ok,김동욱,남,1954,상명대학교,교수,퇴직,한문산문,야담,성균관대학교(자연과학캠퍼스),박사,金東旭,Kim Dong Uk
10038967,ok,김시연,여,1970,上海外國語大學,계약교수,재직,일반문자학(중국어학),異體字,연세대학교,박사,金始衍,Siyun Kim
10038976,ok,손정수,남,1969,계명대학교(연계),교수,재직,문학비평(국문학),현대문학,서울대학교,박사,孫禎秀,"Son,Jeong-soo"
10038981,ok,이성혜,여,1962,부산대학교,강사,재직,한문학,한문비평,부산대학교,박사,李聖惠,Seonghea Lee
10039003,ok,김기림,여,1962,조선대학교(연계),부교수,재직,한시,"한문학, 여성생활사",이화여자대학교,박사,金起林,Kim Girim
10039029,ok,이소영,여,1964,숙명여자대학교,강사,재직,통사론(국어학),,숙명여자대학교,박사,李沼英,Soyoung Lee
10039032,ok,최은정,여,1972,계명대학교(연계),교수,재직,중국현대문학,중국현대문학,北京師範大學,박사,崔銀晶,Choi Eun Jeong
10039035,ok,김정숙,여,1962,고려대학교(연계),교수,재직,한국어교육학,"교육과정, 교재 개발",고려대학교,박사,金貞淑,"Kim, Chungsook"
10039038,ok,허재영,남,1964,단국대학교(연계),교수,재직,통사론(국어학),국어사,건국대학교,박사,許在寧,Heo Jae-young
10039044,ok,서장국,남,1961,백석대학교,교수,재직,음운론(언어학),"음운론 (영어, 일반언어)",Univ. of Arizona,박사,徐長局,Chang-Kook Suh
10039049,ok,김지홍,남,1957,경상국립대학교,명예교수,재직,국어교육,"국어교육, 통사론, 의미론, 담화 화용, 방언학",서강대학교,박사,金智弘,Jee-Hong Kim
10039069,ok,신선희,여,*****,장안대학교,*****,*****,고전산문,고전소설,이화여자대학교,박사,,*****
10039070,ok,이영숙,여,1962,한양대학교,계약교수,재직,한국어교육학,한국어문법,상명대학교,박사,李英淑,Youngsook Lee
10039073,ok,한상길,남,1965,동국대학교(대학별),부교수,재직,지역불교및불교사연구,조선후기불교사,동국대학교,박사,韓相吉,Han Sangkil
10039107,ok,임형택,남,1943,퇴계학연구원,명예교수,퇴직,국문학,한국한문학,서울대학교,석사,임형택,"Im,Hyung-Teak"
10039112,ok,박병선,남,1969,國立政治大學,교수,재직,국어정보학,국어정보처리,고려대학교,박사,朴炳善,Byungsun Park
10039126,ok,박경열,여,*****,호서대학교,*****,*****,기타국문학,고전소설,건국대학교,박사,,*****
10039131,ok,김규선,남,1963,선문대학교,부교수,재직,중국고전문학,중국고전산문,한국외국어대학교,박사,金奎璇,kimkouson
10039162,ok,유정일,남,1967,선문대학교,계약교수,재직,고전산문,고전문학,동국대학교,박사,柳正一,Jeong-Il You
10039186,private,,,,,,,,,,,,
10039215,private,,,,,,,,,,,,
10039217,private,,,,,,,,,,,,
10039221,ok,이효숙,여,1975,건국대학교,조교수,재직,한문학,한시,강원대학교,박사,李孝淑,Hyo-Sook Lee
10039255,ok,이형환,남,1963,중앙대학교(연계),교수,재직,연주/지휘/반주,,국민대학교,박사,李炯桓,Lee Hyung Hwan
10039282,ok,엄기영,남,*****,대구대학교(연계),*****,*****,고전산문,서사문학,고려대학교,박사,*****,*****
10039294,private,,,,,,,,,,,,
10039296,ok,김학수,남,1967,한국학중앙연구원(연계),교수,재직,조선후기사,조선시대정치사회사,한국학중앙연구원,박사,金鶴洙,KIMHAKSU
10039299,ok,이선형,남,1958,김천대학교,교수,재직,연극이론,현대연극,Univ. de Strasbourg II (Marc Bloch),박사,李仙衡,"Lee, Sun Hyung"
10039305,ok,양승민,남,1966,선문대학교,연구교수,재직,고전산문,"고전소설, 한문산문",고려대학교,박사,梁承敏,"Yang, Seung-min"
10039315,ok,홍기돈,남,1970,가톨릭대학교(연계),교수,재직,문학비평(국문학),김동리 연구,중앙대학교,박사,洪基敦,Hong Gi Don
10039322,ok,김인희,여,1968,동북아역사재단,연구위원,재직,문화인류학,"중국 소수민족연구, 중국 고대 동이족 문화 연구",中央民族大學,박사,金仁喜,Kim In hee
10039328,ok,이문영,여,1969,서울대학교,HK교수,재직,러시아문학이론,러시아문화이론,Moscow State University,박사,李文令,Lee Moonyoung
10039333,ok,홍찬숙,여,1964,서울대학교 여성연구소,기타,재직,사회이론/사상사,"근대성 이론, 젠더",Ludwig-Maximilians-Universitaet Muenchen,박사,洪燦淑,Chan-Sook Hong
10039338,ok,박현선,여,1966,가천대학교,강사,재직,현대소설(국문학),최명희 소설 연구,가천대학교,박사,朴賢善,Park Hyun Sun
10039378,ok,조용호,남,*****,국립목포대학교(연계),*****,*****,국문학,고전산문,서강대학교,박사,*****,*****
10039379,ok,조인정,남,*****,Monash University,,*****,기타국어학,한국어교육,,,,*****
10039381,ok,심우장,남,1970,국민대학교(연계),교수,재직,구비문학(국문학),구비문학,서울대학교,박사,沈愚章,"Sim,Woojang"
10039387,ok,이윤주,여,1966,영남대학교(연계),교수,재직,교육상담,"상담자교육,집단상담,사이버상담",서울대학교,박사,李玧女主,Lee YoonJoo
10039401,ok,이호규,남,1962,동의대학교(연계),교수,재직,현대소설(국문학),현대문학,연세대학교,박사,李虎揆,LEE HO GYOO
10039402,ok,이승하,남,1960,중앙대학교(연계),,재직,문예창작,문학(시),중앙대학교,박사,李昇夏,Lee Seung-Ha
10039403,ok,정재석,남,1966,나사렛대학교,강사,재직,현대소설(국문학),,서강대학교,박사,鄭在錫,Jae-seok Jeong
10039405,ok,김유경,여,1961,연세대학교,강사,재직,고전시가,후기가사,연세대학교,박사,金裕卿,Yoogyung Kim
10039439,ok,윤혜신,여,1968,연세대학교,기타,미취업,구비문학(국문학),한국고대서사문학(신화),연세대학교,박사,尹惠信,Hyesin Yun
10039444,ok,이성순,여,1963,목원대학교(연계),부교수,재직,사회복지정책,사회통합정책,평택대학교,박사,李成順,Lee Sung Soon
10039498,private,,,,,,,,,,,,
10039509,ok,유병관,남,1961,소속없음,기타,미취업,현대시(국문학),한국근대시,성균관대학교,박사,兪炳官,"yeu, byeong- kwan"
10039516,ok,신성수,남,1963,동방문화대학원대학교,조교수,재직,유교철학,주역철학,경희대학교,박사,申性秀,Shin sung soo
10039555,ok,차원현,남,*****,신경주대학교,*****,*****,현대소설(국문학),1920-30년대 한국 현대소설,서울대학교,박사,*****,*****
10039556,ok,김진호,남,*****,가천대학교(연계),*****,*****,통사론(언어학),"문법론, 한국어문법",가천대학교,박사,*****,*****
10039562,ok,김지은,여,1964,연세대학교,강사,재직,통사론(국어학),통사론,연세대학교,박사,金志慇,"KIM, JI-EUN"
10039576,ok,정만호,남,1971,충남대학교(연계),교수,재직,한문산문,한문법,단국대학교,박사,,Jung man-ho
10039618,ok,강미정,여,1969,강원대학교,연구교수,재직,기타국문학,기타국문학,건국대학교,박사,姜美貞,Mi-Jeong Kang
10039631,ok,전정미,여,*****,상명대학교(연계),*****,*****,화용론(국어학),화용론,상명대학교,박사,*****,*****
10039669,ok,이혜령,여,1971,성균관대학교(연계),교수,재직,현대소설(국문학),,성균관대학교,박사,李惠鈴,"LEE, HYE RYOUNG"
10039681,ok,류재윤,남,1953,전주대학교,교수,퇴직,중국고전문학,,전남대학교,박사,柳在閏,JaeYoon Ryoo
10039698,ok,김해연,남,1955,중앙대학교,교수,퇴직,의미론(영어학),"대화, 담화분석, 의미론, 화용론",University of Hawaii at Manoa,박사,金海淵,Kim Hae Yeon
10039700,ok,김원,남,1970,한국학중앙연구원(연계),교수,재직,산업/노동사회학,한국현대사,서강대학교,박사,金元,"Kim, Won"
10039720,ok,이은영,여,1965,이화여자대학교,연구교수,재직,한문학,한문산문,이화여자대학교,박사,李恩英,Eunyoung Lee
10039728,ok,이화형,남,1955,경희대학교,교수,퇴직,기타여성학,한국전통문화 및 민속학,경희대학교,박사,李和炯,Lee Hwa Hyung
10039735,ok,박수연,남,1962,충남대학교(연계),교수,재직,문학,현대문학,충남대학교,박사,朴秀淵,"Park, Soo-yeon"
10039739,ok,지순정,여,1963,인제대학교(연계),교수,재직,영어교육,,부산대학교,박사,池順貞,Jee Soon Jeong
10039774,ok,김주관,남,1962,동국대학교(대학별),조교수,재직,언어인류학,말하기의 민족지학,University of California at Davis,박사,金周官,Kim Joo Kwan
10039798,ok,김주언,남,1963,단국대학교(연계),교수,재직,현대소설(국문학),장르 이론,단국대학교,박사,金住彦,Kim Jooeon
10039799,ok,박정구,남,1965,서울대학교(연계),교수,재직,통사론(중국어학),중국어문법,國立淸華大學,박사,朴正九,"Park, Jungku"
10039843,ok,김윤정,여,*****,한국학중앙연구원,*****,*****,조선후기사,예학,한양대학교,박사,*****,*****
10039844,private,,,,,,,,,,,,
10039847,private,,,,,,,,,,,,
10039848,ok,신종원,남,1952,한국학중앙연구원,교수,재직,한국사,,고려대학교,박사,辛鍾遠,"Shin, Jong Won"
10039872,ok,조영임,여,1969,廣西師範大學,교수,재직,한시,,충북대학교,박사,曺永任,Youngim Cho
10039879,ok,임장혁,남,1958,중앙대학교,교수,퇴직,민속학(인류학),비교민속학,筑波大學,박사,任章赫,Im Jang Hyuk
10039909,ok,임옥희,여,1956,경희대학교,부교수,퇴직,영미문학비평,"문학비평, 여성학",경희대학교,박사,임옥희,Ok Hee Im
10039926,private,,,,,,,,,,,,
10039940,ok,최윤정,여,*****,용인대학교,*****,*****,한문산문,한국한문학,이화여자대학교,박사,*****,*****
10039946,ok,이철희,남,1965,성균관대학교,초빙교수,재직,한문비평,조선후기 비평,성균관대학교,박사,李澈熙,Lee ChulHee
10039948,ok,김은경,여,1968,강원대학교,기타,미취업,현대소설(국문학),한국현대소설,서울대학교,박사,金      氵恩   卿,"Kim, Eunkyung"
10039968,ok,목정수,남,1965,서울시립대학교(연계),교수,재직,통사론(국어학),문법론,Universitatea Bucuresti,박사,睦正洙,Jungsoo Mok
10039973,ok,이수곤,남,1970,홍익대학교(연계),부교수,재직,고전시가,조선시대 국문시가,서강대학교,박사,,Yi Su Gon
10039975,ok,한성일,남,1969,성균관대학교,강사,재직,화용론(국어학),국어학,가천대학교,박사,韓聖一,Han Sung-il
10040018,ok,강상대,남,1962,단국대학교(연계),교수,재직,문학이론,서사론,중앙대학교,박사,姜相大,Kang Sangdae
10040041,ok,장향실,여,1969,상지대학교(연계),교수,재직,음운론(국어학),국어사,고려대학교,박사,張香實,Chang Hyang Sil
10040046,ok,임금복,여,1960,성신여자대학교,대우교수,재직,현대소설(국문학),현대소설,성신여자대학교,박사,林今福,KUM BOCK LIM
10040102,ok,이은경,여,1965,홍익대학교(연계),교수,재직,통사론(국어학),현대국어통사론,서울대학교,박사,,Eun-Gyeong Yi
10040110,ok,최윤경,여,1969,중앙대학교(연계),부교수,재직,시(프랑스문학),19세기 상징주의 말라르메,이화여자대학교,박사,,CHOI Yoon Kyoung
10040121,ok,이대범,남,1956,경민대학교,강사,재직,희곡,현대희곡,강원대학교,박사,李大範,"Lee, DaeBeom"
10040146,ok,최상민,남,1961,조선대학교(연계),부교수,재직,현대희곡(국문학),희곡 작품론,조선대학교,박사,崔相珉,"Choi, Sangmin"
10040149,ok,고인환,남,1970,경희대학교(연계),교수,재직,현대소설(국문학),현대 소설 연구,경희대학교,박사,高印煥,Ko In Hwan
10040150,ok,정병준,남,*****,이화여자대학교(연계),*****,*****,한국현대사,한국현대정치사,서울대학교,박사,*****,*****
10040186,ok,권명아,여,1965,동아대학교(연계),교수,재직,현대소설(국문학),현대소설,연세대학교,박사,權明娥,Kwon Myoung A
10040187,ok,김영주,남,1971,대진대학교(연계),교수,재직,한국근대철학,한국근대종교철학,동국대학교,박사,金英株,Yeongjoo Kim
10040207,ok,김창호,남,1953,부산대학교,교수,재직,인사/조직관리,인사 및 조직,국립부경대학교,박사,金昌浩,"KIM,CHANG-HO"
10040213,ok,노제운,여,*****,진주교육대학교(연계),*****,*****,기타국문학,아동문학,고려대학교,박사,*****,*****
10040217,ok,이동재,남,1962,국립공주대학교(연계),교수,재직,한시,한국한문학,성신여자대학교,박사,李東宰,
10040218,ok,이영철,남,1955,동방문화대학원대학교(대학별),교수,퇴직,박물관학,서법예술학(고문자학),北京大學,박사,李永徹,Lee young cheol
10040237,ok,이덕일,남,1961,동방문화대학원대학교(대학별),조교수,재직,한국현대사,한국독립운동사,숭실대학교,박사,,"Lee, Duk-Il"
10040238,ok,이완형,남,1959,강원대학교,강사,미취업,고전시가,향가,충남대학교,박사,李緩衡,Lee Wan Hyung
10040242,ok,홍양희,여,1963,한양대학교 비교역사문화연구소,연구교수,재직,한국근대사,"가족사, 젠더사, 식민지지배정책사",한양대학교,박사,洪良姬,"Hong, Yang-Hee"
10040288,private,,,,,,,,,,,,
10040290,ok,현승환,남,1958,제주대학교,교수,퇴직,구비문학(국문학),설화,제주대학교,박사,현승환(玄丞桓),Seung-Hwan Hyun
10040301,ok,박환영,남,1965,중앙대학교(연계),교수,재직,민속학(인류학),"민속학, 인류학(동아시아)",Univ. of Cambridge,박사,朴奐榮,Park Hwan Young
10040304,ok,김경섭,남,1969,을지대학교,조교수,재직,구비문학,설화,서강대학교,박사,金鏡燮,Kyung-Seop kim
10040309,ok,손종업,남,1965,선문대학교,교수,재직,현대소설(국문학),전후소설비평,중앙대학교,박사,孫鍾業,Son Jong-up
10040312,ok,차혜영,여,*****,한양대학교(연계),*****,*****,현대소설(국문학),"현대비평, 현대문학사, 문학이론",한양대학교,박사,*****,*****
10040316,ok,전종한,남,*****,경인교육대학교(연계),*****,*****,역사지리,"인문지리, 문화지리",한국교원대학교,박사,*****,*****
10040320,ok,나태준,남,1966,연세대학교(연계),교수,재직,정책평가,"공공관리, 성과평가, 환경정책",Indiana University at Bloomington,박사,,Tae Joon Lah
10040326,ok,홍학희,여,1965,이화여자대학교,전임연구원,재직,한시,한국한시,이화여자대학교,박사,洪學姬,Hakhee Hong
10040369,ok,홍영희,여,1966,강원대학교(연계),교수,재직,고문자학(중국어학),한자구형학,,박사,洪映熙,
10040371,private,,,,,,,,,,,,
10040372,ok,황경수,남,1966,청주대학교(연계),조교수,재직,의미론(국어학),의미론,청주대학교,박사,黃慶洙,HWANG
10040387,ok,박문수,남,1961,서강대학교 종교연구소,책임연구원,재직,사목신학,정보사회와 가톨릭교회,북한대학원대학교,박사,朴文洙,"Moon-Su, Park"
10040414,private,,,,,,,,,,,,
10040422,ok,모해연,여,1970,이화여자대학교(연계),조교수,재직,통사론(중국어학),"중국어현대어법, 중국어교육",연세대학교,박사,毛海燕,Haiyan Mao
10040430,ok,이상봉,남,1963,부산대학교(연계),교수,재직,지방정치/지방자치,"공간정치, 문화정치",부산대학교,박사,李尙峰,"Lee,Sang-bong"
10040471,ok,진은진,여,1969,경희대학교(연계),부교수,재직,고전산문,고소설,경희대학교,박사,陳恩眞,Jin Eunjin
10040477,ok,신중진,남,*****,한양대학교(연계),*****,*****,어휘론(국어학),어휘론,서울대학교,박사,*****,*****
10040503,ok,신형기,남,1955,연세대학교(연계),교수,재직,문학비평(국문학),현대문학,연세대학교,박사,,Hyung-Ki SHIN
10040520,ok,최선아,여,*****,서울대학교,*****,*****,한국음악이론/분석,"한국음악학, 고악보 연구",서울대학교,박사,*****,*****
10040522,ok,심영환,남,*****,한국학중앙연구원(연계),*****,*****,기타인문학,고문서학,한국학중앙연구원,박사,*****,*****
10040525,ok,박기영,남,1969,서울시립대학교(연계),교수,재직,음운론(국어학),국어음운론,서울대학교,박사,朴基永,"Park, Keeyoung"
10040562,ok,김정숙,여,1971,고려대학교,강사,재직,한문소설,조선후기 한문소설,고려대학교,박사,金貞淑,kim jeong suk
10040565,ok,이경,여,1962,한국국제대학교,부교수,재직,현대소설(국문학),평론,부산대학교,박사,李璟,Kyung Lee
10040576,ok,김미선,여,1967,중앙대학교(연계),부교수,재직,통사론(국어학),텍스트언어학,중앙대학교,박사,金美先,"Kim, Mi-Seon"
10040607,ok,서숙희,여,*****,동덕여자대학교,*****,*****,무용교육,,Folkwang Hochschule Essen,석사,*****,*****
10040644,ok,문선영,여,1965,동아대학교(연계),초빙교수,재직,현대시(국문학),한국근현대시,부산대학교,박사,文善英,MOON SUN YOUNG
10040650,ok,송영순,여,1960,상지대학교,강사,퇴직,현대시(국문학),현대시,성신여자대학교,박사,宋英順,"Song,Youngsoon"
10040653,ok,박정규,남,1960,단국대학교,교수,퇴직,의미론(국어학),통사의미론,서강대학교,박사,朴錠奎,"Park, Jeong Gyu"
10040675,ok,장미영,여,1961,전주대학교(연계),부교수,재직,현대소설(국문학),한국현대소설,전북대학교,박사,張美英,Jang Mi-yeong
10040680,ok,조도현,남,1967,국립한밭대학교,강사,재직,고전산문,고전소설,충남대학교,박사,曺都鉉,Cho Dohyun
10040681,ok,정무룡,남,1945,경성대학교,교수,퇴직,고전시가,,동아대학교,박사,鄭武龍,Mooyong Jung
10040747,ok,이상진,여,*****,한국방송통신대학교(대학별),*****,*****,현대소설(국문학),한국근현대 소설,연세대학교,박사,*****,*****
10040766,ok,이관규,남,1961,고려대학교(연계),교수,재직,통사론(국어학),문법교육론,고려대학교,박사,李寬珪,Lee Kwankyu
10040770,ok,임수영,여,1973,동덕여자대학교,부교수,재직,현대시(국문학),현대시,이화여자대학교,박사,任秀瑛,Im Sooyoung
10040772,ok,박범석,남,1971,서울대학교,강사,재직,교육철학/사상,종교교육,서울대학교,박사,朴範晳,Beomseok Park
10040793,ok,조창규,남,1971,경성대학교,조교수,재직,한국경학,한국예학,경성대학교,박사,趙昌奎,Jo Chang-gyu
10040805,ok,김용,남,1933,충남대학교,강사,재직,무용보,"한국무용(처용무, 종묘일무)",교육과학기술부,학사,金龍,Kim Yong
10040823,ok,홍순희,여,1966,계명대학교(연계),부교수,재직,비교문학,"한국독일시비교,독일희곡문화비평",서울대학교,박사,洪順姬,Sunhi Hong
10040843,private,,,,,,,,,,,,
10040862,ok,김미영,여,1966,한양대학교(연계),교수,재직,현대소설(국문학),현대 소설,한양대학교,박사,金美英,Kim Mi-young
10040877,ok,이종호,남,1959,중원대학교,조교수,재직,문학이론,현대소설 작품론,건국대학교,박사,李鍾昊,Lee Jongho
10040891,ok,임정연,여,*****,안양대학교(연계),*****,*****,현대소설(국문학),현대소설,이화여자대학교,박사,,*****
10040901,ok,김재욱,남,1965,한국외국어대학교,교수,재직,한국어교육학,한국어문법교육,한국외국어대학교,박사,金在旭,Kim Jae wook
10040967,ok,정기철,남,1961,한남대학교,교수,재직,문학교육,문장교육,한남대학교,박사,鄭圻喆,ki-cheol jung
10040968,ok,김재희,여,1967,을지대학교,조교수,재직,서양근대프랑스철학,근현대프랑스철학,서울대학교,박사,金才姬,Jae-Hee Kim
10040984,ok,김남균,여,*****,청주교육대학교(연계),*****,*****,수학교육학,초등수학교육,한국교원대학교,박사,*****,*****
10040987,ok,김현,남,1959,한국학중앙연구원,교수,퇴직,학제간연구,인문정보학,고려대학교,박사,金炫,Hyeon Kim
10041007,ok,안영길,남,*****,성결대학교,*****,*****,한문산문,,성신여자대학교,박사,*****,*****
10041011,ok,김철규,남,1961,고려대학교(연계),교수,재직,사회변동/발전사회학,발전과 환경,Cornell Univ.,박사,金喆奎,"Kim, Chul-Kyoo"
10041013,ok,황혜진,여,1972,건국대학교,교수,재직,고전산문,문학교육 고전산문 고전소설,서울대학교,박사,黃惠眞,Hyejin Hwang
10041024,ok,정선희,여,1970,홍익대학교(연계),교수,재직,고전산문,고전소설,이화여자대학교,박사,,Jeung Sun Hee
10041029,ok,박길남,여,1959,한남대학교,강사,재직,고전시가,시조,한남대학교,박사,朴佶男,Park  kil nam
10041071,ok,송선령,여,1970,순천향대학교,강사,재직,현대소설(국문학),현대소설,이화여자대학교,박사,宋善玲,"Song, Sun-Ryoung"
10041099,private,,,,,,,,,,,,
10041106,private,,,,,,,,,,,,
10041131,ok,여지선,여,1972,상지대학교(연계),조교수,재직,현대시(국문학),현대시,건국대학교,박사,,
10041134,ok,이한규,남,1959,경희대학교,교수,퇴직,화용론(언어학),"한국어, 영어 화용론",University of Illinois at Urbana - Champaign,박사,李瀚揆,Lee Han-gyu
10041139,ok,문중양,남,1962,서울대학교(연계),교수,재직,조선후기사,한국과학사,서울대학교,박사,文重亮,"MOON,  JOONG YANG"
10041166,ok,황병익,남,1969,경성대학교,교수,재직,고전시가,"향가, 여요, 시조",부산대학교,박사,黃柄翊,ByeongIk hwang
10041170,private,,,,,,,,,,,,
10041173,ok,김은정,여,1974,한국외국어대학교,객원교수,재직,응용국어학,,한국외국어대학교,박사,金銀貞,"Kim, Eun-Joung"
10041176,ok,김영민,남,1966,서울대학교(연계),교수,재직,동양정치사상,정치사상,Harvard University,박사,金英敏,"Kim,  Youngmin"
10041181,ok,허경행,여,*****,한국외국어대학교,*****,*****,통사론(국어학),한국어교육문법론,한국외국어대학교,박사,,*****
10041204,ok,김하수,남,1949,연세대학교,교수,퇴직,사회언어학,화용론,Ruhr - Univ. Bochum,박사,,Ha-Soo Kim
10041236,ok,김택호,남,1969,명지대학교,객원교수,재직,현대소설(국문학),국문학(현대소설),명지대학교(서울캠퍼스),박사,金澤浩,Taekho Kim
10041241,ok,위상복,남,*****,전남대학교,*****,*****,서양근대독일철학,독일 관념론,원광대학교,박사,*****,*****
10041243,ok,남길임,여,1971,연세대학교(연계),교수,재직,국어정보학,"말뭉치언어학, 국어사전학",연세대학교,박사,,Kilim Nam
10041283,ok,김천학,남,1962,동국대학교(대학별),교수,재직,화엄학,한국화엄,東京大學,박사,金天鶴,"Kim, Cheon-hag"
10041290,ok,박찬두,남,1954,숭실대학교,대학원생,재직,,,,,,park chan doo
10041293,ok,허순우,여,*****,부산대학교(연계),*****,*****,고전산문,고전소설,이화여자대학교,박사,*****,*****
10041298,ok,박태옥,여,1964,대전대학교,강사,재직,동양철학일반,유학,대전대학교,박사,朴泰玉,park tae-ok
10041311,ok,이지영,여,1966,상명대학교(연계),교수,재직,한국어교육학,문법교육/ 어휘교육/ 담화교육,상명대학교,박사,李志榮,"LEE, JEE-YOUNG"
10041314,ok,최천집,남,1965,동국대학교(대학별),부교수,재직,고전산문,한문학,경북대학교,박사,,Choi cheon jip
10041351,ok,김성경,여,1961,포항공과대학교,대우교수,퇴직,현대소설(국문학),,연세대학교,박사,,"Kim, Seong-Gyung"
10041352,ok,이용식,남,1966,전남대학교(연계),교수,재직,종족음악학/세계음악,한국민속음악,University of Hawaii at Manoa,박사,李庸植,Lee Yong-Shik
10041386,ok,여태천,남,1971,동덕여자대학교,교수,재직,현대시(국문학),현대시,고려대학교,박사,余泰天,Yeo Tae Chon
10041394,ok,이봉일,남,*****,경희사이버대학교(연계),*****,*****,현대소설(국문학),1950년대 분단소설,경희대학교,박사,,*****
10041401,ok,조융희,남,1966,한국학중앙연구원(연계),교수,재직,한문학,고전비평(고전문학 비교연구),서강대학교,박사,趙隆熙,"Jo, Yoong-hee"
10041466,ok,박선희,여,1973,이화여자대학교(연계),교수,재직,한국어교육학,한국어 교육,이화여자대학교,박사,朴善嬉,Sun Hee Park
10041470,ok,김현주,여,1971,상명대학교(연계),부교수,재직,문학비평(국문학),현대문학비평,홍익대학교,박사,金眩珠,KIM HYUN-JU
10041525,ok,정진헌,남,1975,건국대학교,조교수,재직,현대시(국문학),아동문학,건국대학교,박사,鄭震憲,jeong jin hyun
10041527,ok,백서현,여,1962,한양여자대학교(연계),교수,재직,사회언어학,"화행론, 의사소통의 민족지학",서울대학교,박사,白？？,Seohyun Paik
10041529,ok,배현숙,여,1964,홍익대학교,강사,재직,통사론(국어학),국어사,고려대학교,박사,裵賢淑,"BAE, HYUN-SOOK"
10041531,ok,한종진,남,1973,潍坊學院,부교수,재직,비교문학(중문학),한중비교문학/한중비교문화,서울대학교,박사,韓鐘鎭,"Han, Jong-Jin"
10041549,ok,박순철,남,1965,전북대학교(연계),교수,재직,중국시,고대시,전남대학교,박사,朴順哲,PARK SUN CHEUL
10041553,ok,박순남,여,1969,경성대학교 한국학연구소,연구교수,재직,한국경학,소학,경성대학교,박사,朴順南,Bak Soon-Nam
10041567,ok,표정옥,여,1970,숙명여자대학교,부교수,재직,현대소설(국문학),현대소설/영상학/신화학/문화,서강대학교,박사,表正玉,Jung-Ok Pyo
10041580,private,,,,,,,,,,,,
10041585,ok,정진웅,남,1955,덕성여자대학교,대우교수,퇴직,문화변동,"미국 지역학, 생애과정, 문화정치",University of Illinois at Urbana - Champaign,박사,鄭眞雄,Chung jinwoong
10041589,ok,차봉준,남,1970,숭실대학교(연계),교수,재직,현대소설(국문학),현대소설,숭실대학교,박사,,Bong-Jun Cha
10041599,ok,이상직,남,1960,충남대학교,부교수,재직,음운론(언어학),지배음운론 음성/음운 공유영역,Rijksuniversiteit Leiden,박사,李相稷,Sang Jik Rhee
10041627,ok,서유석,남,1975,경상국립대학교(연계),교수,재직,구비문학(국문학),"판소리, 설화, 한국전통연행예술",경희대학교,박사,徐有奭,"Seo, Youseok"
10041633,ok,한명희,여,1966,강원대학교(연계),교수,재직,현대시(국문학),"1950년대시, 김수영, 모더니즘",서울시립대학교,박사,韓明姬,
10041669,ok,윤홍로,남,1937,단국대학교,명예교수,퇴직,국문학,현대소설,서울대학교,박사,尹弘老,Yoon Hong-Ro
10041674,ok,김정선,여,1971,한양대학교(연계),부교수,재직,화용론(국어학),"대화, 화행",한양대학교,박사,金貞善,Kim Jungsun
10041714,ok,장영창,남,1966,한국연구재단,연구원,미취업,산문,고전소설,경희대학교,박사,張永昌,JANG  YOUNG  CHANG
10041756,ok,박휴용,남,1971,전북대학교(연계),교수,재직,교육과정,교육과정 설계 및 평생교육,University of Wisconsin - Madison,박사,朴 烋 鏞,"Park, Hyu-Yong"
10041761,ok,류승국,남,*****,강원대학교,*****,*****,통사론(국어학),통사론,중앙대학교,박사,*****,*****
10041771,ok,김영주,여,*****,성균관대학교(연계),*****,*****,한문학,조선후기 한문학(한시),경북대학교,박사,*****,*****
10041783,ok,변광수,남,1939,한국외국어대학교,교수,재직,스웨덴,스웨덴어 음성.음운론,Stockholms Universitet.,박사,卞光洙,"Pyun,Kwang-Soo"
10041786,ok,박인석,남,1972,동국대학교(대학별),조교수,재직,선학,중국 및 한국 불교,연세대학교,박사,,"Park, Innsuk"
10041789,ok,이유경,여,1971,한국공학대학교,강사,재직,고전산문,고전소설,숙명여자대학교,박사,李有卿,lee yu kyung
10041792,ok,박은정,여,1972,한양대학교,강사,재직,한문산문,고문론,한양대학교,박사,朴銀正,Park Eun-Jung
10041798,ok,이선웅,남,1970,경희대학교(연계),교수,재직,통사론(국어학),통사구조,서울대학교,박사,,Yi Seon-ung
10041804,ok,이상일,남,1971,서울시립대학교(연계),교수,재직,사회복지정책,,University College London,박사,李相一,
10041821,ok,조동영,남,*****,단국대학교,*****,*****,한시,한국한문학,성균관대학교,박사,*****,*****
10041837,ok,권내현,남,*****,고려대학교(연계),*****,*****,조선후기사,사회경제사,고려대학교,박사,*****,*****
10041840,ok,윤기엽,남,1962,동국대학교,기타,재직,지역불교및불교사연구,한국불교사,연세대학교,박사,尹紀燁,"Yoon, Ki-yeop"
10041842,ok,윤지영,여,1974,동의대학교(연계),교수,재직,현대시(국문학),현대시,서강대학교,박사,尹芝英,"Youn, Ji-Young"
10041851,ok,유영봉,남,1957,전주대학교,조교수,퇴직,한시,고려 및 조선초기 한시,성균관대학교,박사,劉永奉,YOO YEONG BONG
10041866,ok,김진욱,남,1968,조선대학교(연계),부교수,재직,한시,한시,조선대학교,박사,金晋郁,kimjinwook
10041869,ok,김봉희,여,1969,경남대학교,부교수,재직,현대희곡(국문학),희곡창작과 매체문장,경남대학교,박사,金鳳姬,"Kim, Bong-Hee"
10041892,ok,조재룡,남,1967,고려대학교(연계),교수,재직,비평(프랑스문학),문학이론 및 번역이론,Univ. de Paris VIII (Vincennes-Saint-Denis),박사,趙在龍,CHO Jae-Ryong
10041893,ok,김미선,여,1964,청주대학교(연계),교수,재직,한시,불교문학,성신여자대학교,박사,金美善,"KIM,MISUN"
10041967,ok,김주미,여,1960,건국대학교,강사,재직,의미론(국어학),통사의미론,건국대학교,박사,金珠美,"Gim,Ju-Mi"
10041970,ok,김광욱,남,1975,광주발전연구원,연구위원,재직,구비문학(국문학),설화,건국대학교,박사,金侊郁,Kwangwook Kim
10041973,ok,은현정,여,1979,국립민속박물관,연구원,재직,구비문학(국문학),설화,건국대학교,박사수료,殷賢貞,"Eun, Hyeon-Jeong"
10041975,ok,박현숙,여,1971,춘천교육대학교 아동문학교육연구소,연구교수,재직,구비문학(국문학),설화,건국대학교,박사,朴賢淑,"Park,Hyeon-Suk"
10041983,ok,홍용희,남,*****,경희사이버대학교(연계),*****,*****,현대시(국문학),시문학,경희대학교,박사,*****,*****
10041985,ok,민길홍,여,1974,국립중앙박물관,,재직,미술사,한국회화사,서울대학교,석사,閔吉泓,"Min, Kil-Hong"
10042003,ok,손준호,남,1972,고려대학교(연계),교수,재직,한국선사고고학,청동기시대,고려대학교,박사,孫晙鎬,"Son, joonho"
10042013,ok,이상하,남,1961,한국고전번역원,대우교수,재직,한국경학,성리학,고려대학교,박사,李相夏,Yi Sang-ha
10042018,ok,정혜영,여,1964,경북대학교,초빙교수,재직,현대소설(국문학),현대소설,경북대학교,박사,,jung hye young
10042034,private,,,,,,,,,,,,
10042122,ok,김주현,여,1971,인제대학교(연계),부교수,재직,현대소설(국문학),1960년대 한국 소설,중앙대학교,박사,金周炫,Kim Ju-Hyeon
10042125,ok,김낙현,남,1969,중앙대학교(연계),부교수,재직,문학비평(국문학),현대시 비평(국문학),중앙대학교,박사,金洛炫,Kim Nak Hyeon
10042180,ok,서형국,남,1972,전북대학교(연계),교수,재직,국어사,문법사,고려대학교,박사,徐炯國,"Seo, Hyeong Guk"
10042255,ok,채미화,여,1956,湖南師範大學,교수,재직,여성문학,여성문학,延邊大學,박사,蔡美花,Cai meihua
10042277,ok,이동철,남,1967,한양대학교(연계),조교수,재직,고전산문,구비문학(민속학),한양대학교,박사,李東哲,LEE DONG CHEOL
10042316,ok,권순대,남,1967,경희대학교(연계),부교수,재직,현대희곡(국문학),"현대희곡, 플롯 및 서사, 문화연구",경희대학교,박사,권순대,KWON SUNDAE
10042317,ok,송현정,여,*****,제주대학교(연계),*****,*****,국어교육학,문법교육,서울대학교,박사,*****,*****
10042336,ok,정인경,여,1964,수원대학교,강사,재직,서양고대철학,아리스토텔레스의 윤리학과 정치철학,Humboldt - Univ. zu Berlin,박사,鄭仁卿,"Chung,In-Kyung"
10042344,ok,張伯偉,남,1959,南京大學,,,,,,,,
10042345,ok,신정수,남,1972,한국학중앙연구원(연계),교수,재직,한문학,산문,University of Washington,박사,申正秀,Jeongsoo Shin
10042346,ok,김충남,남,1940,East-West Center,조교,재직,정치이론,한국정치,Univ. of Minnesota,박사,金忠男,Kim Choong Nam
10042377,ok,김종인,남,1964,경희대학교,객원교수,재직,동양철학일반,"불교철학, 불교문화, 비교문학",State University of New York at Stony Brook,박사,金鍾仁,Jong-in Kim
10042383,ok,전미정,여,1964,인천대학교,강의교수,재직,현대시(국문학),"문학치료, 문학교육, 시치료",서강대학교,박사,,Jun Mi Jung
10042386,ok,이영준,남,1958,경희대학교,교수,퇴직,현대시(국문학),"시이론, 문학비평, 국문학사",Harvard University,박사,,Lee Young Jun
10042391,ok,조운성,남,1970,성균관대학교,초빙교수,재직,국어사,국어음운사(한자음),연세대학교,박사,趙雲星,Un-Seong Cho
10042409,ok,최길용,남,1952,전북대학교 인문학연구소,전임연구원,재직,고전산문,고소설,전북대학교,박사,崔吉容,Choe Gil-yong
10042410,ok,김경숙,여,1964,동국대학교,초빙교수,재직,현대시(국문학),북한시,이화여자대학교,박사,金慶淑,Kim Gyoung-Suk
10042425,ok,김준희,여,1970,가천대학교(연계),조교수,재직,인문학,국어학,건국대학교,박사,金俊希,Kim Jun hee
10042437,ok,곽상순,남,1971,서강대학교,연구교수,재직,현대소설(국문학),현대소설,서강대학교,박사,郭相淳,SangSoon Guahk
10042538,ok,이채문,남,1958,경북대학교,교수,퇴직,러시아,"러시아 지역학,  중앙아시아 지역학",Univ. of Minnesota,박사,李埰文,Chaimun Lee
10042632,ok,이정숙,여,1972,한성대학교,연구원,퇴직,현대소설(국문학),"문학, 비평, 문화론",서울대학교,박사,李 貞淑,"lee,jeong-sook"
10042664,ok,이향근,여,1974,서울교육대학교(연계),교수,재직,국어교육학,아동문학교육,한국교원대학교,박사,,"Lee,Hyanggeun"
10042719,ok,김재천,남,1956,대진대학교,초빙교수,재직,인도철학,미맘사학파,동국대학교,박사,金載千,Jaechun Kim
10042738,ok,조은상,여,1975,건국대학교,조교수,재직,기타문학,"문학치료, 상담심리",단국대학교,박사,趙恩相,EunSang Cho
10042765,ok,최규홍,남,*****,진주교육대학교(연계),*****,*****,국어교육학,초등국어교육,한국교원대학교,박사,*****,*****
10042786,ok,김경숙,여,1960,선문대학교,강사,재직,국어교육,외국어로서의 한국어,Univ. Lumiere Lyon II,박사,金景淑,"KIM, KYUNG-SUK"
10042808,ok,유경애,여,1962,중앙대학교(연계),부교수,재직,화용론(영어학),intercultural communication,The University of Queensland,박사,柳京愛,"Yu, Kyong Ae"
10042821,ok,조미숙,여,1964,건국대학교,부교수,재직,현대소설(국문학),"소설론, 소설비평",건국대학교,박사,趙美淑,Jo MiSook
10042824,ok,김정우,남,1970,이화여자대학교(연계),교수,재직,국어교육,문학교육,서울대학교,박사,金正祐,Jung Woo Kim
10042825,ok,김양희,여,1972,한양대학교(연계),부교수,재직,기타인문학,한국현대시,한양대학교,박사,金亮希,KIM YANG HEE
10042829,ok,안상훈,남,*****,단국대학교,*****,*****,기타러시아문학,구비문학,Institute of Russian Literature(Pushkinskij Dom) Academy of Sciences of Russia,박사,*****,*****
10042859,ok,정안기,남,1964,한국연구재단,기타,미취업,경제사/학사,동아시아사,京都大學,박사,鄭安基,Joung An-Ki
10042908,ok,김미성,여,*****,홍익대학교(연계),*****,*****,소설(프랑스문학),"19세기 프랑스문학, 프랑코포니문학, 문화학",Univ. de Paris VIII (Vincennes-Saint-Denis),박사,,*****
10042909,ok,황화상,남,1969,서강대학교(연계),교수,재직,형태론(국어학),단어형성론(조어론),고려대학교,박사,黃華相,Hwa-sang Hwang
10042993,ok,김현주,여,1965,연세대학교(연계),교수,재직,문학비평(국문학),문학비평(국문학),연세대학교,박사,,HYUN JOO KIM
10043003,ok,이수진,여,1972,대구교육대학교(연계),교수,재직,국어교육학,쓰기교육,한국교원대학교,박사,李秀珍,Lee Soo Jin
10043012,ok,고영화,여,1971,인천대학교(연계),교수,재직,국어교육학,고전시가교육,서울대학교,박사,고영화,Ko Young-Hwa
10043044,ok,장백위,남,1959,南京大學,교수,재직,중국고전문학,중국고대문학,南京大學,박사,張伯偉,Zhang Bowei
10043075,ok,장유정,여,1972,단국대학교(연계),교수,재직,구비문학(국문학),"구비문학, 대중문화, 대중가요",서울대학교,박사,,Eujeong Zhang
10043078,ok,임우경,여,1969,성균관대학교(연계),부교수,재직,중국현대문학,중국현대여성문화,연세대학교,박사,任佑卿,"IM, WOO KYUNG"
10043091,ok,손유경,여,1975,서울대학교(연계),교수,재직,현대소설(국문학),"한국근대문학연구, 감성연구, 프로문학연구 등",서울대학교,박사,,Son Youkyung
10043094,ok,배식한,남,1965,성신여자대학교(연계),교수,재직,언어분석철학,언어철학,서울대학교,박사,裵植漢,Bae Sik Han
10043146,ok,임부연,여,1963,부산대학교(연계),교수,재직,유아교육,"교수학습방법, 유아예술교육, 교사교육",Columbia University,박사,林富姸,Lim Boo Yeun
10043163,ok,정순희,여,*****,전북대학교(연계),*****,*****,한문비평,한문비평,전북대학교,박사,*****,*****
10043198,ok,이금란,여,1971,숭실대학교,강사,재직,현대소설(국문학),현대소설,숭실대학교,박사,,Keumran Lee
10043231,ok,권오숙,여,1964,한국외국어대학교,초빙교수,재직,셰익스피어,셰익스피어,한국외국어대학교,박사,,Kweon Osook
10043238,ok,박창균,남,1972,대구교육대학교(연계),교수,재직,국어교육학,,고려대학교,박사,朴昌均,Park Chang-gyoon
10043240,ok,서진숙,여,1977,경희사이버대학교(연계),조교수,재직,한국어교육학,어휘교육,경희대학교,박사,徐珍淑,Jinsuk  Seo
10043254,ok,김상태,남,1965,서울대학교,선임연구원,재직,한국근대사,,서울대학교,박사,金相泰,Sangtae Kim
10043259,ok,오문석,남,1965,조선대학교(연계),교수,재직,현대시(국문학),현대시론,연세대학교,박사,吳文錫,Oh Moon-seok
10043316,ok,김성주,남,1965,동국대학교(대학별),조교수,재직,통사론(국어학),"현대국어 통사론, 문법사, 한국어 교육",동국대학교,박사,金星周,Kim Seong Ju
10043329,ok,김윤미,여,1966,계명대학교(연계),부교수,재직,문예창작,현대문학,연세대학교,박사,金潤美,"Kim, Youn Mi"
10043336,ok,강소영,여,1972,한양대학교,강사,재직,,,한양대학교,석사,姜소瑛,Soyoung Gang
10043358,ok,김성환,남,1972,인제대학교,강사,재직,현대소설(국문학),현대소설,서울대학교,박사,金成奐,Kim Sunghwan
10043427,ok,강문식,남,1970,숭실대학교(연계),조교수,재직,조선전기사,조선전기 경학사,서울대학교,박사,,Moonshik Kang
10043485,ok,박성현,남,1975,서울대학교(연계),부교수,재직,한국고대사,한국고대사,서울대학교,박사,朴省炫,"Park, Sunghyun"
10043487,ok,이신철,남,1965,사단법인 아시아평화와역사연구소,수석연구원,재직,한국현대사,"남북한, 한일 관계사",성균관대학교,박사,李信澈,LEE SINCHEOL
10043511,ok,조준모,남,1968,한동대학교(대학별),부교수,재직,통사론(언어학),,University of Toronto,박사,趙俊模,Junmo Cho
10043526,ok,양경희,여,1977,,공무원,재직,국어교육학,"국어교육(작문, 표현)",한양대학교,박사,楊景姬,Kyoung Hee Yang
10043539,ok,박석홍,남,1968,동국대학교(대학별),교수,재직,고문자학(중국어학),상주문자,성균관대학교,박사,朴錫弘,"Park, Seok Hong"
10043624,ok,서유경,여,1969,서울시립대학교(연계),교수,재직,고전산문,고전산문,서울대학교,박사,徐庾卿,Seo Yukyung
10043695,ok,배선애,여,1969,성균관대학교,초빙교수,재직,현대희곡(국문학),희곡양식,성균관대학교,박사,裵善愛,Seonae Bae
10043752,ok,진준화,남,*****,국립군산대학교(연계),*****,*****,의미론(중국어학),"중국어통사의미론, 중국어의미론, 중국어화용론",復旦大學,박사,,
10043777,ok,이순욱,남,1969,부산대학교(연계),교수,재직,현대시(국문학),"현대시론, 현대문학사",부산대학교,박사,李淳旭,"Lee, Soon-Wook"
10043779,ok,김윤선,여,1968,고려대학교(연계),교수,재직,현대소설(국문학),천주교문학(가톨릭문학),고려대학교,박사,金玧宣,"Kim, Yun Sun"
10043788,ok,이연승,여,1969,이화여자대학교,강사,재직,현대시(국문학),한국모더니즘시,이화여자대학교,박사,李娟承,Lee Yun-Seung
10043805,ok,김수현,여,1977,국립부경대학교 글로벌차이나연구소,연구교수,재직,문화/종교사회학,동아시아문화산업,京都大學,박사,金秀玹,Suhyun Kim
10043812,ok,고혜경,여,1963,치유상담대학원대학교(대학별),조교수,재직,기타인문학,신화학,Pacifica Graduate Institue,박사,高惠景,"Koh,Hea-Kyoung"
10043819,ok,오형엽,남,1965,고려대학교(연계),교수,재직,문학비평(국문학),"현대비평, 현대시, 비교문학",고려대학교,박사,吳瀅燁,"Oh, Hyung-yup"
10043822,ok,이성천,남,1968,경희대학교(연계),부교수,재직,현대시(국문학),현대시사,경희대학교,박사,李星天,Lee Seong Chun
10043824,private,,,,,,,,,,,,
10043831,ok,김환기,남,1964,동국대학교(대학별),교수,재직,일본근현대문학,"일본근현대문학, 재일 코리언 문학, 코리안 디아스포라 문학",大正大學,박사,金煥基,"Kim, Hoan Gi"
10043854,ok,이천희,남,*****,고려대학교,*****,*****,국어교육학,읽기,고려대학교,박사,*****,*****
10043867,ok,지현숙,여,1965,배재대학교(연계),교수,재직,한국어교육학,,서울대학교,박사,池賢淑,HYUNSUK JEE
10043887,ok,장은영,여,1975,조선대학교(연계),부교수,재직,문학비평(국문학),현대시 비평,경희대학교,박사,張恩暎,JANG EUN YOUNG
10043893,private,,,,,,,,,,,,
10043921,ok,양오진,남,1954,덕성여자대학교(연계),명예교수,재직,중국어사,근대한어,고려대학교,박사,梁伍鎭,Yang O Jin
10043943,ok,박자영,여,1971,협성대학교(연계),교수,재직,인문학,중국현당대문학,華東師範大學,박사,朴姿映,PARK JAYOUNG
10043986,ok,임노직,남,1962,(재) 한국국학진흥원,책임연구원,재직,서지학,한국서지학,국립경국대학교,석사,,Nojig Lim
10043997,ok,박종오,남,1972,전남대학교,강사,재직,민속학(인류학),민속신앙 및 문화변동,전남대학교,박사,朴宗吾,"Park, Jong-O"
10043998,ok,박지영,여,1969,성균관대학교,강사,미취업,기타국문학,현대시,성균관대학교,박사,,"PARK, JI YOUNG"
10044043,ok,김수연,여,1964,이화여자대학교,강사,재직,소설(독일문학),현대 소설에서 신화의 사용과 여성적 글쓰기,이화여자대학교,박사,,Sooyeon Kim
10044066,ok,하길종,남,*****,한경국립대학교,*****,*****,의미론(국어학),국어 의미론,고려대학교,박사,*****,*****
10044067,ok,임현열,남,1977,중앙대학교(연계),부교수,재직,음운론(국어학),국어음운론,중앙대학교,박사,林玄烈,"Im, Hyeon-yeol"
10044098,ok,조혜정,여,1961,중앙대학교,부교수,퇴직,영화이론,한국영화사,중앙대학교,박사,趙惠貞,"Cho,hye-jung"
10044105,ok,최명표,남,1960,전북대학교,기타,미취업,현대시(국문학),현대시,전북대학교,박사,崔明杓,"Choi, Myoung-pyo"
10044106,ok,마정미,여,1966,한남대학교,교수,재직,광고/홍보산업,"광고사, 광고크리에이티브, 인터랙티브광고",경희대학교,박사,馬旌美,Joung-Mee Mha
10044163,ok,안현기,남,1961,서울대학교(연계),교수,재직,음성/음운론(영어학),영어 음성학/ 영어 교육,THE UNIVERSITY OF TEXAS AT AUSTIN,박사,安鉉基,"Ahn, Hyunkee"
10044177,private,,,,,,,,,,,,
10044186,ok,도원영,여,1968,고려대학교 민족문화연구원,연구교수,재직,국어사전학,"사전학, 국어의미론",고려대학교,박사,都媛鈴,Wonyoung Doh
10044226,ok,허영란,여,1965,울산대학교(연계),교수,재직,한국근대사,한국근현대사,서울대학교,박사,許英蘭,"Hur, Young-Ran"
10044257,ok,장원호,남,1962,서울시립대학교(연계),교수,재직,정치사회학/사회운동론,"도시사회학, 정치사회학, 지방자치, 일본정치",Univ. of Chicago,박사,張元皓,JANG WON HO
10044261,ok,박동주,여,*****,한양대학교 동아시아문화연구소,*****,*****,한문산문,조선후기,한양대학교,박사,*****,*****
10044263,ok,조상우,남,1968,단국대학교(연계),교수,재직,고전산문,고전소설,고려대학교,박사,,"Jo, sang-woo"
10044292,ok,박규준,남,1968,대구대학교(연계),부교수,재직,현대소설(국문학),현대소설,대구대학교,박사,朴奎俊,
10044295,ok,권정우,남,1964,충북대학교(연계),교수,재직,현대시(국문학),1920~30년대 시 연구,서울대학교,박사,權正祐,"Kwoen, Jung-woo"
10044296,private,,,,,,,,,,,,
10044334,ok,이승혜,여,1979,동아대학교(연계),조교수,재직,미술사,불교미술사,Univ. of Chicago,박사,李勝慧,Seunghye Lee
10044385,ok,이유미,여,1974,중앙대학교(연계),교수,재직,화용론(국어학),화용론/의사소통론,중앙대학교,박사,李兪美,Yi Yumi
10044399,ok,이미숙,여,1964,소속없음,기타,퇴직,일본고전산문,"『겐지 모노가타리』,『가게로 일기』",東北大學(JA),박사,李美淑,"Lee, Misuk"
10044401,ok,이양숙,여,1964,서울시립대학교(연계),부교수,재직,문학비평(국문학),"현대 문학비평이론, 한국도시소설, 문화연구, 페미니즘 비평",서울대학교,박사,李良淑,"Lee, Yangsook"
10044402,ok,유호선,여,1972,국립중앙박물관,기타,재직,한시,불교사상 및 불교문학,고려대학교,박사,柳好宣,Ho-sun Riw
10044414,ok,김경령,여,1968,숙명여자대학교,교수,재직,언어습득,외국어로서의 한국어교육,University of Illinois at Urbana - Champaign,박사,金京玲,Kim Kyung-Ryung
10044471,private,,,,,,,,,,,,
10044490,ok,김도환,남,1973,대진대학교,초빙교수,재직,고전산문,고전소설,고려대학교,박사,金道煥,kim do whan
10044492,ok,윤영숙,여,1965,경남대학교,부교수,재직,음성학(언어학),실험음성학,Univ. de Paris V (Univ. Rene Descartes),박사,윤영숙,Youngsook Yune
10044513,ok,이상구,남,1958,경남대학교,부교수,재직,국어교육학,국어교육,한국교원대학교,박사,李相玖,Sangkoo lee
10044570,ok,최은영,여,1968,고려대학교 민족문화연구원,선임연구원,재직,천태학,천태수행론,고려대학교,박사,崔恩英,Choi Eun-Young
10044590,ok,박진,여,1970,국민대학교(연계),부교수,재직,현대소설(국문학),"현대소설, 비평, 문학교육, 교양교육, 글쓰기",고려대학교,박사,朴辰,Park Jin
10044664,ok,신상필,남,1972,부산대학교(연계),교수,재직,한문학,한국한문소설,성균관대학교,박사,申相弼,Shin Sang Phil
10044695,ok,진선희,여,1965,대구교육대학교(연계),교수,재직,국어교육학,문학교육,한국교원대학교,박사,陳善姬,Jin Sun Hee
10044707,ok,이지영,여,*****,경인교육대학교(연계),*****,*****,국어교육,문학교육(아동문학교육),고려대학교,박사,*****,*****
10044721,ok,전도현,남,1965,고려대학교,강사,재직,현대시(국문학),현대시,고려대학교,박사,全度炫,JEON DO HYUN
10044764,ok,장경현,남,1968,조선대학교(연계),부교수,재직,의미론(국어학),국어의미론과 문체론/화용론,서울대학교,박사,張敬鉉,Jang Kyung-hyun
10044783,ok,남승원,남,1974,서울여자대학교,초빙교수,재직,현대시(국문학),"문학이론일반,문화이론",경희대학교,박사,南勝元,Seungwon Nam
10044795,ok,이선영,여,1967,홍익대학교(연계),교수,재직,어휘론(국어학),어휘형성론,서울대학교,박사,,SeonYeong Lee
10044802,private,,,,,,,,,,,,
10044928,ok,옥영정,남,1968,한국학중앙연구원(연계),교수,재직,서지학,서지학,성균관대학교,박사,玉泳晸,"Ok, Young Jung"
10044936,ok,신선경,여,1961,한국기술교육대학교,조교수,재직,응용국어학,"통사의미론,의사소통학, 작문론, 수사학,화용론",서울대학교,박사,申宣京,Sun Kyung Shin
10044940,ok,현원숙,여,1970,성균관대학교,초빙교수,재직,언어교육,러-한이중언어,,,,"Hyun,Won-Sook"
10044949,private,,,,,,,,,,,,
10044971,ok,김동건,남,1969,경희대학교(연계),교수,재직,고전산문,고전소설,경희대학교,박사,金東建,Kim Dong Gun
10044975,private,,,,,,,,,,,,
10045003,ok,김병민,남,1951,延邊大學,교수,재직,문학비평(국문학),,延邊大學,박사,,
10045010,ok,김연숙,여,1968,경희대학교(연계),부교수,재직,현대소설(국문학),,경희대학교,박사,金淵淑,KIM YEONSOOK
10045012,ok,정선경,여,1970,이화여자대학교(연계),교수,재직,중국소설,"중국소설과 문화, 비교문학",연세대학교,박사,鄭宣景,Sun Kyung Jung
10045022,ok,송민호,남,*****,홍익대학교(연계),*****,*****,현대소설(국문학),현대소설,서울대학교,박사,,*****
10045025,ok,이동석,남,1971,한국교원대학교(연계),교수,재직,국어사,음운론,고려대학교,박사,李東碩,Lee Dongseok
10045026,ok,전상기,남,1964,성균관대학교,기타,재직,문학비평(국문학),현대문학,성균관대학교,박사,田相淇,jeonsangki
10045031,private,,,,,,,,,,,,
10045045,ok,김한상,남,*****,명지대학교(연계),,*****,동양철학일반,"유가철학, 성리학",서울대학교,박사,,*****
10045074,ok,김일수,남,1963,경운대학교(대학별),조교수,재직,한국근대사,근현대사,성균관대학교,박사,,Il-Su Kim
10045079,ok,김선아,여,1971,동서대학교 임권택영화연구소,연구교수,재직,예술체육학,영화영상이론,중앙대학교,박사,金仙娥,Sunah Kim
10045084,ok,최중호,남,1971,동의대학교(연계),부교수,재직,기타국어학,고대국어,동의대학교,박사,崔中豪,Choi Joong Ho
10045094,ok,이규철,남,1966,성문고등학교,공무원,재직,국어교육,,홍익대학교,학사,李揆哲,"Lee, Kyu-Chul"
10045105,ok,차미령,여,1976,광주과학기술원(연계),교수,재직,현대소설(국문학),한국현대소설/ 문학비평,서울대학교,박사,,Mi Ryeong Cha
10045152,ok,윤진현,여,1968,인하대학교 한국학연구소,전임연구원,재직,현대희곡(국문학),현대희곡,인하대학교,박사,尹振賢,Jinheon Youn
10045162,ok,백미나,여,1968,경희대학교,강사,퇴직,한문학,한문산문,경희대학교,박사,白美羅,Mina Baek
10045165,ok,이진아,여,1970,숙명여자대학교,교수,재직,연극비평,"연극비평, 한국연극학, 비교연극학, 한국희곡문학",Saint Petersburg State Academy of Theatre Arts,박사,李珍妸,Chin-A Lee
10045185,ok,정태희,남,1951,대전대학교(연계),부교수,,서예,,,,,
10045192,ok,김성수,남,1952,국립공주대학교,교수,퇴직,고전산문,,성신여자대학교,박사,金星洙,
10045224,ok,김형주,남,1966,상명대학교,연구교수,재직,화용론(국어학),화법,건국대학교,박사,金亨柱,"Kim, Hyeongju"
10045246,ok,허왕욱,남,1967,공주대학교사범대학부설고등학교,공무원,재직,국어교육,문학교육,한국교원대학교,박사,許旺旭,WangWook Heo
10045255,ok,조회경,여,1955,성결대학교,교수,퇴직,현대소설(국문학),소설론,숙명여자대학교,박사,趙會京,HOEI KYUNG CHO
10045298,ok,이도연,남,1971,한국체육대학교(대학별),교수,재직,문학비평(국문학),현대문학비평,고려대학교,박사,李道淵,Lee Do Yeon
10045315,ok,김종복,남,1967,국립경국대학교(연계),교수,재직,한국고대사,발해사,성균관대학교,박사,金鍾福,Kim Jong-bok
10045327,ok,유원수,남,1953,서울대학교,HK교수,퇴직,몽골어문학,몽골어,Indiana University at Bloomington,박사,柳元秀,"Yu, Wonsoo"
10045358,ok,유춘동,남,*****,강원대학교(연계),*****,*****,고전산문,고전소설(상업고소설),연세대학교,박사,,*****
10045383,ok,현남숙,여,1968,전북대학교 과학문화연구센터,전임연구원,재직,문화/기술철학,문화철학,이화여자대학교,박사,玄南淑,Hyun Nam Sook
10045393,ok,백승숙,여,1967,영남대학교,조교수,재직,현대희곡(국문학),현대희곡(국문학),영남대학교,박사,白承淑,"Baik, Seung Suk"
10045404,ok,원윤희,여,1967,제주대학교(연계),조교수,재직,희곡(독일문학),"독일문학, 독어교육, 한국어교육",부산대학교,박사,元允希,Won Yunhee
10045406,ok,김종대,남,1958,국립민속박물관,공무원,재직,구비문학(국문학),민간신앙,중앙대학교,박사,金宗大,"Kim, Jong-dae"
10045420,ok,양언석,남,1959,강원도립대학교,부교수,퇴직,한문산문,한문학,명지대학교(서울캠퍼스),박사,,YANG ON SEOK
10045421,ok,진은영,여,*****,조선대학교(연계),*****,*****,문학이론,문학상담 및 문학철학,이화여자대학교,박사,*****,*****
10045428,ok,김시천,남,1968,숭실대학교(연계),조교수,재직,동양철학일반,동양철학,숭실대학교,박사,金是天,Si-Cheon Kim
10045430,ok,손광식,남,1961,성균관대학교,강사,재직,현대소설(국문학),1930년대 소설,성균관대학교,박사,孫匡湜,"Sohn, Gwang-shik"
10045457,ok,손혜리,여,1972,한국학중앙연구원(연계),조교수,재직,한문학,한문산문,성균관대학교,박사,孫惠莉,"Son, Hyeri"
10045479,ok,윤예영,여,1977,민족문학사연구소,전임연구원,재직,구비문학(국문학),"구술문학, 여성학, 미디어 리터러시",서강대학교,박사,尹艾碤,Yaeyoung Yun
10045510,ok,조택희,남,1967,충북대학교(연계),교수,재직,국제/세계경제,"국제경제, 국제무역",충북대학교,박사,趙澤熙,"Cho, Taek-hee"
10045512,ok,홍창수,남,1964,고려대학교(연계),교수,재직,현대희곡(국문학),현대극,고려대학교,박사,洪彰秀,"HONG, Changsoo"
10045534,ok,조은숙,여,*****,춘천교육대학교(연계),*****,*****,아동문학,아동문학사와 비평,고려대학교,박사,*****,*****
10045558,ok,김광년,남,*****,강원대학교(연계),*****,*****,한문산문,조선 후기 한문 산문,고려대학교,박사,*****,*****
10045574,ok,이주희,여,1975,경희대학교(연계),부교수,재직,음운론(언어학),"음운론, 최적성 이론",University of Essex,박사,李周禧,LEE JUHEE
10045582,ok,정훈식,남,1972,울산대학교,연구교수,재직,고전산문,연행록 통신사행록,부산대학교,박사,鄭勳植,"Jeong, Hoon-Sik"
10045689,ok,전상욱,남,1970,연세대학교(연계),교수,재직,고전산문,고전소설,연세대학교,박사,全相昱,Sanguk Jeon
10045717,ok,정수환,남,1974,국립금오공과대학교(연계),부교수,재직,역사학,조선시대사,한국학중앙연구원,박사,鄭銖煥,"Jung, Su-hwan"
10045720,ok,오승은,여,1965,한성대학교,강사,재직,서양현대사,동유럽 현대사,King's College London,박사,吳昇恩,Seung Eun Oh
10045734,ok,진정근,남,1963,국립공주대학교(연계),교수,재직,화용론(독일어학),화용론,Westfaelische Wilhelms - Univ. Munster,박사,陳丁根,Jin Jeongkun
10045747,ok,김정애,여,1973,건국대학교,조교수,재직,기타문학,문학치료,건국대학교,박사,金貞愛,"Kim,Jeong-Ae"
10045765,ok,허영일,여,1949,한국예술종합학교,교수,퇴직,무용사,민족무용,東亞大學,박사,許榮一,Hur Young il
10045780,private,,,,,,,,,,,,
10045787,ok,하상복,남,*****,부산대학교(연계),*****,*****,현대영미소설,"영미소설, 비교문학, 영미문화, 문화이론",부산대학교,박사,*****,*****
10045792,ok,김건희,여,1973,강원대학교(연계),교수,재직,통사론(국어학),국어학(통사론),서울대학교,박사,金建希,Kim keonhee
10045808,ok,김성수,남,1969,서울대학교(연계),HK교수,재직,조선전기사,의료사,경희대학교,박사,金聖洙,"KIM, SEONG SU"
10045842,ok,이은상,남,1963,세종국가경영연구원,연구위원,재직,중국고전문학,중국신화와 소설,단국대학교,박사,李垠尙,Eunsang Lee
10045869,ok,고영란,여,1968,日本大學,교수,재직,일본근현대문학,사상 문학,日本大學,박사,高榮蘭,Ko Young-ran
10045925,ok,최미진,여,1971,부산대학교,전임연구원,재직,현대소설(국문학),"대중문학, 여성문학, 지역문학, 교양교육",부산대학교,박사,崔美珍,"Choi, Mi-Jin"
10045935,ok,소영현,여,1970,한국문학번역원,교수,재직,기타국문학,"근대소설, 현대소설, 현대소설비평, 문학비평, 여성문학, 문화사  연구",연세대학교,박사,蘇榮炫,"So, Young Hyun"
10045937,ok,황정연,여,1973,한국학중앙연구원(연계),조교수,재직,미술사,"한국회화사, 서화수장사",한국학중앙연구원,박사,黃晶淵,"Hwang, Jung-yon"
10045952,ok,황인건,남,*****,한양대학교,*****,*****,한문산문,,한양대학교,석사,*****,*****
10045967,ok,박현이,여,1975,배재대학교(연계),부교수,재직,현대소설(국문학),문학비평,충남대학교,박사,,"Park, Hyun Lee"
10046037,ok,김학면,남,1960,홍익대학교,공무원,재직,문학비평(국문학),현대비평사,,,,"Khk, Hak-Myun"
10046045,ok,조원형,남,1979,서울대학교,강사,재직,텍스트언어,"텍스트언어학, 문법론, 일반언어학, 한국어학, 독일어학",서울대학교,박사,趙原珩,Cho Wonhyong
10046053,ok,장창영,남,1968,전북대학교,강사,재직,현대시(국문학),,전북대학교,박사,張倉榮,ChangYoung Jang
10046106,ok,이종수,남,1970,국립순천대학교(연계),교수,재직,지역불교및불교사연구,한국불교사,동국대학교,박사,李鍾壽,"LEE, Jong Su"
10046107,ok,이계열,여,1966,,,재직,현대소설(국문학),1930년대 모더니즘 소설,숙명여자대학교,박사,,"Lee, Kae- Yeal"
10046112,ok,최라영,여,1973,충북대학교,강사,재직,현대시(국문학),현대시,서울대학교,박사,崔羅英,choi rayoung
10046149,ok,박재연,여,1973,아주대학교(연계),교수,재직,의미론(국어학),한국어 어미,서울대학교,박사,朴載蓮,Park Jaeyon
10046185,ok,김나영,여,1972,성신여자대학교(연계),조교수,재직,고전산문,"고전소설, 설화",성신여자대학교,박사,金那英,Nayeong Kim
10046192,ok,이소림,여,1977,전남대학교,강사,재직,한국어교육학,한국어 교재연구,전남대학교,박사,李昭林,Lee Sorim
10046231,ok,허수,남,1967,서울대학교(연계),교수,재직,한국근대사,한국근대사상사,서울대학교,박사,許洙,HurSoo
10046274,ok,나은미,여,1966,한성대학교(연계),교수,재직,의미론(국어학),형태 의미,한성대학교,박사,羅恩美,Na Eun Mi
10046279,ok,임채훈,남,1974,숭실대학교(연계),부교수,재직,의미론(국어학),문장의미론,경희대학교,박사,林采勳,Chae-hun Yim
10046293,ok,김은희,여,*****,청주대학교(연계),*****,*****,국제광고/홍보,인터넷광고,한국외국어대학교,박사,*****,*****
10046310,ok,이선영,여,1967,사이버한국외국어대학교(대학별),교수,재직,언어습득,"제1언어 및 제2언습득, 심리언어학, 언어처리, 한국어 습득",University of Hawaii at Manoa,박사,李 羨 瑛,Sun-Young Lee
10046313,ok,이기형,남,1961,경희대학교(연계),교수,재직,커뮤니케이션이론,"미디어연구, 문화연구, 질적 방법론",University of Illinois Chicago,박사,李淇炯,Lee Keehyeung
10046354,ok,김기종,남,1972,전북대학교(연계),부교수,재직,고전시가,고전시가,동국대학교,박사,,Kim Kijong
10046414,ok,김지영,여,1969,서울대학교 규장각한국학연구원,책임연구원,재직,조선후기사,문화사,서울대학교,박사,金芝英,Jiyoung Kim
10046419,private,,,,,,,,,,,,
10046427,ok,이인재,남,1965,서울교육대학교(연계),교수,재직,윤리교육학,윤리학 및 도덕교육,서울대학교,박사,李仁宰,LEE IN JAE
10046469,ok,노영근,남,1968,국민대학교(연계),조교수,,구비문학(국문학),설화,국민대학교,박사,盧暎根,"Noh, Young keun"
10046488,ok,이요한,남,1969,부산외국어대학교 아세안연구원,연구교수,재직,지역학,아세안국제관계,한국외국어대학교,박사,李요한,Yohan Lee
10046500,private,,,,,,,,,,,,
10046502,ok,박주택,남,1960,경희대학교,교수,퇴직,현대시(국문학),현대시론과 현대시 창작,경희대학교,박사,朴柱澤,PARK JUTAEK
10046510,ok,노관범,남,1971,서울대학교(연계),HK교수,재직,사상사(역사학),근대이행기 한국사상사,서울대학교,박사,盧官汎,"Noh, KwanBum"
10046518,ok,이영지,여,1965,경상국립대학교,강사,재직,현대소설(국문학),,경상국립대학교,박사,,
10046536,ok,박경주,여,*****,원광대학교(연계),*****,*****,고전시가,고전시가,서울대학교,박사,*****,*****
10046553,ok,황성근,남,1960,세종대학교,초빙교수,재직,희곡(독일문학),기록문학,한국외국어대학교,박사,黃聖根,Hwang Seong Keun
10046563,ok,김영환,남,1960,부산대학교(연계),교수,재직,교육공학,교육체제공학,Indiana University at Bloomington,박사,金榮桓,"KIM, YOUNG HWAN"
10046570,ok,최혜주,여,1956,상명대학교,연구원,재직,한국근대사,한일관계사,東京大學,박사,崔惠珠,Choi Hea Joo
10046580,ok,정운채,남,1956,건국대학교,교수,재직,고전시가,문학치료,서울대학교,박사,鄭雲采,Unchae Jeong
10046604,ok,이상란,여,1957,서강대학교,교수,퇴직,연극이론,,Ruhr - Univ. Bochum,박사,李相蘭,Sang-Lan Lee
10046621,ok,박명관,남,1961,동국대학교(대학별),교수,재직,영어학,통사형태론,University of Connecticut,박사,,"Park, Myung Kwan"
10046632,ok,소인호,남,*****,청주대학교(연계),*****,*****,고전산문,고전산문(국문학),고려대학교,박사,*****,
10046676,ok,신용권,남,1967,인천대학교(연계),교수,재직,역사/비교언어학,중국어사,서울대학교,박사,愼鏞權,Shin Yong-Kwon
10046694,ok,구광범,남,1966,가톨릭관동대학교(연계),교수,재직,중국현대문학,,華東師範大學,박사,具洸範,"Gu, Gwang-bum"
10046697,ok,박수자,여,*****,부산교육대학교(연계),*****,*****,국어교육학,독서독해론,서울대학교,박사,*****,*****
10046706,ok,함복희,여,1962,강원대학교,강사,재직,문학이론,고전문학,강원대학교,박사,咸福熙,Ham Bok-Hee
10046709,private,,,,,,,,,,,,
10046712,ok,천진기,남,1962,국립민속박물관,책임연구원,재직,민속학(인류학),민속학,중앙대학교,박사,千鎭基,Jin-gi Cheon
10046717,ok,우승지,남,1963,경희대학교(연계),교수,재직,외교/안보/통일,"북한정치, 국제정치이론, 남북관계",Indiana University,박사,禹承芝,Woo Seongji
10046738,ok,김라연,여,1972,신라대학교(연계),교수,재직,국어교육학,독서 전공,고려대학교,박사,,Kim Ra yeon
10046743,ok,이군선,남,1968,원광대학교(연계),교수,재직,한문산문,조선후기,성균관대학교,박사,李君善,LEE GOON SEON
10046745,ok,권진호,남,1963,(재) 한국국학진흥원,연구위원,재직,문학이론,문학사상,성균관대학교,박사,權鎭浩,jinho kwon
10046753,ok,윤인진,남,1963,고려대학교(연계),교수,재직,사회계층/계급,사회심리,Univ. of Chicago,박사,尹麟鎭,"YOON, In-Jin"
10046795,ok,송운강,남,1961,강원대학교(연계),교수,재직,관광개발,관광경제 및 정보,경기대학교,박사,宋雲崗,Song Woon Gang
10046805,ok,홍인숙,여,*****,홍익대학교(연계),*****,*****,고전산문,"한문산문, 고전산문",이화여자대학교,박사,,*****
10046809,ok,심승희,여,1971,서울대학교(연계),교수,재직,문화지리,문화지리,서울대학교,박사,沈承姬,"Seung Hee, Shim"
10046820,ok,정경주,남,1953,경성대학교,교수,재직,한국경학,禮學,부산대학교,박사,鄭景柱,Kyeong-Ju Jung
10046821,ok,오상학,남,1966,제주대학교(연계),교수,재직,인문지리학,역사지리학,서울대학교,박사,吳尙學,Oh Sang Hak
10046830,ok,성기련,여,1972,서울대학교(연계),교수,재직,한국음악이론/분석,국악이론/한국음악사,서울대학교,박사,成耆蓮,"Sung, Kiryun"
10046841,private,,,,,,,,,,,,
10046856,ok,김민애,여,1968,서울대학교,연구원,재직,한국어교육학,,서울대학교,석사,,"Kim, Min-Ae"
10046859,ok,강명혜,여,1954,강원대학교,연구원,퇴직,국문학사,"국문학, 구비문화, 문화콘텐츠",서강대학교,박사,姜明慧,kang-myeonghye
10046860,ok,박미선,여,1972,명지대학교,객원교수,재직,한국고대사,신라불교,연세대학교,박사,朴美先,"Park, Mi-sun"
10046874,ok,송인화,여,1964,한세대학교(연계),교수,재직,현대소설(국문학),모더니즘 소설,연세대학교,박사,宋仁和,"Song, In Hwa"
10046886,ok,최경봉,남,1965,원광대학교(연계),교수,재직,의미론(국어학),어휘의미론,고려대학교,박사,崔炅鳳,"Choi, Kyeong-bong"
10046902,ok,김풍기,남,1961,강원대학교(연계),교수,재직,고전시가,조선 전기 시가 및 문학론,고려대학교,박사,金豊起,KIM PUNGGI
10046906,ok,김외곤,남,1965,상명대학교(연계),조교수,재직,현대소설(국문학),문학 및 문화이론,서울대학교,박사,金外坤,Oe-gon Kim
10046913,ok,박선형,남,1964,동국대학교(대학별),교수,재직,교육행정/경영학,교육행정철학(조직이론),University of Tasmania,박사,,Park Sun Hyung
10046922,ok,홍성구,남,1967,강원대학교(연계),교수,재직,인터넷신문/방송,인터넷 저널리즘,고려대학교,박사,洪性九,Hong Sun Ku
10046929,ok,유경수,여,1977,한국과학기술원,연구원,재직,현대소설(국문학),현대문학,충남대학교,석사,兪京秀,Yu Kyoung-soo
10046963,ok,차철욱,남,1964,부산대학교(연계),교수,재직,한국현대사,한국근대사,부산대학교,박사,車喆旭,"Cha, Chul Wook"
10046980,ok,이상익,남,1964,부산교육대학교(연계),교수,재직,한국유가철학,"주자학, 한국성리학",성균관대학교,박사,李相益,Lee sang ik
10047041,ok,김정은,여,1965,숙명여자대학교,초빙교수,재직,한국어교육학,국어 형태론/한국어교육,숙명여자대학교,박사,金廷恩,Jeongeun Kim
10047067,ok,임종수,남,1972,세종대학교(연계),교수,재직,신문방송학,방송학,한양대학교,박사,林鍾秀,"Lim, Jongsoo"
10047076,ok,김채현,여,1972,소속없음,기타,퇴직,일본문화학,"일본학, 대중문화, 비교문화",北海道大學,박사,金采炫,KIM Chaehyun
10047085,private,,,,,,,,,,,,
10047086,ok,김종국,남,1968,백석대학교,교수,재직,영화연출/연기,연극영화,동국대학교,박사,金鍾國,Jongguk Kim
10047101,ok,박인희,남,1969,국민대학교(연계),조교수,재직,고전시가,향가,국민대학교,박사,朴仁熙,"Park, Inhee"
10047120,ok,최강민,남,1966,우석대학교(대학별),조교수,재직,현대소설(국문학),"현대소설, 비평",중앙대학교,박사,崔康民,Choi Kang-Min
10047153,private,,,,,,,,,,,,
10047158,ok,이병규,남,1969,서울교육대학교(연계),교수,재직,통사론(국어학),통사론,연세대학교,박사,,"Lee, Byounggyu"
10047172,ok,정언학,남,1963,서강대학교,강사,재직,국어사,"국어 문법사, 중세국어 문법론, 근대국어 문법론.",서강대학교,박사,鄭彦鶴,Eonhak Jeong
10047237,ok,정시열,남,1974,영남대학교(연계),교수,재직,한문비평,한문비평,서강대학교,박사,鄭時烈,Jeong Si-Youl
10047262,ok,정문영,여,1956,계명대학교,교수,퇴직,영어와문학,영미희곡,Univ. of Delaware,박사,鄭文玲,Moonyoung Chung
10047274,ok,윤선자,여,*****,전남대학교,*****,*****,한국근대사,,국민대학교,박사,*****,*****
10047297,ok,윤충로,남,1968,동국대학교 인구와사회협동연구소,연구교수,재직,사회사/역사사회학,역사사회학,동국대학교,박사,尹忠老,Chung Ro Yoon
10047299,ok,김상원,남,1974,남서울대학교,강사,재직,관광자원,조선통신사의 역사문화콘텐츠 개발을 통한 관광루트 연구,경기대학교,박사,金尙垣,KIM SANG WON
10047338,ok,강영미,여,1969,고려대학교,연구교수,재직,현대시(국문학),현대시,고려대학교,박사,康泳美,KangYoungMi
10047362,ok,김문기,남,1971,동아대학교,강사,재직,통사론(국어학),통사의미론,부산대학교,박사,金文基,KIM MUN-GI
10047371,ok,박성현,여,1964,광운대학교(연계),교수,재직,화용론(언어학),담화분석,서울대학교,박사,,Park Seonghyeon
10047381,ok,남근우,남,1959,동국대학교,교수,퇴직,민속학(인류학),"민속학이론, 민속학사, 문화연구",筑波大學,박사,南根祐,"Nam, Kun-wu"
10047391,ok,유영대,남,1956,고려대학교,교수,퇴직,구비문학,"설화, 판소리",고려대학교,박사,劉永大,"Yoo, Young-dai"
10047428,ok,정준식,남,1963,동의대학교(연계),교수,재직,고전산문,고전문학,부산대학교,박사,鄭俊植,JUNG JUN SIK
10047432,ok,이현명,남,1973,전남대학교 기초교육원,책임연구원,재직,영어교육,중등 영어교사 교육,Pennsylvania State Univ.,박사,李鉉明,"Lee, Hyun-Myoung"
10047470,ok,최원오,남,*****,광주교육대학교(연계),*****,*****,구비문학(국문학),구비문학,서울대학교,박사,*****,*****
10047472,ok,한예원,여,1961,조선대학교(연계),교수,재직,한문교육,한문교육/양명학,東京大學,박사,韓睿嫄,"Han, Yae-won"
10047475,ok,권순긍,남,1955,세명대학교,교수,재직,국문학,고전문학,성균관대학교,박사,權純肯,"Kwon, Sun-keung"
10047478,ok,조대엽,남,1960,고려대학교(연계),명예교수,재직,정치사회학/사회운동론,"시민운동, NGO연구, 집합행동",고려대학교,박사,趙大燁,"Cho, Dae-Yop"
10047516,ok,김병남,남,1968,전북대학교(연계),부교수,재직,한국고대사,백제사,전북대학교,박사,金秉南,Kim Byung Nam
10047538,ok,조광국,남,*****,아주대학교(연계),*****,*****,고전산문,한국고전소설,서울대학교,박사,*****,*****
10047545,ok,이광복,남,1960,국립목포대학교(연계),교수,재직,기타독일문학,문학교육,University of Siegen,박사,李光馥,Lee Kwang Bok
10047563,ok,이숭원,남,1955,서울여자대학교,교수,퇴직,현대시(국문학),한국현대시비평,서울대학교,박사,李崇源,LEE SOONGWON
10047582,ok,김현주,남,1955,서강대학교,교수,퇴직,고전산문,"고소설, 판소리",서강대학교,박사,金賢柱,Hyun Joo Kim
10047591,ok,이상경,여,1960,한국과학기술원,명예교수,퇴직,현대소설(국문학),여성문학,서울대학교,박사,,Sang-Kyung Lee
10047606,ok,전재강,남,1957,국립경국대학교,교수,퇴직,한시,"한시, 한문산문, 고전시가",경북대학교,박사,全在康,Jeonjaegang
10047620,private,,,,,,,,,,,,
10047642,ok,김문태,남,*****,서울디지털대학교,*****,*****,고전시가,"한국고전 시가, 설화",성균관대학교,박사,*****,*****
10047644,ok,안승준,남,1960,한국학중앙연구원,책임연구원,퇴직,한국사,"한국중세사, 한국고문서학",한국학중앙연구원,박사,安承俊,
10047666,private,,,,,,,,,,,,
10047673,ok,서영채,남,1961,서울대학교(연계),교수,재직,비교문학,한국현대소설,서울대학교,박사,徐榮彩,"Seo, Young Chae"
10047674,ok,이재용,남,1972,국립군산대학교,강사,재직,현대소설(국문학),,인하대학교,박사,李在鏞,Jae-Yong Lee
10047684,ok,나은영,여,1964,초당대학교(연계),조교수,재직,의미론(국어학),국어의미론,서울여자대학교,박사,羅銀暎,Na eun-young
10047686,ok,김병기,남,1955,전북대학교(연계),교수,재직,중국시,중국시론과  서예론,私立中國文化大學,박사,金炳基,kim Byeong Gi
10047689,ok,이석현,남,1964,조선대학교 인문학연구원,HK연구교수,재직,중국중세사2(송요금원),"송대사회경제사, 송대 외교사, 역사지도",고려대학교,박사,李錫炫,"Lee, SukHyun"
10047691,ok,유성호,남,1964,한양대학교(연계),교수,재직,현대시(국문학),한국 현대시,연세대학교,박사,柳成浩,Yoo Sung Ho
10047719,ok,최형욱,남,1962,한양대학교(연계),교수,재직,중국현대문학,근대문학이론,연세대학교,박사,崔亨旭,"Choi, Hyeong-Wook"
10047722,ok,이충우,남,1951,,교수,퇴직,국어교육,국어학과 국어교육,서울대학교,박사,李忠雨,"Lee, Choong-woo"
10047724,ok,신정근,남,1965,성균관대학교(연계),교수,재직,동양철학일반,중국철학,서울대학교,박사,辛正根,"SHIN, JEONG GEUN"
10047733,ok,박정혜,여,1961,한국학중앙연구원(연계),교수,재직,미술사,한국회화사,홍익대학교,박사,朴廷蕙,Jeong Hye Park
10047750,ok,이은희,여,1966,한성대학교(연계),교수,재직,국어교육,문법 교육,서울대학교,박사,李恩羲,"Lee, Eun-Hee"
10047765,ok,정천구,남,1967,부산대학교,기타,미취업,비교문학,동아시아사상 및 문학비교,서울대학교,박사,丁天求,"Jung, Chunkoo"
10047769,ok,정병호,남,1965,경북대학교(연계),교수,재직,한문산문,조선후기 한문산문,경북대학교,박사,鄭炳浩,JEONG BYUNG-HO
10047788,ok,김윤태,남,1965,고려대학교(연계),교수,재직,사회학,"정치사회학, 발전사회학, 사회정책","The London School of Economics and Political Science, University of London",박사,金侖台,"Kim, Yun Tae"
10047802,ok,박경신,남,*****,울산대학교,*****,*****,국문학,,서울대학교,박사,*****,*****
10047806,ok,황문환,남,1960,한국학중앙연구원,교수,퇴직,국어학,A1105(국어사),한국학중앙연구원,박사,黃文煥,"Hwang, Mun-hwan"
10047811,ok,도미향,여,1964,남서울대학교(연계),교수,재직,아동복지,아동복지,숙명여자대학교,박사,,"Do, Mi Hyang"
10047876,ok,김현철,남,1969,東北大學(JA),조교수,재직,현대희곡(국문학),한국희곡론 및 전통연희,고려대학교,박사,金鉉哲,"Kim, Hyeon-Cheol"
10047885,ok,전혜영,여,1956,이화여자대학교,교수,퇴직,의미론(국어학),화용의미론,이화여자대학교,박사,錢惠英,Hye Young Jeon
10047896,ok,조희정,여,1970,조선대학교(연계),교수,재직,국어교육학,"국어교육, 고전문학교육, 글쓰기교육",서울대학교,박사,曺希禎,Cho Heejung
10047929,ok,김주필,남,1960,국민대학교(연계),교수,재직,음운론(국어학),음운론,서울대학교,박사,金周弼,"KIM, JOO-PHIL"
10047955,ok,김호영,남,1967,한양대학교(연계),교수,재직,기타미학/예술학,이미지 이론 및 기호학,Universite Paris 8,박사,金鎬永,Kim Ho-young
10047957,ok,신창호,남,1964,고려대학교(연계),교수,재직,유교교육학,교육철학/사상,고려대학교,박사,申昌鎬,Shin Chang Ho
10047976,ok,류해춘,남,1959,성결대학교(연계),명예교수,재직,고전시가,"가사, 시조",경북대학교,박사,柳海春,RYOO HAE CHOON Ryoo
10047977,ok,서경석,남,1959,한양대학교(연계),명예교수,재직,현대소설(국문학),현대문학,서울대학교,박사,徐 經 錫,"Seo, Kyeong-Seok"
10048024,ok,홍영의,남,1964,국민대학교(연계),교수,재직,인문학,한국사,국민대학교,박사,洪榮義,HONG Young Eui
10048025,ok,김정우,남,1958,경남대학교,교수,재직,음운론(국어학),"국어 음운론, 번역",서울대학교,박사,金政佑,Jeong-Woo Kim
10048027,ok,이도흠,남,*****,한양대학교(연계),*****,*****,고전시가,향가,한양대학교,박사,*****,*****
10048028,ok,최주리,여,*****,이화여자대학교(연계),*****,*****,기타영문학,18세기 영국 소설,Stanford University,박사,*****,*****
10048030,ok,윤행순,여,1954,국립한밭대학교,교수,재직,일본어사,훈점 및 문자론,中央大學,박사,尹 幸舜,YOON HAENG SUN
10048035,ok,조용훈,남,*****,청주교육대학교(연계),*****,*****,현대시(국문학),현대시(인)연구,서강대학교,박사,*****,*****
10048041,ok,오수창,남,*****,서울대학교,*****,*****,조선후기사,정치사 지역사,서울대학교,박사,*****,*****
10048051,ok,박윤우,남,1960,서경대학교,부교수,재직,현대시(국문학),A1208,서울대학교,박사,朴胤雨,Park Yoon Woo
10048056,ok,박선경,여,1963,한라대학교,조교수,재직,문학이론,"현대소설론, 기호학",서강대학교,박사,朴善卿,Park Sungkyoung
10048060,private,,,,,,,,,,,,
10048079,ok,김희진,여,1960,연세대학교,부교수,재직,광고/홍보산업,"매체기획, 광고효과",University of Texas at Austin,박사,,Heejin Kim
10048087,ok,김동섭,남,1960,,회사원,재직,민속학(인류학),"물질문화, 고전문학(신화학)",제주대학교,박사,,Kim Dong-seop
10048104,ok,최종렬,남,1965,계명대학교(연계),교수,재직,문화/종교사회학,문화사회학,"Univ. of Nevada~, Las Vegas",박사,崔鍾烈,"Choi, Jongryul"
10048110,ok,김복순,여,*****,명지대학교,*****,*****,현대소설(국문학),한국근대초기소설,연세대학교,박사,*****,*****
10048116,ok,정재현,남,1962,서강대학교(연계),교수,재직,중국철학,중국고대철학,University of Hawaii at Manoa,박사,鄭在鉉,Chaehyun Chong
10048119,ok,문석윤,남,1963,경희대학교(연계),교수,재직,동양철학,한국유가철학,서울대학교,박사,文錫胤,Moon Suk Yoon
10048123,ok,정우락,남,1964,경북대학교(연계),교수,재직,고전비평,"문학사상, 사림파문학",경북대학교,박사,鄭羽洛,
10048137,ok,장노현,남,1967,한남대학교,교수,재직,문학이론,"디지털문학(디지털서사, 하이퍼서사, 디지털포엠)",한국학중앙연구원,박사,張魯鉉,Jang Nohyun
10048160,private,,,,,,,,,,,,
10048164,ok,박유희,여,*****,고려대학교(연계),*****,*****,영상문학,한국영화와 문학,고려대학교,박사,*****,*****
10048186,ok,최우길,남,1958,선문대학교,교수,재직,국제정치,"지역정치, 중국정치, 국제정치",Universite de Geneve,박사,崔佑吉,Woogill Choi
10048195,ok,조은,여,1946,동국대학교(대학별),교수,퇴직,사회학,,Hawaii Pacific University,박사,,"Cho, Uhn"
10048198,ok,이종우,남,1964,홍익대학교(연계),조교수,재직,동양철학일반,성리학,성균관대학교,박사,,Yi Jongwoo
10048214,ok,이광오,남,1953,영남대학교,교수,퇴직,인지/언어심리,언어심리,北海道大學,박사,李光五,"Yi, Kwangoh"
10048223,ok,김정녀,여,1973,단국대학교(연계),조교수,재직,고전산문,고전소설,고려대학교,박사,金貞女,"Kim, Jeong Nyeo"
10048252,ok,정영순,여,1964,한국학중앙연구원(연계),교수,재직,한국현대사,북한 정치사상사,Humboldt - Univ. zu Berlin,박사,鄭永順,Youngsoon Chung
10048263,ok,김지형,남,1966,경희사이버대학교(연계),교수,재직,한국어교육학,"어휘.음운사, 한국어교육(발음, 어휘)",경희대학교,박사,金智衡,Kim Jihyung
10048264,ok,조현설,남,1962,서울대학교(연계),교수,재직,국문학,"고전산문, 구비문학, 신화학",동국대학교,박사,趙顯卨,"Cho,  Hyunsoul"
10048279,ok,김혜승,여,1951,소속없음,기타,미취업,기타정치외교학,한국정치사,이화여자대학교,박사,金惠承,HeaSeung kim
10048286,ok,원진숙,여,1964,서울교육대학교(연계),교수,재직,국어교육,"작문, 화법, 평가, 다문화교육",고려대학교,박사,元眞淑,WON JIN SOOK
10048293,ok,김일환,남,1959,국립공주대학교,교수,퇴직,한국철학,"경학, 한문과 교과교육론",성균관대학교,박사,金日煥,
10048307,ok,박정현,남,*****,조선대학교(연계),*****,*****,중국현대사,중국근현대사,고려대학교,박사,*****,*****
10048329,ok,박부자,여,1975,성신여자대학교(연계),교수,재직,국어사,국어문법사,한국학중앙연구원,박사,朴富子,PARK POOJA
10048334,ok,차승기,남,1967,조선대학교(연계),부교수,재직,문학비평(국문학),문학사와 문학이론,연세대학교,박사,車承棋,CHA SEUNG KI
10048348,ok,이진호,남,1972,서울대학교(연계),교수,재직,음운론(국어학),국어음운론,서울대학교,박사,李珍昊,Lee Jin-Ho
10048375,ok,김주현,남,1966,경북대학교(연계),교수,재직,현대소설(국문학),현대소설,서울대학교,박사,金宙鉉,
10048376,ok,오영미,여,1965,한국교통대학교(연계),교수,재직,극작가/희곡작가/대본,희곡,경희대학교,박사,吳榮美,"Oh, Young-mi"
10048381,private,,,,,,,,,,,,
10048382,ok,정재민,남,1964,육군사관학교,부교수,재직,국문학,구비문학,서울대학교,박사,鄭在珉,Jaemin Jung
10048387,ok,이구의,남,*****,경북대학교,*****,*****,한시,한시비평,영남대학교,박사,*****,
10048389,ok,홍태한,남,1962,사단법인 무형문화연구원,연구교수,재직,민속학(인류학),한국무속학,경희대학교,박사,洪泰漢,Teahan Hong
10048390,ok,임성모,남,1961,연세대학교,부교수,재직,일본근대사,일본파시즘과 식민주의,연세대학교,박사,,Sung Mo Yim
10048394,ok,최유희,여,1968,중앙대학교(연계),부교수,재직,문예창작,문예창작이론,중앙대학교,박사,崔有希,"Choi, You-hee"
10048395,ok,남지순,여,1962,한국외국어대학교,교수,재직,전산언어학,전자사전학/어휘문법론,Univ. de Paris VII,박사,南芝順,Jee-Sun NAM
10048402,ok,최정순,남,1963,배재대학교,교수,퇴직,한국어교육학,,서강대학교,박사,崔正洵,JEONGSOON CHOE
10048403,ok,황영삼,남,1960,한국외국어대학교,위촉연구원,미취업,지역연구,러시아-중앙아시아사회문화,한국외국어대학교,박사,黃榮三,"Hwang, Youngsarm"
10048405,ok,조오현,남,1949,건국대학교,교수,재직,음운론(국어학),음운론,건국대학교,박사,曺五鉉,OhHyun Cho
10048425,ok,조진기,남,1944,경남대학교,교수,재직,현대소설(국문학),"현대소설, 비교문학",영남대학교,박사,趙鎭基,Jinki Cho
10048427,private,,,,,,,,,,,,
10048431,ok,이정화,여,1970,고려사이버대학교,부교수,재직,의미론(언어학),"의미론, 인지언어학",Rice Univ.,박사,,"Lee, Jeong-Hwa"
10048435,ok,정해은,여,1965,세종국가경영연구원,연구위원,재직,조선후기사,"사회사, 군사사,  여성사",한국학중앙연구원,박사,鄭海恩,CHUNG HAE EUN
10048442,ok,이명수,남,1958,부산대학교,부교수,퇴직,동양철학,중국근현대철학,성균관대학교,박사,李明洙,"Rhee, Myung-Su"
10048445,ok,우미성,여,1964,연세대학교(연계),교수,재직,현대영미희곡,영미희곡비평,University of Wisconsin - Madison,박사,,Miseong Woo
10048450,ok,조성산,남,1970,성균관대학교(연계),교수,재직,조선후기사,사상사,고려대학교,박사,趙成山,"CHO, SUNG SAN"
10048454,ok,조창규,남,*****,원광대학교,*****,*****,음운론(국어학),,원광대학교,박사,*****,*****
10048460,private,,,,,,,,,,,,
10048461,ok,이선옥,여,1962,숙명여자대학교,부교수,재직,현대소설(국문학),"192,30년대소설",숙명여자대학교,박사,李仙玉,Sun-Ok Lee
10048472,ok,윤병선,남,1959,건국대학교,교수,재직,농산물무역/발전,농식품체제(agrifood system),건국대학교,박사,尹炳善,Byeongseon Yoon
10048498,private,,,,,,,,,,,,
10048508,ok,박종승,남,1964,강원대학교(연계),교수,재직,일본어사,"일본어의 변천사,문법,형태음운",學習院大學,박사,朴鍾升,Park Jong Seung
10048511,ok,최미숙,여,1964,상명대학교(연계),교수,재직,국어교육,현대시교육(문학교육),서울대학교,학사,崔美淑,"Choi, Mee-Sook"
10048532,ok,임천택,남,*****,부산교육대학교(연계),*****,*****,국어교육,"국어교육,쓰기교육,논술교육",한국교원대학교,박사,*****,*****
10048538,ok,이병근,남,1940,서울대학교,교수,퇴직,국어사전학,,서울대학교,석사,李秉根,Lee Pyonggeun
10048544,private,,,,,,,,,,,,
10048545,ok,김경일,남,1956,한국학중앙연구원,교수,퇴직,사회사/역사사회학,"한국사회사, 역사사회학, 지역연구론",서울대학교,박사,金炅一,Kim Keong-il
10048554,ok,심선옥,여,1965,성균관대학교,강사,미취업,국문학,근현대시,성균관대학교,박사,,Seonok Shim
10048555,ok,이승수,남,*****,한양대학교(연계),*****,*****,고전산문,"고전작가론, 고전산문",한양대학교,박사,*****,*****
10048558,ok,정창권,남,1967,고려대학교,부교수,재직,고전산문,고전산문,고려대학교,박사,鄭昌權,Jeong Chang kwon
10048562,ok,전영숙,여,1966,연세대학교 중국연구원,연구원,재직,비교문학,동아시아 문화비교,연세대학교,박사,田英淑,JUN YOUNG SUK
10048578,ok,나정순,여,1956,한국외국어대학교,강의교수,퇴직,고전시가,"고전시가, 향가여요시조가사민요",이화여자대학교,박사,羅貞順,Na jung-soon
10048580,ok,장영희,여,1960,남서울대학교(연계),부교수,재직,의미론(국어학),의미론,숙명여자대학교,박사,,"Jang, young hee"
10048622,ok,김정화,여,1969,영남대학교(연계),교수,재직,고전시가,국문학(비교 문학),대구가톨릭대학교,박사,金正和,Kim Jeong Hwa
10048651,ok,구본관,남,1965,서울대학교(연계),교수,재직,국어교육학,문법교육,서울대학교,박사,구본관,"Koo, Bonkwan"
10048657,ok,전영철,남,1962,서울대학교(연계),교수,재직,의미론(국어학),한국어 의미론,Indiana University at Bloomington,박사,全永鐵,"Jun, Youngchul"
10048660,ok,임영애,여,1963,동국대학교(대학별),교수,재직,미술사,미술사 (불교조각사),이화여자대학교,박사,林玲愛,Lim Young-ae
10048682,ok,최현주,남,1965,국립순천대학교(연계),교수,재직,현대소설(국문학),현대소설,전남대학교,박사,,Hyun-Joo Choi
10048685,ok,정혜경,여,1965,순천향대학교(연계),교수,재직,현대소설(국문학),A1207현대소설,고려대학교,박사,鄭惠瓊,Hyekyung Chung
10048687,ok,조정래,남,1953,서경대학교,교수,재직,현대소설(국문학),서사론,연세대학교,박사,,Cho Jung Lae
10048689,ok,강창석,남,1957,충북대학교,교수,퇴직,음운론(국어학),국어음운론,서울대학교,박사,姜昶錫,"Kang, Chang-seok"
10048690,ok,김병홍,남,1964,신라대학교(연계),조교수,재직,통사론(국어학),한국어 통어론,동아대학교,박사,,"Kim, Byoung-hong"
10048693,ok,천인호,남,1963,동방문화대학원대학교(대학별),교수,재직,풍수지리,"풍수지리, 부동산학",동아대학교,박사,千寅鎬,Cheon in ho
10048709,ok,염은열,여,*****,청주교육대학교(연계),*****,*****,국어교육학,국어교육,서울대학교,박사,*****,
10048718,private,,,,,,,,,,,,
10048729,ok,박덕유,남,1959,인하대학교(연계),명예교수,재직,국어교육,국어문법론,인하대학교,박사,朴德裕,PARK DEOK YOU
10048736,ok,김경희,여,*****,한양대학교(연계),*****,*****,통사론(프랑스어학),"어휘문법, 통사론, 번역학",,박사,*****,*****
10048737,ok,김재현,남,1962,동아대학교(연계),교수,재직,체질인류학(인류학),형질고고학,九州大學,박사,金宰賢,KIM JAEHYUN
10048765,ok,구현정,여,1958,상명대학교(연계),교수,재직,의미론(국어학),의미/화용론,건국대학교,박사,具顯禎,KOO HYUN JUNG
10048771,ok,박태호,남,1963,서울과학기술대학교(연계),교수,재직,문화/종교사회학,문화이론 및 문화연구,서울대학교,박사,朴泰昊,"PARK, Taeho"
10048790,ok,임채우,남,1961,국제뇌교육종합대학원대학교(대학별),부교수,재직,동양철학일반,도교 도가철학,연세대학교,박사,林采佑,LimChaewoo
10048795,ok,김진희,여,1966,이화여자대학교(연계),교수,재직,현대시(국문학),1930년대 시문학,이화여자대학교,박사,金眞禧,Jin Hee Kim
10048809,ok,구명숙,여,1950,숙명여자대학교,교수,재직,현대시(국문학),"현대시,비교문학,여성문학",Univ. Bielefeld,박사,具明淑,koo myong-sook
10048815,ok,이현식,남,1966,(재) 인천문화재단,기타,재직,문학비평(국문학),,연세대학교,박사,,YiHyunShik
10048828,ok,김영진,남,1963,한양대학교(연계),부교수,재직,경제성장/발전/개발경제,"개발경제학, 국제지역경제, 비교경제",고려대학교,박사,,"Kim, Young Jin"
10048840,ok,백현미,여,1964,전남대학교(연계),교수,재직,희곡,"한국 희곡,연극,영화,TV드라마",이화여자대학교,박사,白賢美,Back Hyun Mi
10048842,ok,김철교,남,1948,배재대학교,명예교수,퇴직,문학이론,문예창작,중앙대학교,박사,金喆敎,CHULKYO KIM
10048849,ok,신지연,여,1963,목원대학교(연계),교수,재직,화용론(국어학),텍스트언어학,서울대학교,박사,申智姸,Ji-yeon Shin
10048853,private,,,,,,,,,,,,
10048860,private,,,,,,,,,,,,
10048863,private,,,,,,,,,,,,
10048898,ok,오재근,남,1961,한국체육대학교(대학별),교수,재직,스포츠의학,스포츠의학,경희대학교,박사,,oh jaekeun
10048899,ok,양근애,여,*****,명지대학교(연계),*****,*****,현대희곡(국문학),한국근현대 드라마,서울대학교,박사,,*****
10048928,ok,강연임,여,1971,목원대학교,부교수,재직,국어학,의미론,충남대학교,박사,,"Gang, Yeon Im"
10048938,ok,황형식,남,1966,국립경국대학교,강사,재직,고전시가,한국고전시가,대구대학교,박사,黃亨植,Hwang hyung sik
10048941,ok,박명희,여,1966,전남대학교,강사,재직,한시,한국한문학,전남대학교,박사,朴明姬,Park Myeong Hui
10048955,ok,권혁건,남,1954,동의대학교,교수,퇴직,일본근현대문학,일본근대소설,九州大學,박사,權赫建,KWON HYUK-GUN
10048964,ok,박영호,남,1959,협성대학교(연계),교수,,문학비평(국문학),A1210문학비평(국문학),한양대학교,박사,朴永浩,Young-Ho Park
10048965,ok,장일구,남,*****,전남대학교(연계),*****,*****,현대소설(국문학),"현대소설, 문학비평",서강대학교,박사,*****,*****
10048967,ok,김정하,남,1958,한국해양대학교,교수,재직,민속학(인류학),도시민속,서강대학교,박사,金楨夏,"Kim,Jung Ha"
10048974,private,,,,,,,,,,,,
10048982,ok,허수열,남,1951,충남대학교,교수,재직,경제사/학사,한국근대경제사,서울대학교,박사,許粹烈,"Huh, Soo-Youl"
10048987,ok,임인숙,여,1960,고려대학교,교수,퇴직,가족/성(gender)의사회학,"젠더 몸, 문화",University of Texas at Austin,박사,林仁淑,"Lim, In-Sook"
10048988,ok,이인경,여,1964,인제대학교(연계),교수,재직,고전산문,"고전소설, 구비문학,문학치료, 국어교육학",서울대학교,박사,李仁卿,In Kyung  Lee
10048997,private,,,,,,,,,,,,
10049001,private,,,,,,,,,,,,
10049012,ok,서진희,여,1958,연세대학교,교수,퇴직,통사론(영어학),A150103(생성문법),University of Southern California,박사,,Jinhee Suh
10049033,ok,서영희,여,1964,한국공학대학교(연계),교수,재직,한국근대사,대한제국기 정치사,서울대학교,박사,徐榮姬,Suh Young-hee
10049059,ok,김철범,남,1962,경성대학교,교수,재직,한문산문,조선후기 산문비평,성균관대학교,박사,金喆凡,Kim Cheol Beom
10049061,ok,홍정선,남,1953,인하대학교,명예교수,퇴직,국문학,한국현대문학,서울대학교,박사,洪廷善,HONGJUNG SUN
10049068,ok,심상욱,남,1948,전주대학교(연계),명예교수,재직,현대영미소설,영미소설/비평,충남대학교,박사,沈相旭,Shim Sang-wook
10049093,ok,허경진,남,1953,연세대학교 한국기독교문화연구소,연구원,재직,한시,한시. 향토문화,연세대학교,박사,,Kyoung Jin Hur
10049110,ok,이형권,남,1962,충남대학교(연계),교수,재직,현대시(국문학),현대시론,충남대학교,박사,李亨權,"Lee,Hyeong Kwon"
10049112,ok,주창윤,남,*****,서울여자대학교(연계),*****,*****,문화이론/대중문화론,"대중문화사, 영상커뮤니케이션",Univ. of Glasgow,박사,*****,*****
10049127,ok,신동일,남,1967,중앙대학교(연계),교수,재직,응용언어학,"언어평가, 언어사회, 담화/담론/기호분석",University of Illinois at Urbana - Champaign,박사,申東日,"Shin, Dongil"
10049169,ok,백승욱,남,1966,중앙대학교(연계),교수,재직,사회변동/발전사회학,사회변동,서울대학교,박사,白承旭,Seung Wook Baek
10049174,ok,조만호,남,1953,상명대학교,교수,퇴직,연극/드라마제작,한국연극사 및 연출,성균관대학교(자연과학캠퍼스),박사,趙萬鎬,Cho Man Hoe
10049175,ok,류순태,남,1965,서울시립대학교(연계),교수,재직,현대시(국문학),현대시,서울대학교,박사,柳順泰,Ryu Sun Tae
10049214,ok,남운,남,1960,한국교원대학교,교수,퇴직,시(독일문학),시/현대문학/문학이론,Univ. Dortmund,박사,,Nam Un
10049219,ok,진재교,남,1961,성균관대학교(연계),교수,재직,한문산문,조선 후기 한문학,성균관대학교,박사,陳在敎,"JIN, JAE KYO"
10049224,ok,유영옥,여,1967,동아대학교(연계),부교수,재직,조선전기사,조선전기(사학) 사서언해(한문학:경학),부산대학교,박사,兪英玉,YU YOUNG OG
10049246,ok,김영우,남,1965,인제대학교(연계),교수,재직,한국철학일반,한국철학,서울대학교,박사,金永友,Kim Youngwoo
10049250,ok,박현수,남,1966,성균관대학교,초빙교수,재직,현대소설(국문학),식민지시대 소설,성균관대학교,박사,朴賢洙,HyunSoo Park
10049256,ok,장호성,남,1960,한국교육과정평가원,연구위원,퇴직,한국경학,"한국경학, 교육과정, 한문교육론, 한문문법, 교재연구 및 지도법",성균관대학교,박사,張豪晟,Hosung Chang
10049273,ok,홍사만,남,1944,경북대학교,,재직,의미론(국어학),의미론(국어학),,,洪思滿,HONG SAH MAN
10049274,ok,이주형,남,1945,경북대학교,,재직,현대소설(국문학),,,,李注衡,LEE JU-HYUNG
10049290,ok,신경숙,여,1953,한성대학교,명예교수,퇴직,고전시가,고전시가,고려대학교,박사,愼慶淑,"Shin, Kyung-Sook"
10049291,ok,김문식,남,1962,단국대학교(연계),교수,재직,조선후기사,사상사,서울대학교,박사,金文植,Kim Moon-sik
10049299,ok,장태엽,남,1964,한국외국어대학교,교수,재직,음성학(언어학),실험음성학,The Univ. of Edinburgh,박사,蔣泰燁,Tae-Yeoub Jang
10049304,ok,이근,남,1963,서울대학교(연계),교수,재직,국제관계/협력,국제정치,University of Wisconsin - Madison,박사,李根,"Lee, Geun"
10049310,ok,김옥란,여,1968,동국대학교,강사,재직,국문학,한국희곡사/한국연극사,한양대학교,박사,金沃蘭,Ock-Ran Kim
10049337,ok,강희숙,여,1963,조선대학교(연계),교수,재직,사회언어학,사회방언학,전북대학교,박사,姜喜淑,"Kang, Hui-suk"
10049339,ok,신경숙,여,1960,연세대학교,부교수,재직,19C영미시,"낭만주의 영시, 페미니즘 문화이론",University of Texas at Austin,박사,,Kyung-Sook SHIN
10049346,ok,우순조,남,1963,성결대학교(연계),교수,퇴직,통사론(국어학),"국어통사론, 국어형태론",서울대학교,박사,禹舜朝,"Soon Jo, Woo"
10049384,ok,김수경,여,1962,이화여자대학교(연계),부교수,재직,고전시가,향가/고려가요,이화여자대학교,박사,金秀卿,Sookyung Kim
10049405,ok,이상갑,남,1957,한림대학교,강사,재직,현대소설(국문학),"현대소설, 비평",고려대학교,박사,,Lee Sang-Gab
10049406,ok,이근관,남,*****,서울대학교(연계),*****,*****,국제/해양법,국제법,Univ. of Cambridge,박사,*****,*****
10049429,ok,윤선태,남,1965,동국대학교(대학별),교수,재직,한국고대사,"사회경제사, 고문자학(고문서, 금석문, 목간) 등",서울대학교,박사,,"Yoon, Seon Tae"
10049438,ok,이영란,여,1968,조선대학교(연계),부교수,재직,중국근대사,중국근대사,이화여자대학교,박사,李暎蘭,LEEYOUNGRAN
10049446,ok,김찬기,남,1965,한경국립대학교(연계),기술원,재직,현대소설(국문학),문학이론 및 창작,고려대학교,박사,金瓚起,Kim Chan Ki
10049456,ok,신형욱,남,1959,한국외국어대학교,교수,퇴직,독일어교육,교재연구,Westfaelische Wilhelms - Univ. Munster,박사,辛鎣旭,Hyung-uk Shin
10049459,ok,정호훈,남,*****,서울대학교(연계),*****,*****,조선후기사,조선시대 사상사,연세대학교,박사,*****,*****
10049465,ok,전봉관,남,1971,한국과학기술원(연계),교수,재직,기타국문학,근현대문화론,서울대학교,박사,,Bong Gwan Jun
10049469,ok,이승남,남,1959,동국대학교,조교수,퇴직,고전시가,가사문학 향가문학,동국대학교,박사,李丞南,Lee seung nam
10049484,ok,박명진,남,1959,중앙대학교(연계),,재직,현대희곡(국문학),한국현대희곡,중앙대학교,박사,朴明鎭,Park Myeong Jin
10049519,ok,오미영,여,1965,숭실대학교(연계),교수,재직,일본어사,일본어음운및한문훈독,北海道大學,박사,吳美寧,Mi young Oh
10049521,ok,서신혜,여,1974,한양대학교(연계),부교수,재직,국문학,"고전소설, 산문",한양대학교,박사,徐信惠,"Seo, Shinhye"
10049524,ok,이영근,남,1959,서울과학기술대학교,강사,재직,언어교육,읽기이해,University of Hawaii at Manoa,박사,,Young-Geun Lee
10049543,ok,강인철,남,1961,한신대학교,교수,퇴직,종교사회학,종교사회학,서울대학교,박사,姜 仁 哲,"Kang, In Cheol"
10049551,ok,권보드래,여,1969,고려대학교(연계),교수,재직,현대소설(국문학),문화연구,서울대학교,박사,權보드래,"Kwon, Boduerae"
10049562,ok,고현철,남,1961,부산대학교,교수,퇴직,현대시(국문학),"현대시론, 문학비평, 영화비평",부산대학교,박사,高顯哲,Ko Hyun Chul
10049580,private,,,,,,,,,,,,
10049592,ok,심두보,남,1966,성신여자대학교(연계),교수,재직,방송·영상,International communication and Cultural Studies,University of Wisconsin - Madison,박사,沈斗輔,Shim Doobo
10049597,ok,정우봉,남,1961,고려대학교(연계),명예교수,재직,한문산문,조선후기 한문학,고려대학교,박사,鄭雨峰,Woobong Chung
10049634,ok,나찬연,남,1961,경성대학교,교수,재직,국어교육,"국어문법교육, 한국어교육론",부산대학교,박사,羅燦淵,Na Chan-Yeon
10049653,ok,권성우,남,1963,숙명여자대학교,교수,재직,문학비평(국문학),한국현대문학,서울대학교,박사,權晟右,Kwon Seongwoo
10049660,ok,박수밀,남,1968,한양대학교 동아시아문화연구소,연구교수,재직,한문학,한문산문,한양대학교,박사,朴壽密,park su mil
10049678,ok,최항섭,남,1971,국민대학교(연계),교수,재직,사회과학,"문화사회학, 정보사회학, 미래연구, 미디어연구",Paris Descartes University,박사,,"Choi, Hang Sub"
10049682,ok,양순임,여,1965,부산대학교 한국민족문화연구소,연구원,재직,음운론(국어학),"국어 음운론, 음성학, 국어 음운교육, 한국어 발음교육,",부산대학교,박사,梁恂任,Yang Sunim
10049689,ok,김경용,남,1962,한국교원대학교(연계),교수,재직,교육사학,조선교육사,연세대학교,박사,金敬容,Kim Gyung-yong
10049695,ok,이용준,남,1963,대진대학교(연계),교수,재직,신문방송학일반,"출판잡지, 저널리즘, 디지털 미디어",중앙대학교,박사,李 鎔 準,Lee Yong-jun
10049724,ok,채영희,여,1960,국립부경대학교,교수,퇴직,국어학,국어담화의미연구,부산대학교,박사,,
10049725,ok,김진량,남,1966,,,미취업,현대소설(국문학),"디지털 서사, 근대 산문",한양대학교,박사,,Jin Ryang Kim
10049730,private,,,,,,,,,,,,
10049744,ok,양영희,여,1966,전남대학교(연계),교수,재직,국어교육,중세국어 문법론,전남대학교,박사,梁永嬉,Yang Young Hee
10049753,ok,김진영,남,1964,충남대학교(연계),교수,재직,고전산문,고전소설,충남대학교,박사,金鎭榮,Kim Jin Young
10049762,ok,오충연,남,1968,숭실대학교(연계),교수,재직,통사론(국어학),"격, 상",숭실대학교,박사,吳充淵,Choong Yeun Oh
10049774,ok,권혁준,남,*****,공주교육대학교,*****,*****,아동문학,현대문학,한국교원대학교,박사,*****,*****
10049799,ok,유현주,여,1963,협성대학교,교수,,소설(독일문학),독일현대문학/여성문학,서강대학교,박사,兪賢株,Hyeon-Ju Yoo
10049812,ok,김혜정,여,*****,경인교육대학교(연계),*****,*****,한국음악이론/분석,민속음악론,한국학중앙연구원,박사,*****,*****
10049831,ok,이상혁,남,1967,한성대학교(연계),교수,재직,국어학사,근대국어학사,고려대학교,박사,李商赫,Lee Sang Hyeok
10049832,ok,김상태,남,1937,이화여자대학교,교수,퇴직,현대소설(국문학),"비교문학, 문체론",서울대학교,박사,金相泰,Sang Tae Kim
10049835,ok,김성일,남,1964,청주대학교(연계),교수,재직,러시아문학,20세기 러시아 문학,Saint Petersburg State University,박사,,kimsungil
10049838,ok,최영호,남,1958,동아대학교,부교수,퇴직,고려시대사,한국고중세불교사,영남대학교,박사,崔永好,CHOY YOUNGHO
10049844,ok,오강원,남,1967,한국학중앙연구원(연계),교수,재직,한국선사고고학,청동기~철기시대 고고학,한국학중앙연구원,박사,吳江原,Oh kangwon
10049853,ok,이승희,여,1967,성균관대학교,초빙교수,재직,연극사,한국근현대연극사,성균관대학교,박사,李承姬,"LEE, SEUNG-HEE"
10049856,ok,김도남,남,1966,서울교육대학교(연계),교수,재직,교과교육학,국어교육학,한국교원대학교,박사,金道南,Kim Donam
10049859,ok,이경화,여,1971,국가유산청,전문위원,재직,미술사,불교미술사,전남대학교,박사,李慶禾,KyungHwa Lee
10049869,ok,정정순,여,1973,영남대학교(연계),교수,재직,국어교육학,"국어교육(문학교육, 시교육)",서울대학교,박사,鄭貞順,Jung Jung-Soon
10049871,ok,이우철,남,1966,경북대학교(연계),교수,재직,통사론(중국어학),중국어통사론,北京師範大學,박사,李宇哲,"LEE,WOO-CHEOL"
10049872,ok,박수홍,남,1962,부산대학교(연계),교수,재직,교육공학,"교수체제공학, 교육공학",Indiana University at Bloomington,박사,朴修弘,"Park, Su-Hong"
10049885,ok,백순철,남,1968,대구대학교(연계),교수,재직,고전시가,가사,고려대학교,박사,白淳哲,"PAIK, SUN-CHUL"
10049904,ok,김종군,남,1968,건국대학교,교수,재직,고전산문,고전소설,건국대학교,박사,金鍾涒,Jongkun Kim
10049912,ok,임용기,남,1947,연세대학교,교수,퇴직,음운론(국어학),국어 음운론,연세대학교,박사,,Yong Ki LIM
10049917,private,,,,,,,,,,,,
10049920,ok,이신성,남,1946,부산교육대학교,교수,퇴직,고전산문,국어교육,동아대학교,박사,李愼成,LEE SHIN SEONG
10049929,ok,성치경,여,*****,동서대학교,*****,*****,기타인지과학,인지시학,부산대학교,박사,*****,*****
10049930,ok,이영호,남,1967,성균관대학교(연계),교수,재직,한국경학,한문학(한국경학),성균관대학교,박사,李？昊,"LEE, YOUNGHO"
10049942,ok,이근영,남,1956,대진대학교(연계),교수,,음운론(국어학),국어음운론,건국대학교,박사,李根永,Lee Geun-young
10049959,ok,정희모,남,1960,연세대학교(연계),교수,재직,국어교육,"대학 글쓰기, 현대소설",연세대학교,박사,,Hee Mo Chong
10049960,ok,김혈조,남,1954,영남대학교,교수,퇴직,한문산문,,성균관대학교,박사,金血祚,"Kim, Hyul Jo"
10049963,ok,문흥술,남,1961,서울여자대학교(연계),교수,재직,현대소설(국문학),현대소설 연구 및 창작,서울대학교,박사,文興述,Moon Heung Sul
10049972,ok,함현찬,남,1963,성균관대학교,초빙교수,재직,유교철학,중국성리학전공,성균관대학교,박사,咸賢贊,Ham Hyun-Chan
10049999,private,,,,,,,,,,,,
10050006,ok,김명준,남,1969,한림대학교(연계),교수,재직,고전시가,"고려속요, 악장, 가사",고려대학교,박사,金明俊,KIM MYUNG JOON
10050018,ok,정치영,남,1965,한국학중앙연구원(연계),교수,재직,인문지리학,역사지리,고려대학교,박사,丁致榮,JUNG CHI YOUNG
10050033,ok,전철웅,남,1952,충북대학교,교수,퇴직,음운론(국어학),"음운론, 방언학",서울시립대학교,박사,全哲雄,"Jeon, Cheol-woong"
10050040,ok,김수정,여,1968,獨協大學,교수,재직,국어교육,한국어교육,서울대학교,박사,金秀晶,Soojung Kim
10050051,ok,곽재용,남,*****,진주교육대학교,*****,*****,국어학,"국어 의미론, 어휘론",경남대학교,박사,*****,*****
10050062,ok,박현숙,여,1965,숙명여자대학교,강사,재직,고전비평,고전문학,숙명여자대학교,박사,朴賢淑,park hyun-sook
10050075,ok,정후수,남,1952,한성대학교,교수,재직,한문학,한문학,동국대학교,박사,鄭後洙,"Jung, Hoo-Soo"
10050110,ok,문현아,여,1969,서울대학교,책임연구원,재직,기타사회과학,"가족, 여성, 건강, 젠더, 질적 방법론",한국학중앙연구원,박사,文賢雅,Moon Hyuna
10050120,ok,김용희,여,1964,평택대학교,교수,재직,현대시(국문학),현대시,이화여자대학교,박사,金容嬉,Kim Yong Hee
10050124,ok,김헌선,남,*****,경기대학교(연계),*****,*****,구비문학,"신화, 민요, 무가",경기대학교,박사,*****,*****
10050128,ok,김재춘,남,1963,영남대학교(연계),교수,재직,교육과정,"교육과정, 교육정책, 교육개혁","Univ. of California, Los Angeles",박사,金載春,"Gim, Chaechun"
10050145,ok,고명철,남,1970,광운대학교(연계),교수,재직,문학비평(국문학),현대문학비평사,성균관대학교,박사,高明徹,Ko Myeong Chel
10050211,ok,이규민,남,1966,연세대학교(연계),교수,재직,교육평가,"교육측정, 통계, 평가",The University of Iowa,박사,,GUEMIN LEE
10050212,ok,이은주,여,*****,청주교육대학교(연계),*****,*****,특수교육,교사교육,University of Illinois at Urbana - Champaign,박사,*****,
10050224,ok,임유종,남,1965,한양대학교,책임연구원,재직,통사론(언어학),문법론,한양대학교,박사,任庾鐘,Yoojong Im
10050228,ok,허윤회,남,1966,성균관대학교,강사,재직,현대시(국문학),현대시,성균관대학교,박사,許允會,Yuhn-Hoi Heo
10050247,ok,김무봉,남,1955,동국대학교,교수,재직,국어사,국어사,동국대학교,박사,,"Kim, Mu Bong"
10050261,private,,,,,,,,,,,,
10050265,ok,고정희,여,1971,서울대학교(연계),교수,재직,국어교육학,고전문학교육,서울대학교,박사,高貞姬,KO Jeong Hee
10050300,ok,전광진,남,1955,성균관대학교(연계),교수,재직,고문자학(중국어학),"문자학, 음운론, 한자학",國立臺灣大學,박사,全廣鎭,"JEON, KWANGJIN"
10050365,ok,이호승,남,1967,충북대학교(연계),교수,재직,통사론(국어학),현대국어 문법론,서울대학교,박사,李 鎬 丞,"Lee, Ho-seung"
10050379,ok,이재복,남,1967,한양대학교(연계),교수,재직,문학비평(국문학),현대비평,한양대학교,박사,李在福,Lee Jae-bok
10050410,ok,김태경,여,*****,한양대학교(연계),*****,*****,음운론(국어학),국어음운론,한양대학교,박사,*****,*****
10050416,ok,김신정,여,*****,한국방송통신대학교(대학별),*****,*****,현대시(국문학),"현대시비평, 현대시사",연세대학교,박사,*****,*****
10050474,ok,김영옥,여,*****,연세대학교,*****,*****,여성학이론,"여성문화이론, 문화비평",Rheinisch - Westfaelische Technische Hochschule Aachen (RWTH Aachen),박사,*****,*****
10050476,ok,이호권,남,1961,한국방송통신대학교(대학별),교수,재직,국어학,"국어사(중세국어, 문헌학)",서울대학교,박사,李浩權,leehokwon
10050478,ok,이성영,남,*****,춘천교육대학교(연계),*****,*****,국어교육학,읽기교육,서울대학교,박사,*****,*****
10050484,ok,이현출,남,1964,건국대학교,부교수,재직,의회/정당/선거,한국/일본정치,건국대학교,박사,李鉉出,HyunChool Lee
10050501,ok,이용훈,남,1971,충남대학교,연구교수,재직,전산언어학,"전산언어학, 코퍼스언어학, 통사론",University of Illinois at Urbana - Champaign,박사,李鎔勳,"Lee,Yong-hun"
10050518,ok,김철,남,1951,연세대학교(연계),명예교수,재직,현대소설(국문학),,연세대학교,박사,,KIMCHUL
10050538,ok,장두식,남,1962,단국대학교,조교수,퇴직,현대소설(국문학),한국현대소설,단국대학교,박사,,Dusik Chang
10050552,ok,남기택,남,1970,강원대학교(연계),교수,재직,현대시(국문학),현대시,충남대학교,박사,南基澤,Nam Gi Taek
10050555,ok,황병순,남,1954,경상국립대학교,교수,퇴직,통사론(언어학),국어 통사론,영남대학교,박사,黃炳淳,Byeong-Soon Hwang
10050561,ok,신동원,남,1960,전북대학교,교수,퇴직,과학기술사,한국과학사,서울대학교,석사,申東源,Shin Dong Won
10050582,ok,김태준,남,1939,동국대학교,명예교수,퇴직,고전산문,"비교문학, 고전산문",東京大學,박사,金泰俊,TaeJoon Kim
10050591,ok,이성은,여,1950,이화여자대학교,교수,퇴직,초등교육,"학교행정, 초등국어교육",Univ. of La Verne,박사,李成恩,"LEE, SUNG EUN"
10050600,ok,박철우,남,1965,안양대학교(연계),교수,재직,의미론(국어학),정보구조,서울대학교,박사,朴哲佑,"Park, Chulwoo"
10050606,ok,김경희,여,1967,한국교육과정평가원,책임연구원,재직,교육평가,측정및 평가,이화여자대학교,박사,,Kyunghee Kim
10050610,ok,최주한,여,1971,서강대학교,연구원,재직,현대소설(국문학),작가론,서강대학교,박사,,Choi.J.H.
10050622,ok,정수진,여,*****,사단법인 한국인문사회총연합회,*****,*****,민속학(인류학),"문화 사회학, 민속학, 한국문화정책, 전통문화 연구",서강대학교,박사,*****,*****
10050640,ok,오용원,남,1965,(재) 한국국학진흥원,연구위원,재직,한문학,"사상사, 한국문화",동국대학교,박사,吳龍源,
10050641,ok,정경운,여,*****,전남대학교(연계),*****,*****,현대소설(국문학),현대소설,전남대학교,학사,*****,*****
10050644,ok,김동식,남,1967,인하대학교(연계),교수,재직,문학비평(국문학),개화기문학 및 비평사,서울대학교,박사,金東植,KIM DONG SHIK
10050645,ok,오창명,남,1963,제주국제대학교(대학별),조교수,재직,국어사,"국어사,문법사,표기사,제주방언",단국대학교,박사,,Changmyeong Oh
10050652,private,,,,,,,,,,,,
10050663,ok,임영봉,남,1964,선문대학교 문학이후 연구소,전임연구원,재직,문학비평(국문학),비평사,중앙대학교,박사,林 永 鳳,Lim Young Bong
10050673,ok,강병창,남,1961,한국외국어대학교,교수,재직,화용론(독일어학),매체언어학,한국외국어대학교,박사,姜炳昌,"Kang, Byongchang"
10050685,private,,,,,,,,,,,,
10050686,ok,양영균,남,1962,한국학중앙연구원(연계),교수,재직,인류학,"정치인류학, 중국문화, 음식, 재외동포,  한류",University of Pittsburgh,박사,梁永均,Young-Kyun Yang
10050688,ok,공임순,여,1969,민족문학사연구소,연구원,재직,현대소설(국문학),현대소설,서강대학교,박사,孔任順,Kong Im Soon
10050697,ok,김은정,여,1966,경남대학교,부교수,재직,국문학,현대소설,서강대학교,박사,金銀晶,Eunjung Kim
10050702,ok,홍성식,남,1968,재능대학교,교수,재직,문학비평(국문학),현대문학비평,명지대학교(서울캠퍼스),박사,洪晟植,Sungsik Hong
10050710,ok,이정재,남,1958,경희대학교,교수,퇴직,구비문학(국문학),"구비문학, 민속학, 고전문학",University of Munchen,박사,李丁宰,Lee Joung Jae
10050712,ok,김경록,남,1968,국방부군사편찬연구소,선임연구원,재직,조선전기사,조선시대 정치외교사,서울대학교,박사수료,金暻綠,KyeoungLok Kim
10050724,ok,오미라,여,*****,전남대학교,*****,*****,음성/음운론(영어학),영어음운론,이화여자대학교,박사,*****,*****
10050745,ok,문명신,여,*****,부산외국어대학교,*****,*****,기타인문학,외국어로서의 한국어교육,부산외국어대학교,박사,,*****
10050788,ok,이영미,여,1965,소속없음,기타,미취업,현대소설(국문학),현대소설,한양대학교,박사,李英美,Lee Young Mi
10050794,ok,나인호,남,1960,대구대학교,교수,퇴직,서양현대사,"19/20세기 독일사, 사학사 및 역사이론",Ruhr University - Bochum,박사,羅仁昊,Na In Ho
10050805,ok,이장희,남,1963,경북대학교,연구교수,재직,국어사,국어사/한자음/음운론,경북대학교,박사,李長熙,"Lee, Jang-hee"
10050809,ok,홍순석,남,1955,강남대학교,교수,퇴직,한문학,한국한시,성균관대학교,박사,洪順錫,"hong, soon seuk"
10050823,ok,신철하,남,1959,강원대학교,교수,퇴직,문학이론,A1210,한양대학교,박사,辛哲夏,Shin Chul Ha
10050830,ok,유승섭,남,1964,원광대학교,강사,미취업,국어학,국어통사`의미론,원광대학교,박사,柳昇燮,yu seungsub
10050835,ok,임진영,여,1963,성공회대학교,연구교수,재직,현대소설(국문학),한국현대소설과 비평,연세대학교,박사,林珍榮,"Lim,Jin-Young"
10050838,ok,곽승미,여,1969,이화여자대학교,강사,재직,현대소설(국문학),현대소설,이화여자대학교,박사,郭承美,Seungmi Kwag
10050842,ok,김형문,남,1968,건국대학교,교수,재직,다변량통계,분포론,Texas A&M University,박사,,Hyoung-Moon Kim
10050849,ok,박배근,남,1961,부산대학교(연계),교수,재직,국제해양법학,기본이론,부산대학교,박사,朴培根,"Park, Pae Keun"
10050851,ok,이지영,여,1972,서강대학교(연계),교수,재직,국어사,문법사,서울대학교,박사,李知英,Jiyoung Lee
10050877,ok,박재국,남,1959,부산대학교,교수,퇴직,특수교육,"특수체육학, 교육학",筑波大學,박사,朴在國,Park Jae Kook
10050878,ok,송승섭,남,1958,명지대학교,부교수,퇴직,도서관/정보센터경영,"도서관경영, 북한도서관, 병영도서관, 독서교육, 도서관사",성균관대학교,석사,송승섭,SONG SUNG SUP
10050880,ok,박춘우,남,1966,대구대학교,강사,재직,고전시가,고전시가,대구대학교(제2캠퍼스),박사,朴春雨,ChunWoo Park
10050926,ok,김명순,남,*****,대구한의대학교,*****,*****,교육상담,상담심리,경북대학교,박사,*****,*****
10050952,ok,박형지,여,1968,연세대학교(연계),교수,재직,18/19C영미소설,19세기 영소설,Princeton Univ.,박사,,Hyungji Park
10050988,ok,이익성,남,1962,충북대학교(연계),교수,재직,현대소설(국문학),서정소설,서울대학교,박사,李益誠,"Lee, Iek-seong"
10051019,ok,김재웅,남,1969,경북대학교 영남문화연구원,연구원,재직,고전산문,고전소설,계명대학교,박사,金在雄,JaeWoong Kim
10051060,ok,유필재,남,1969,울산대학교(연계),교수,재직,음운론(국어학),한국어음운론,서울대학교,박사,兪弼在,"Yoo, Pil-Jae"
10051062,ok,이기성,여,1966,민족문학사학회,강사,재직,현대시(국문학),,이화여자대학교,박사,李起聖,"Lee, Ki-Sung"
10051078,ok,이현숙,여,1959,연세대학교,연구교수,재직,기타역사학,"한국고대사, 고려시대, 한국의학사, 전근대동아시아의학사, 생태환경사",이화여자대학교,박사,李賢淑,Hyun Sook Lee
10051085,ok,윤대석,남,1970,서울대학교(연계),교수,재직,국어교육학,한국현대소설,서울대학교,박사,尹大石,"Yun, Daeseok"
10051088,ok,이경수,여,1968,중앙대학교(연계),교수,재직,국문학,현대시,고려대학교,박사,李京洙,Lee Kyung Soo
10051099,ok,김성진,남,1957,부산대학교,교수,퇴직,한문산문,한문산문,부산대학교,박사,金聲振,Kim Sung Jin
10051259,ok,류근식,남,1952,한남대학교,교수,재직,함수해석/작용소론,,연세대학교,박사,柳根植,RYU KUN SIK
10052058,ok,권성호,여,*****,한양대학교(연계),*****,*****,교육공학,교육공학,University of Washington,박사,*****,*****
10052168,ok,임해창,남,*****,고려대학교(연계),*****,*****,정보검색,정보검색,University of Texas at Austin,박사,*****,*****
10052239,ok,권화숙,여,1967,세명대학교(대학별),부교수,재직,역사/비교언어학,"국어문법, 국어의미론, 한국어교육",한국외국어대학교,박사,權和淑,kwon hwa suk
10052254,ok,조병희,남,*****,서울대학교,*****,*****,의료/복지/사회정책,,University of Wisconsin - Madison,박사,*****,*****
10052687,ok,문영현,남,1952,연세대학교(연계),명예교수,재직,전력계통,,Oregon State Univ.,박사,,Moon Young-Hyun
10053074,ok,이덕환,남,1954,서강대학교,교수,퇴직,양자화학,비선형분광학,Cornell Univ.,박사,李悳煥,Duckhwan Lee
10053645,ok,한영균,남,1956,연세대학교(연계),명예교수,재직,국어사,"국어사, 어휘론, 국어정보학, 사전학",서울대학교,박사,,Young Gyun Han
10053727,ok,안동언,남,1958,전북대학교(연계),교수,재직,한국어정보처리,"정보검색, 자연어처리, 기계번역",한국과학기술원,박사,安東彦,DONG UN AN
10053836,ok,안건상,남,1959,조선대학교,교수,퇴직,암석학,변성암석학,,박사,安建尙,"Ahn, Kun Sang"
10054747,private,,,,,,,,,,,,
10055002,ok,신효필,남,1965,서울대학교(연계),교수,재직,전산언어학,컴퓨터언어학,서울대학교,박사,申孝弼,"Shin, Hyopil"
10055626,ok,이우균,남,1961,고려대학교(연계),교수,재직,산림측정/평가,산림계획,Georg-August Univ. Goettingen,박사,李祐均,"LEE, Woo-Kyun"
10056063,private,,,,,,,,,,,,
10056412,ok,강승식,남,1964,국민대학교(연계),교수,재직,자연언어,정보검색 빅데이터 머신러닝,서울대학교,박사,姜承植,"KANG,SEUNG-SHIK"
10056524,ok,김정선,남,*****,한양대학교(연계),*****,*****,미들웨어,,Iowa State Univ.,박사,*****,*****
10056986,ok,황치옥,남,1966,광주과학기술원(연계),교수,재직,전산수학,Scientific Computing (과학계산),Univ. of Southern Mississippi,박사,,Chi-Ok Hwang
10057273,ok,최훈,남,*****,강원대학교(연계),*****,*****,응용윤리학,논리학/인지과학,서울대학교,박사,*****,*****
10057707,ok,신지영,여,1967,고려대학교(연계),교수,재직,음성학(국어학),음성학,School of Oriental and African Studies,박사,辛志英,"Shin, Jiyoung"
10059260,ok,김정희,여,1984,상지대학교,기타,재직,영양생화학/영양생리,,,,金正姬,kimjunghee
10063511,ok,최승언,남,1954,사단법인 동서지행포럼,책임연구원,재직,고천문학,천문역법/천문기기,"University of Minnesota, Twin Cities",박사,崔勝彦,"Choe,   Seung-Urn"
10067878,ok,윤효진,남,1960,경기대학교,교수,퇴직,,"도시계획, 도시설계, 단지계획",京都大學,박사,尹孝鎭,"Yoon, Hyo-Jin"
10072322,ok,박찬승,남,*****,한양대학교,*****,*****,한국근대사,"한국근대사상사, 민족운동사, 사회경제사",서울대학교,박사,*****,*****
10074268,ok,도은희,여,*****,경희대학교 K-컬처·스토리콘텐츠연구소,,*****,통사론(국어학),국어학,단국대학교,학사,*****,*****
10074687,ok,박성우,남,1962,한남대학교,조교수,재직,전자/정보통신공학,,Univ. of California at Irvine,박사,,PARK SUNG WOO
10075493,ok,이춘실,여,1955,숙명여자대학교,교수,재직,계량정보학,계량정보학,Univ. of Chicago,박사,李春實,Lee Choon-Shil
10076772,ok,강동진,남,1964,경성대학교,교수,재직,단지 및 도시설계,도시설계/역사환경보전/도시재생,서울대학교,박사,,DongJin Kang
10077324,ok,이진,남,1955,국립목포대학교(연계),교수,퇴직,방전/고전압,고전압절연재료,전남대학교,박사,李  進,Jin Lee
10077544,ok,차수정,여,*****,국립목포대학교(연계),*****,*****,의복구성,의복구성,숙명여자대학교,박사,*****,*****
10078320,ok,김영덕,남,1959,세종대학교,교수,재직,입자물리실험,핵입자천체물리학,Michigan State Univ.,박사,金永德,Yeongduk Kim
10078461,ok,장수현,남,1957,광운대학교(연계),교수,재직,문화인류학,"정치인류학, 경제인류학, 중국학",University of Illinois at Urbana - Champaign,박사,張秀賢,Soo Hyun Jang
10078491,ok,남기춘,남,1962,고려대학교(연계),교수,재직,인지/언어심리,언어심리학/인지신경과학,University of Texas at Austin,박사,南基春,"Nam, Kichun"
10078707,ok,김은정,여,*****,전남대학교,*****,*****,복식사,"한국복식사(한복, 무복)",전남대학교,박사,*****,*****
10078709,ok,안희돈,남,1960,건국대학교,교수,재직,통사론(언어학),생성문법,University of Wisconsin - Madison,박사,安熙燉,Hee-Don Ahn
10079265,ok,이민주,여,1962,한국학중앙연구원 전통한국연구소,연구원,재직,복식사,한국복식사,성균관대학교,박사,李民周,Minjoo Lee
10079488,ok,시정곤,남,*****,한국과학기술원(연계),*****,*****,형태론(국어학),"형태론, 어휘론, 국어정보학",고려대학교,박사,,*****
10079873,ok,김민규,남,*****,강원대학교(연계),*****,*****,건축계획 및 설계,"거주후평가 및 병원,요양시설 및 공동주택 설계",연세대학교,박사,*****,
10080013,private,,,,,,,,,,,,
10080741,ok,이종희,여,1957,이화여자대학교,교수,퇴직,수학교육학,"수학교육, 기하학",서울대학교,박사,李鍾希,Chonghee Lee
10081652,ok,윤평현,남,*****,전남대학교,*****,*****,의미론(국어학),국어의미론/국어통사론/국어화용론,전남대학교,박사,*****,*****
10081805,ok,김태화,남,1955,국립부경대학교,교수,퇴직,함수해석/작용소론,"부동점 이론, 변분부등식",경북대학교,박사,金泰和,TAE HWA KIM
10081835,private,,,,,,,,,,,,
10082699,ok,김영희,여,1957,동국대학교(대학별),교수,재직,간호학,여성건강간호,이화여자대학교,박사,,"Kim, Young Hee"
10083230,ok,최용석,남,1969,한양대학교(연계),교수,재직,인공지능시스템및응용,"인공지능, 딥러닝모델, 멀티모달AI",서울대학교,박사,崔龍錫,Yong Suk Choi
10083547,ok,손정호,남,1962,가야대학교(연계),부교수,재직,전자세라믹스,강유전재료 및 응용 (전자부품),東京工科大學,박사,孫正鎬,Sohn JeongHo
10083648,ok,석소현,여,1969,경희대학교(연계),교수,재직,노인간호,"노인간호학, 성인간호학, 한방간호학",경희대학교,박사,石昭鉉,Sok Sohyune
10084432,ok,이성만,남,1957,배재대학교,교수,퇴직,독일어학,"텍스트언어학, 화용론",Univ. Trier,박사,李成萬,SEONGMAN LEE
10084433,ok,성철재,남,1965,충남대학교(연계),교수,재직,음성학(언어학),"실험음성학, 언어병리학",서울대학교,박사,成喆宰,"Seong,Cheol-Jae"
10084499,ok,홍종선,남,1951,고려대학교,교수,재직,형태론(국어학),문법사,고려대학교,박사,洪宗善,"Hong, Jongseon"
10084554,ok,임종태,남,1966,서울대학교(연계),교수,재직,기타자연과학,한국과학사,서울대학교,박사,林宗台,"Lim,  Jongtae"
10085062,ok,박창호,남,1953,경희대학교,교수,퇴직,생물화학공학,,Purdue Univ.,박사,朴昌浩,"Park, Chang Ho"
10085070,ok,박주영,여,1965,충남대학교(연계),교수,재직,소비자교육/정보,소비자재무관리,서울대학교,박사,朴주英,Joo- Yung Park
10085550,ok,윤애선,여,1960,부산대학교,교수,퇴직,언어학,전산언어학,Univ. de Paris IV (Paris - Sorbonne),박사,尹愛善,"YOON,AE-SUN"
10086227,ok,박상업,남,1959,전주대학교,교수,퇴직,입자물리이론,,한국과학기술원,박사,朴商業,Park Sang-up
10088690,ok,차경희,여,1967,전주대학교(연계),교수,재직,식품조리과학,조리과학,서울여자대학교,박사,車京姬,Cha Gyung Hee
10089686,ok,성윤숙,여,1960,위덕대학교(연계),교수,재직,중국고전문학,중국소설,私立中國文化大學,박사,成潤淑,Yoon-Suk Seong
10090110,ok,최성호,남,1972,경희대학교(연계),교수,재직,언어분석철학,과학적 형이상학(인과와 성향적 속성),서울대학교,박사,崔星豪,CHOI SUNGHO
10090352,ok,김남호,남,1963,한국기술교육대학교,교수,재직,시공재료,"콘크리트, 아스팔트",Pennsylvania State Univ.,박사,-,Namho Kim
10090765,ok,정화영,남,1968,경희대학교(연계),교수,재직,소프트웨어개발방법론,이러닝을 위한 컴포넌트 기반 소프트웨어 개발 방법론,경희대학교,박사,鄭華泳,Jeong Hwa Young
10093309,ok,박성빈,남,1966,고려대학교(연계),교수,재직,기타컴퓨터학,"하이퍼텍스트, 시맨틱웹, 컴퓨터교육",University of Southern California,박사,朴成斌,"Park, Seongbin"
10100818,ok,김종훈,남,1970,서경대학교(연계),부교수,재직,생물화학공학,바이오마이크로시스템공학,고려대학교,박사,,Kim Jong hoon
10102566,ok,전미경,여,1968,동국대학교(대학별),교수,재직,가족/성(gender)의사회학,근현대가족,동국대학교,박사,,"Jun, Mi Kyung"
10102671,ok,전남일,여,1962,가톨릭대학교(연계),교수,재직,건축계획 및 설계,"주거건축 및 이론, 역사",Rheinisch - Westfaelische Technische Hochschule Aachen (RWTH Aachen),박사,田南一,"Jun, Nam-Il"
10102907,ok,조증열,여,1958,경남대학교,교수,재직,인지/언어심리,읽기 발달,Louisiana State Univ. in Shrerport,박사,曺曾烈,Jeung-Ryeul Cho
10103391,ok,조미숙,여,1960,이화여자대학교,교수,재직,식문화,"식품과 문화, 단체급식, 메뉴개발",이화여자대학교,박사,趙美淑,Mi Sook Cho
10103557,ok,정호진,남,1960,계명대학교,교수,퇴직,환경공학,수처리공학,University College London,박사,丁昊鎭,Chung Ho-Jin
10103898,private,,,,,,,,,,,,
10104186,ok,박순철,남,1954,전북대학교,교수,재직,정보검색,정보검색,Louisiana State Univ. Agricultural and Mechanical College,박사,朴淳哲,"Park, Soon Cheol"
10104281,ok,김근배,남,1960,전북대학교,교수,퇴직,과학기술사,한국 근현대 과학기술사,서울대학교,박사,金根培,Kim Geun Bae
10104292,ok,장문수,남,1967,서경대학교(연계),부교수,재직,기계학습및지식처리,자연어처리,東京工業大學,박사,,Chang Moon Soo
10104339,ok,김향은,여,1966,고신대학교(연계),교수,재직,가족복지,아동가족,고려대학교,박사,金香恩,"Kim, Hyang Eun"
10105607,ok,진병호,여,*****,North Carolina State University,*****,*****,복식행동분석,국제의류마케팅,연세대학교,박사,,*****
10105882,ok,조동성,남,1949,서울대학교,교수,퇴직,국제경영,"국제전략, 경영전략, 국제경영",Harvard University,박사,趙東成,"Cho, DongSung"
10106295,ok,차웅석,남,1970,경희대학교(연계),교수,재직,의사학,중국의학사 한국의학사,경희대학교,박사,車雄碩,Cha Wung-Seok
10106760,ok,이상욱,남,*****,한양대학교(연계),*****,*****,과학/자연철학,과학철학(물리철학/생물철학/경제철학),"The London School of Economics and Political Science, University of London",박사,*****,*****
10107633,ok,이종상,남,1958,국립공주대학교,교수,퇴직,농업생산/경영,"경제분석, 지역분석",九州大學,박사,李鍾相,Lee JongSang
10108524,ok,김용권,남,*****,부산교육대학교,*****,*****,표면화학,물리화학,경희대학교,박사,*****,*****
10113383,ok,조윤선,여,1963,전주대학교 한국고전학연구소,연구교수,재직,조선후기사,조선시대 법제도사,고려대학교,박사,趙允旋,Cho yunseon
10113404,ok,남가영,여,1976,서울대학교(연계),부교수,재직,국어교육학,문법교육,서울대학교,박사,南嘉瑛,"Nam, Gayeong"
10113417,ok,이은령,여,1968,부산대학교(연계),교수,재직,언어학,어휘의미론,Ecole des Hautes Etudes en Sciences Sociales,박사,李恩?,Eunryoung Lee
10113419,ok,김정남,남,1970,가톨릭관동대학교(연계),조교수,재직,현대소설(국문학),현대소설(국문학),한양대학교,박사,金正男,Kim Jeong-Nam
10113420,ok,박선우,남,1973,계명대학교(연계),부교수,재직,음운론(국어학),국어음운론,고려대학교,박사,朴善佑,Sunwoo Park
10113482,ok,허은,남,1966,고려대학교(연계),교수,재직,한국현대사,"한국 현대  사회문화사, 한미관계사",고려대학교,박사,許殷,"Heo, Eun"
10113530,ok,배은한,남,1967,단국대학교(연계),교수,재직,성운학(중국어학),중국어학,北京大學,박사,裵銀漢,Bae Eunhan
10113539,ok,박호관,남,1966,대구대학교(연계),부교수,재직,통사론(국어학),문장구성론,대구대학교,박사,朴浩寬,
10113562,ok,정경은,여,1967,장로회신학대학교(대학별),부교수,재직,비교문학,비교문학 현대시 기독교 문학 시조문학,고려대학교,박사,程景恩,KyeongEun Chung
10113622,ok,서민정,여,1971,부산대학교(연계),부교수,재직,한국어와문학,한국어학,부산대학교,박사,徐旼廷,"Seo, Min-jeong"
10113663,ok,이상희,여,*****,충북대학교,*****,*****,구비문학(국문학),구비설화,충북대학교,박사,*****,*****
10113739,ok,이황직,남,1969,숙명여자대학교,부교수,재직,문화/종교사회학,"문화(종교)사회학 이론, 한국근현대종교사상",연세대학교,박사,李滉稙,Hwang-Jik Yi
10113821,ok,한명환,남,1958,,기타,미취업,현대소설(국문학),한국 현대소설,홍익대학교,박사,韓明煥,MyeongWhan Han
10113828,ok,이종숙,여,1960,한국예술종합학교(서초) 세계민족무용연구소,위촉연구원,재직,무용사,한국무용사,용인대학교,박사,李鍾淑,Jong-Sook Lee
10113940,ok,이선경,여,*****,청주교육대학교(연계),*****,*****,과학교육학,"생물교육, 환경교육",서울대학교,박사,*****,*****
10114011,ok,임은희,여,*****,한양대학교(연계),*****,*****,현대소설(국문학),현대소설,한양대학교,박사,,*****
10114157,private,,,,,,,,,,,,
10114160,ok,송주현,여,1977,한신대학교(연계),부교수,재직,현대소설(국문학),현대소설,이화여자대학교,박사,宋 周 賢,"Song, Ju hyun"
10114244,private,,,,,,,,,,,,
10114247,ok,홍성구,남,1969,경북대학교(연계),교수,재직,중국근세사(명청),명청시대 사회경제사,고려대학교,박사,洪性鳩,"HONG, SUNG KU"
10114263,ok,박선옥,여,1972,한성대학교(연계),교수,재직,국어학,"통사, 의미론",중앙대학교,박사,朴仙玉,"Park, Sun Ok"
10114275,ok,안병국,남,1947,선문대학교,조교수,재직,비교문학(국문학),설화비교연구,중앙대학교,박사,安炳國,Ahn Byeong-Guk
10114342,ok,김종수,남,1971,경희대학교(연계),교수,재직,현대소설(국문학),근대소설 및 한국문화,고려대학교,박사,金鍾洙,Kim Jong Soo
10114533,ok,정재철,남,1958,단국대학교(연계),교수,재직,한문학,한국한문학,고려대학교,박사,鄭載喆,"Jaechul,Jung"
10114535,ok,유정숙,여,1960,강원대학교,책임연구원,재직,시각정보디자인,타이포그래피,Bergische Univ. Wuppertal,박사,劉玎淑,Yoo Jungsook
10114636,ok,오장근,남,1964,국립목포대학교(연계),교수,재직,기호학,광고텍스트학,Westfaelische Wilhelms - Univ. Munster,박사,,Oh Jang Geun
10114654,ok,이경화,여,1967,한국교원대학교(연계),교수,재직,국어교육학,"국어교육,초등국어교육,독서교육,작문교육, 국어 평가",한국교원대학교,박사,李京和,Lee Keong-hwa
10114656,ok,김겸섭,남,1971,경상국립대학교(연계),부교수,재직,인문학,독문학(독일희곡과 연극),경북대학교,박사,金兼燮,KIM KYOUM SUP
10114812,ok,정주영,남,1969,동의대학교(연계),교수,재직,교육공학,교육공학,부산대학교,박사,鄭柱永,Jung Juyoung
10114816,ok,윤재환,남,1967,단국대학교(연계),교수,재직,한시,한국한문학,성균관대학교,박사,尹載煥,Yoon JaeHwan
10114828,ok,윤세순,여,1966,제주대학교 인문과학연구소,전임연구원,재직,한문학,한문소설,성균관대학교,박사,尹世旬,Yun Se Soon
10114845,private,,,,,,,,,,,,
10114851,ok,이광석,남,1954,경북대학교,교수,퇴직,공적개발원조(ODA),사회정책,University of Newcastle,박사,李光錫,Kwang-Seok Lee
10114860,ok,강혜규,여,1980,서울대학교,강사,재직,한문산문,한국한문학,서울대학교,박사,康惠圭,Kang Hye-Kyu
10114895,private,,,,,,,,,,,,
10114915,ok,최예열,남,1961,대전대학교(연계),조교수,재직,현대소설(국문학),현대문학(소설),대전대학교,박사,崔禮烈,YeYul Choi
10114943,ok,정운조,여,1969,조선대학교 국제문화연구원,연구교수,재직,어휘학(중국어학),어휘의미론,한국외국어대학교,박사,鄭雲操,Jung Un jo
10114989,ok,김점숙,여,1965,명지대학교(연계),교수,재직,한국현대사,"한국 현대 경제사, 한미 관계사",이화여자대학교,박사,,Jeom Sook Kim
10114997,private,,,,,,,,,,,,
10115053,ok,이정숙,여,1950,한성대학교,교수,재직,인문학,한국현대문학(현대소설),서울여자대학교,박사,李正淑,"Lee, Jung-Sook"
10115081,ok,구번일,여,1973,한국공학대학교,강사,재직,비교문학,현대문학,연세대학교,박사,具繁一,Bunil Ku
10115083,ok,전혜숙,여,1959,기타기관,기타,퇴직,방언학(국어학),음운론,한국외국어대학교,박사,全惠淑,Heasuk Chun
10115099,ok,강성숙,여,1970,인제대학교(연계),부교수,재직,구비문학(국문학),설화,이화여자대학교,박사,姜盛淑,"Kang, Sungsook"
10115111,ok,박영은,여,1971,한양대학교(연계),교수,재직,소설(러시아문학),"러시아철학, 사상, 문학, 영화",한국외국어대학교,박사,朴英恩,"Park, Young Eun"
10115149,ok,최시한,남,1953,숙명여자대학교,교수,재직,현대소설(국문학),현대소설,서강대학교,박사,崔時漢,Sihan Choe
10115172,ok,진영미,여,1958,선문대학교 인문과학연구소 (미사용),연구원,재직,비교문학,"한국한문학, 한시이론, 한시창작",성균관대학교,박사,晉永美,YOUNGMI JIN
10115187,ok,함희진,여,1978,소속없음,기타,퇴직,형태론(국어학),형태론,고려대학교,박사,咸姬珍,Huijin Ham
10115190,ok,김예리,여,1977,강원대학교(연계),교수,재직,현대시(국문학),30년대 모더니즘,서울대학교,박사,金禮利,Kim Ye Rhee
10115210,ok,조강석,남,1969,연세대학교(연계),교수,재직,현대시(국문학),현대시,연세대학교,박사,,KANG SOK CHO
10115213,ok,전영옥,여,1968,상명대학교(연계),교수,재직,화용론(국어학),국어학(화용론),상명대학교,박사,全英玉,JEON YOUNG-OK
10115214,ok,임근석,남,1973,국민대학교(연계),교수,재직,형태론(국어학),연어론,서울대학교,박사,林根錫,Lim Geun Seok
10115302,ok,나채근,남,*****,영남대학교,*****,*****,한국어교육학,한국문화교육,영남대학교,박사,*****,*****
10115361,ok,홍인선,남,1968,한국교원대학교,연구원,재직,국어교육학,읽기 교육(독서 교육),한국교원대학교,,홍인선,Inseon  Hong
10115362,ok,남금희,여,1956,경북대학교,강사,재직,현대소설(국문학),비교문학(한-일문학),대구가톨릭대학교,박사,南錦熙,Nam Kum-hee
10115411,ok,김기성,남,1966,단국대학교(연계),조교수,재직,몽골어문학,몽골어형태론,National University of Mongolia,박사,金起星,Kim Kisung
10115433,ok,김양진,여,1973,숙명여자대학교,교수,재직,생존분석,"Longitudinal data, Survival analysis","Univ. of Missouri~, Columbia",박사,金良眞,Kim Yang Jin
10115443,ok,김명광,남,1969,대구대학교(연계),교수,재직,한국어와문학,한국어교육,서강대학교,박사,金明光,"Kim, Myoung Kwang"
10115460,private,,,,,,,,,,,,
10115491,ok,한재균,남,1959,성결대학교,조교수,퇴직,어휘학(중국어학),漢語詞彙和語義學,南開大學,박사,韓在均,Jae - kyun Han
10115495,ok,문숙희,여,1959,한국외국어대학교,강사,재직,한국음악이론/분석,전통 음악의 선율분석,한국학중앙연구원,박사,文淑姬,Sukhie Moon
10115501,ok,윤영실,여,1972,숭실대학교(연계),부교수,재직,한국,한국근대문학사상,서울대학교,박사,尹寧實,Young Shil Youn
10115519,ok,김남희,여,1972,한남대학교,부교수,재직,국어교육학,문학교육,서울대학교,박사,金南希,Namhee Kim
10115536,ok,이훈,남,1967,고려대학교,강사,재직,중국근세사(명청),만주사,고려대학교,박사,李勳,hun lee
10115544,private,,,,,,,,,,,,
10115569,ok,이호걸,남,1971,동의대학교 영화•트랜스미디어연구소,책임연구원,재직,동양/아시아영화,동아시아 영화,중앙대학교,박사,李昊杰,Hogeol Lee
10115575,ok,김학현,남,1972,성균관대학교,초빙교수,재직,현대소설(국문학),문학의 장르와 구조,성균관대학교,박사,金學鉉,hak hyun kim
10115617,ok,김현미,여,1963,연세대학교(연계),교수,재직,문화인류학,여성학,University of Washington,박사,,Hyun Mee Kim
10115634,ok,윤진영,남,*****,한국학중앙연구원(연계),,*****,미술사,한국회화사,한국학중앙연구원,박사,*****,*****
10115679,ok,권인숙,여,*****,명지대학교,*****,*****,여성문화,성폭력 이론,Clark Univ.,박사,,*****
10115700,ok,유동희,남,1981,경상국립대학교(연계),교수,재직,경영전산처리,MIS 전공,고려대학교,박사,兪東熹,"Yoo, Donghee"
10115757,ok,이규호,남,1966,한국외국어대학교,강사,퇴직,형태론(국어학),복합조사,한국외국어대학교,박사,李奎浩,Gyuho I
10115770,ok,조재모,남,1972,경북대학교(연계),교수,재직,건축 역사 및 이론,한국 및 동양 건축사,서울대학교,박사,曺在模,"CHO, JAE MO"
10115845,ok,김현,남,1971,서울대학교(연계),교수,재직,음운론(국어학),국어음운론,서울대학교,박사,,"Kim, Hyun"
10115950,ok,유권석,남,1968,남서울대학교(연계),부교수,재직,고전산문,傳文學,우석대학교,박사,,Yu Kwon Sek
10115951,ok,박대현,남,1961,한국고전번역원,초빙교수,재직,한문산문,한문서찰,영남대학교,박사,朴大鉉,Park Dae Hyun
10115973,ok,김지원,여,1964,대진대학교,연구교수,재직,미국사,미국사,명지대학교(서울캠퍼스),박사,金芝苑,Jiwon Kim
10116017,ok,이향배,남,1966,충남대학교(연계),교수,재직,한문비평,한문학비평,단국대학교,박사,李香培,"Lee,Hyang Bae"
10116088,ok,한성우,남,1968,인하대학교(연계),교수,재직,음운론(국어학),"음운론, 방언학, 국어사, 사회언어학",서울대학교,박사,韓成愚,HAN SUNGWOO
10116112,private,,,,,,,,,,,,
10116165,ok,이영희,여,*****,숙명여자대학교,*****,*****,한국어교육학,어휘론,숙명여자대학교,박사,*****,*****
10116194,ok,이훈재,남,1968,인하대학교(연계),교수,재직,감염병역학,"전염병 역학조사, 역학조사 방법론",한림대학교,박사,李勳宰,LEE HUN JAE
10116206,private,,,,,,,,,,,,
10116303,ok,이성민,남,1970,성균관대학교 대동문화연구원,수석연구원,재직,한문산문,조선중기 한문산문,성균관대학교,박사,李聖敏,LEE SEONG MIN
10116307,private,,,,,,,,,,,,
10116321,ok,이승미,여,1974,한국교육과정평가원,연구위원,재직,,,이화여자대학교,,,Seungmi Lee
10116344,ok,김우형,남,*****,연세대학교,*****,*****,동양철학일반,"주자학, 성리학, 동아시아 근세 및 근대사상",연세대학교,박사,*****,*****
10116350,private,,,,,,,,,,,,
10116413,ok,박용규,남,1966,서울대학교,강사,재직,현대소설(국문학),황순원 소설,서울대학교,박사,朴用圭,Yongkyu Park
10116492,ok,김영규,남,*****,이화여자대학교(연계),*****,*****,응용언어학,"제2언어로서의 영어 및 한국어의 습득, 학습 및 평가",University of Hawaii at Manoa,박사,*****,*****
10116587,ok,임형재,남,1970,한국외국어대학교,조교수,재직,대조언어,대조언어학,延邊大學,박사,林亨栽,Lim Hyung-Jae
10116603,ok,김구슬,여,1953,협성대학교,교수,퇴직,현대영미시,현대영미시 및 비평,고려대학교,박사,金구슬,Koo-Seul Kim
10116605,ok,김창원,남,*****,경인교육대학교(연계),*****,*****,국어교육학,"국어과 교육과정/교재/평가, 문학교육/시교육",서울대학교,박사,*****,*****
10116631,ok,임정지,여,1969,한국학중앙연구원,강사,미취업,,,한국학중앙연구원,박사,林井志,Jeongjee Lim
10116636,ok,이창식,남,1958,세명대학교,교수,퇴직,고전시가,"향가, 시조, 민요",동국대학교,박사,李昌植,"Lee, Chang-sik"
10116655,ok,황향희,여,1971,강원대학교(연계),교수,재직,여가레크리에이션,여가레크리에이션,한국체육대학교,박사,黃香喜,Hwang Hyang Hee
10116679,ok,조재영,남,1970,국립창원대학교,강사,재직,현대시(국문학),현대시,국립창원대학교,박사,趙在永,cho jae young
10116690,ok,진달용,남,*****,Simon Fraser Univ.,*****,*****,신문방송학일반,information and communication technology,University of Illinois at Urbana - Champaign,박사,*****,*****
10116822,ok,박태건,남,1971,원광대학교,강사,재직,운문,현대시,원광대학교,박사,朴泰健,PARK TAE GUN
10116922,ok,남기현,여,1975,나사렛대학교(대학별),조교수,재직,기호학,한국수화,고려대학교,박사,南基賢,KiHyun Nam
10116973,private,,,,,,,,,,,,
10116976,ok,김수현,여,1976,한남대학교,연구교수,재직,한문산문,한국한문학(한문산문),한국학중앙연구원,박사,金樹賢,Kim Su Hyun
10117039,ok,김명순,여,*****,부산대학교(연계),*****,*****,국어교육학,독서작문교육,한국교원대학교,박사,*****,*****
10117056,ok,정혜린,여,1968,경상국립대학교 인문학연구소,연구교수,미취업,미학일반,동양미학(예술론 연구),서울대학교,박사,鄭蕙鏻,Herin Jung
10117110,ok,변지원,여,1969,한국방송통신대학교(대학별),교수,재직,음성/음운론(중국어학),중국어 방언,Ecole des Hautes Etudes en Sciences Sociales,박사,卞志源,BYUN Jiwon
10117127,ok,이태화,남,1975,고려대학교,초빙교수,재직,구비문학(국문학),"판소리, 구비연행, 고전소설",고려대학교,박사,李泰華,Tae-hwa Lee
10117164,ok,이관식,남,*****,호남대학교,*****,*****,계통론(국어학),"한국어교육, 계통론",경희대학교,박사,*****,*****
10117293,ok,안순태,남,*****,울산대학교(연계),*****,*****,한문학,조선후기 한문학,서울대학교,박사,*****,*****
10117327,ok,김현식,남,*****,한양대학교,*****,*****,서양사상사,역사이론,,박사,*****,*****
10117360,ok,박진태,남,*****,대구대학교,*****,*****,구비문학(국문학),민속극,고려대학교,박사,,*****
10117500,ok,황선엽,남,1970,서울대학교(연계),교수,재직,국어사,국어문법사,서울대학교,박사,黃善燁,Hwang Seon-yeop
10117511,ok,조하연,남,*****,아주대학교(연계),*****,*****,고전시가,고전시가,기타기관,박사,*****,*****
10117573,ok,이경돈,남,1970,성균관대학교,초빙교수,재직,현대소설(국문학),"현대문학, 현대소설, 미디어 리터러시, 문화이론",성균관대학교,박사,李庚燉,Kyeong don Lee
10117650,ok,강혜선,여,1965,성신여자대학교(연계),교수,재직,한문산문,조선후기 한문산문,서울대학교,박사,姜慧仙,KANG HYESUN
10117676,ok,이서행,남,1947,한국학중앙연구원,교수,퇴직,응용윤리학,한국사상.한국윤리.북한학,단국대학교,박사,李瑞行,
10117828,ok,이희선,남,*****,한양대학교,*****,*****,문화/사회/보건복지정책,"조사방법론, 계량분석, 정책분석, 사회복지",University of Pittsburgh,박사,*****,*****
10117841,ok,신정아,여,1969,한국외국어대학교,교수,재직,희곡(프랑스문학),17세기 프랑스 희곡(연극),Univ. de Paris III (Univ. Sorbonne Nouvelle),박사,申正娥,Junga Shin
10117928,ok,최승연,여,1974,고려대학교,강사,재직,희곡,뮤지컬,고려대학교,박사,崔丞娟,Seungyoun Choi
10117957,ok,신정훈,남,1965,초당대학교(연계),조교수,재직,인문학,한국사,중앙대학교,박사,,Shin Jung Hoon
10118090,ok,이만교,남,*****,한서대학교,*****,*****,,,,,*****,*****
10118104,ok,장윤수,남,1949,대진대학교,교수,기타,현대소설(국문학),,고려대학교,박사,張允洙,Chang Yoon-soo
10118166,ok,위진,여,1972,국립국어원,공무원,재직,음운론(언어학),음운사,전남대학교,박사,魏眞,wee jin
10118220,ok,남경란,여,1965,대구가톨릭대학교,교수,재직,국어사,문자론/국어사,대구가톨릭대학교,박사,南京蘭,kyeongnan Nam
10118230,ok,권태효,남,1965,국립민속박물관,공무원,재직,구비문학(국문학),"설화, 무가",경기대학교,박사,權泰孝,Taehyo Kwon
10118311,ok,엄미옥,여,1974,서강대학교,강사,재직,현대소설(국문학),현대소설,서강대학교,박사,嚴美玉,Eom Mi Ok
10118318,ok,김미령,여,1962,인제대학교,강사,미취업,화용론(국어학),대화 화행과 관습적 발화,부산대학교,박사,金美鈴,"Kim, Mi-Ryung"
10118351,ok,이상철,남,1954,대구대학교,교수,퇴직,프랑스어발달사,,Univ. de Nancy II,박사,李相哲,Sang-Chul Lee
10118445,ok,이대화,남,1972,한국학중앙연구원(연계),부교수,재직,민속학(인류학),"사회민속, 근현대생활사",한국학중앙연구원,박사,李大和,Lee Dae Hwa
10118498,ok,임성묵,남,1972,동국대학교(대학별),교수,재직,생산관리,경영과학 및 컴퓨터 응용,서울대학교,박사,,Sungmook Lim
10118536,ok,최미현,여,1973,동의대학교(연계),부교수,재직,국어사,"국어사,음운론",동의대학교,박사,崔美賢,CHOI MI HYUN
10118537,ok,김지훈,남,1970,인하대학교(연계),교수,재직,싱가포르,"도시사회학, 이주사회학, 가족사회학",Univ. of Oxford,박사,金知勳,JEEHUN KIM
10118548,ok,윤영민,남,1975,연세대학교 언어정보연구원,연구교수,재직,형태론(일본어학),문법,고려대학교,박사,尹榮珉,Youngmin Yun
10118551,ok,이해진,남,1971,충북대학교(연계),교수,재직,정치사회학/사회운동론,"지역사회학,사회운동,농식품사회학,사회적경제",고려대학교,박사,李海瑨,Hae-Jin Lee
10118595,ok,전영주,여,1968,동국대학교,강사,재직,현대시(국문학),근현대시,동국대학교,박사,全暎珠,Youngjoo Jeon
10118596,ok,임동식,남,1977,홍익대학교(연계),부교수,재직,의미론(언어학),"증거성, 인지적 양상성, 초점사, 어휘의미론",University of Southern California,박사,,Lim Dong Sik
10118640,ok,민유기,남,1970,경희대학교(연계),교수,재직,프랑스사,프랑스사,Ecole des Hautes Etudes en Sciences Sociales,박사,,MIN YOU-KI
10118642,ok,신희경,여,1971,선문대학교,연구교수,재직,고전산문,조선 후기 한글 소설,성신여자대학교,박사,申熙京,Heekyung Shin
10118662,ok,이진형,남,*****,건국대학교 모빌리티인문학 연구원,*****,*****,문학비평(국문학),"비평론, 소설이론",연세대학교,박사,,*****
10118778,ok,염철,남,1967,경북대학교,초빙교수,재직,현대시(국문학),현대시,중앙대학교,박사,염철,Chul Youm
10118870,ok,김보현,여,*****,충북대학교,*****,*****,고전산문,고전 텍스트 의미론,서강대학교,박사,*****,*****
10118871,ok,황병주,남,1967,국사편찬위원회,공무원,재직,한국현대사,한국현대사상사 및 사회사,한양대학교,박사,黃秉周,byoung joo hwang
10118887,ok,이학주,남,1962,강원대학교,강사,재직,고전산문,고전문학.비교문학.민속학,성균관대학교,박사,李學周,Lee Hak Ju
10118918,ok,김혜정,여,1969,경북대학교(연계),교수,재직,국어교육,"읽기(독서) 교육, 텍스트언어학과 국",서울대학교,박사,金惠貞,"KIM, HYE JEONG"
10118941,ok,김흥년,남,1956,경남대학교,조교수,재직,소설(프랑스문학),19세기 Jules Verne의 미래공상소설,한국외국어대학교,박사,金興年,Hung Nyun Kim
10119122,ok,이유미,여,1974,연세대학교,강사,재직,현대소설(국문학),현대문학,연세대학교,박사,李有美,You mi Lee
10119172,ok,김연수,남,1959,한양사이버대학교(연계),초빙교수,재직,기타정책학,연구방법론,한양대학교,박사,金宴守,Kim Yeon Soo
10119188,ok,양원석,남,*****,고려대학교(연계),*****,*****,한자학어학,한국한자학 / 한국경학(시경학),고려대학교,박사,*****,*****
10119316,ok,김동우,남,1964,,기타,미취업,현대시(국문학),,서울시립대학교,박사,金東禹,"KIM, Dong Woo"
10119450,private,,,,,,,,,,,,
10119458,ok,이승희,여,1972,상명대학교(연계),교수,재직,국어사,문법사,서울대학교,학사,李勝喜,"Yi, Seunghee"
10119474,ok,염희경,여,1970,춘천교육대학교,강사,재직,아동문학,근대아동문학,인하대학교,박사,廉喜瓊,Heekyoung Yeom
10119504,ok,이용,남,1966,서울시립대학교,객원교수,재직,국어사,국어문법사,서울시립대학교,박사,李勇,Yong Lee
10119506,ok,박상진,남,*****,단국대학교,*****,*****,의미론(국어학),국어의미사,고려대학교,박사,*****,*****
10119534,ok,우현주,여,1975,경기대학교(연계),조교수,재직,현대소설(국문학),현대소설,이화여자대학교,박사,,WOO HYUN JU
10119559,ok,박기범,남,1970,전주대학교(연계),교수,재직,국어교육학,문학교육,한국교원대학교,박사,朴基範,Park  Kibeom
10119578,ok,서진영,여,1972,우석대학교(대학별),조교수,재직,현대시(국문학),1960년대 모더니즘,서울대학교,박사,,Jinyoung Seo
10119601,ok,김윤옥,여,*****,한국교원대학교,*****,*****,국어교육학,초등국어교육,한국교원대학교,박사,,
10119675,ok,주지영,여,1973,우석대학교(대학별),조교수,재직,소설,현대소설,서울대학교,박사,朱志英,JOO JIYOUNG
10119712,ok,이현일,남,1973,성균관대학교(연계),부교수,재직,한시,조선 후기 한시,성균관대학교,박사,李炫壹,"LEE, HYUN II"
10119745,ok,김남국,남,1964,고려대학교(연계),교수,재직,정치철학,정치사상/유럽정치,서울대학교,석사,金南局,"Kim, Nam-Kook"
10119749,ok,정용수,남,1953,동아대학교,교수,퇴직,고전산문,고소설,성균관대학교,박사,鄭容秀,JEONG YONG SU
10119777,ok,남상권,남,1964,김천대학교,초빙교수,퇴직,현대소설(국문학),현대소설,영남대학교,박사,南相權,Sangkwon Nam
10119787,ok,김준,남,*****,국회입법조사처,*****,*****,산업/노동사회학,노동사,서울대학교,박사,*****,*****
10119817,ok,김은수,남,1948,광주대학교,교수,재직,고전산문,,전남대학교,박사,金銀洙,EunSooKim
10120001,ok,이병승,남,1973,남산초등학교,,재직,초등교육,교육방법,서울교육대학교,석사,李炳昇,Lee Byung Seung
10120062,ok,이원경,여,1965,인천대학교(연계),교수,재직,독일어교육,독일어교수법,Ludwig-Maximilians-Universitaet Muenchen,박사,李媛瓊,Lee Wonkyung
10120171,ok,김종훈,남,1972,고려대학교(연계),교수,재직,현대시(국문학),현대시,고려대학교,박사,金鍾勳,"Kim, Jong-Hoon"
10120229,ok,한인혜,여,*****,연세대학교,*****,*****,비교문학,동아시아 비교문학,University of California san diego,박사,,*****
10120236,ok,김민정,여,1981,중앙대학교,대학원생,재직,,,중앙대학교(안성캠퍼스),,金旻貞,Minjeong Kim
10120259,ok,한명숙,여,*****,공주교육대학교(연계),*****,*****,국어교육학,국어교육,한국교원대학교,박사,*****,
10120299,ok,김세진,남,1971,충남대학교,강사,재직,음운론(국어학),음운론,충남대학교,박사,金世鎭,Sejin Gim
10120304,private,,,,,,,,,,,,
10120313,ok,이원동,남,1971,경북대학교,초빙교수,재직,현대소설(국문학),"한국 프로문학, 국민문학",경북대학교,박사,李垣東,wondong lee
10120323,ok,황신애,여,*****,서울신학대학교(대학별),*****,*****,어휘학(중국어학),중국어사,北京大學,박사,*****,*****
10120334,ok,권희주,여,1974,건국대학교,조교수,재직,일본문화학,근현대일본문화,고려대학교,박사,,kwon hee ju
10120359,ok,김승호,남,1956,동국대학교,교수,재직,고전산문,고전산문 및 한문소설,동국대학교,박사,,"Kim, Seung-Ho"
10120361,ok,이상해,남,1948,성균관대학교,교수,퇴직,건축 역사 및 이론,한국건축사,Cornell Univ.,박사,,"LEE, SANG HAE"
10120428,ok,위정선,여,1980,전남대학교,,재직,,,전남대학교,,魏禎旋,Jeongseon Wi
10120434,ok,이진병,남,1975,전북대학교(연계),부교수,재직,통사론(국어학),"통사론(국어학), 국어정보학, 방언학(국어학)",전북대학교,박사,李珍柄,Yi Jinbyeong
10120439,ok,이준형,남,1980,강원대학교 강릉캠퍼스,,재직,,,강원대학교 강릉캠퍼스,,,
10120460,ok,문병열,남,1979,한남대학교,부교수,재직,통사론(국어학),문법론,서울대학교,박사,文炳烈,Byungyul Mun
10120506,ok,이정애,여,1962,전북대학교(연계),교수,재직,의미론(국어학),화용의미론,전북대학교,석사,李貞愛,"Lee, Jeong-Ae"
10120516,ok,이기대,남,*****,고려대학교(연계),*****,*****,고전산문,"고전산문, 한문소설",고려대학교,박사,*****,*****
10120563,ok,서상규,남,1959,연세대학교(연계),교수,재직,통사론(국어학),국어문법론,연세대학교,박사,,Sang Kyu Seo
10120628,ok,임미성,여,1972,전라북도교육청,공무원,재직,국어교육,읽기교육,전북대학교,박사,林美成,Lim Mi Seong
10120646,ok,김채식,남,1967,성균관대학교,연구원,재직,한문산문,실학,성균관대학교,박사,金菜植,ChaeSik Kim
10120708,private,,,,,,,,,,,,
10120726,ok,김영욱,남,1961,서울시립대학교(연계),교수,재직,국어사,"국어사, 형태론, 고대국어, 중세국어, 언어문화사",서울대학교,박사,金永旭,Kim Young Wook
10120759,ok,오경숙,여,1973,서강대학교(연계),부교수,재직,한국어교육학,"한국어 문법론, 한국어 의미론, 외국어로서의 한국어교육",서강대학교,박사,吳敬淑,Kyoungsook Oh
10120760,ok,고성연,남,*****,City University of New York,*****,*****,음운론(언어학),"음운론(공시, 통시)",Cornell Univ.,박사,*****,*****
10120783,ok,김진환,남,1973,서울대학교 통일평화연구원,위촉연구원,재직,사회사/역사사회학,"북한사회, 남북관계, 통일",동국대학교,박사,金鎭煥,Kim Jin Hwan
10120795,ok,최영옥,여,1976,성균관대학교,연구원,재직,국문학사,근대 한문학,성균관대학교,박사,崔煐玉,Youngok Choi
10120820,ok,한의숭,남,*****,전남대학교(연계),*****,*****,고전산문,한문소설,경북대학교,박사,*****,*****
10120862,ok,한은주,여,1973,경희대학교,대학원생,재직,소설,현대소설,경희대학교,박사수료,韓銀珠,HAN EUN JU
10120887,ok,김근태,남,1972,춘천문화원,연구원,재직,한시,조선후기 한시,한국학중앙연구원,박사,金根泰,
10120889,ok,박혜순,여,1976,한성대학교,강사,재직,고전산문,고전소설,고려대학교,박사,朴惠淳,Heasoon Park
10120959,private,,,,,,,,,,,,
10120970,ok,김용태,남,1971,성균관대학교(연계),교수,재직,한시,19세기 한문학,성균관대학교,박사,金龍泰,"KIM, YONG TAI"
10120972,ok,정호완,남,1943,대구대학교(연계),,재직,국어사,,충남대학교,박사,鄭鎬完,Howan Jeong
10120987,ok,이원봉,남,1967,가톨릭대학교(연계),부교수,재직,윤리학,"칸트 윤리학, 도덕교육론, 덕윤리",서강대학교,박사,李 元奉,Lee Wonbong
10121011,ok,이은하,여,1976,한남대학교,부교수,재직,문예창작,소설창작,명지대학교(서울캠퍼스),박사,李恩河,Eunha Lee
10121012,ok,양인경,여,1965,한남대학교,기타,퇴직,현대시(국문학),현대시,한남대학교,박사,,YangIn Kyung
10121039,ok,박정선,남,1970,국립창원대학교(연계),교수,재직,현대시(국문학),"근대시, 프로문학, 임화",경북대학교,박사,朴正善,"Park, Jung-sun"
10121049,ok,김하라,여,1975,연세대학교(연계),부교수,재직,한문산문,18세기 한문일기,서울대학교,박사,,Kim Hara
10121074,ok,양현진,여,1971,인천대학교,강의교수,재직,현대소설(국문학),현대소설,이화여자대학교,박사,梁顯珍,"Yang, Hyun Jin"
10121087,ok,김성연,여,1977,세명대학교(대학별),부교수,재직,현대소설(국문학),한국근현대문학,동덕여자대학교,박사,金成姸,Kim Sung Yeon
10121118,ok,손환일,남,1955,대전대학교 서화문화연구소,연구원,퇴직,미술사,서예사. 서예이론. 印章史. 금석조각사,단국대학교,박사,孫煥一,Hwan-Il Son
10121159,ok,문영희,여,1976,이화여자대학교 중국문화연구소,연구교수,재직,어휘학(중국어학),중국어 어휘사,이화여자대학교,박사,文英喜,Younghee Moon
10121235,ok,박미해,여,1961,서울대학교 아시아연구소 동북아시아센터,선임연구원,재직,사회사/역사사회학,"가족, 여성, 친족, 인구,계층",University of Wisconsin - Madison,박사,朴美海,Mee Hae Park
10121272,ok,김윤성,남,1966,한신대학교(연계),교수,재직,한국종교일반,조선후기 및 근대초기 그리스도교,서울대학교,박사,金 潤 成,"Kim, Yun Seong"
10121289,ok,양진조,남,1965,국립문화유산연구원,연구원,재직,한시,,중앙대학교,박사,양진조,Jinjo Yang
10121337,ok,김성진,남,1970,대구대학교(연계),교수,재직,국어교육,현대소설교육,서울대학교,박사,金聖鎭,"Kim, Sung-Jin"
10121378,private,,,,,,,,,,,,
10121414,ok,임승권,남,1955,청운대학교,부교수,재직,기타경제학,토지경제학,國立政治大學,박사,林承權,Seungkwon Rheem
10121464,ok,민경찬,남,1957,한국예술종합학교,교수,재직,기타음악학,음악학,東京藝術大學,석사,閔庚燦,Min Kyung Chan
10121475,ok,김장경,남,*****,한국고전번역원,*****,*****,조선전기사,조선초기정치사,한국학중앙연구원,석사,*****,*****
10121489,private,,,,,,,,,,,,
10121586,ok,조규희,여,1970,서울대학교,강사,재직,미술사,한국미술사,서울대학교,박사,,kyuhee cho
10121592,ok,김미영,여,1965,홍익대학교(연계),부교수,재직,현대소설(국문학),한국근현대소설과 문학비평,서울대학교,박사,,Kim Mee Young
10121618,ok,곽은희,여,1974,동아대학교,부교수,재직,문학비평(국문학),문학비평,영남대학교,박사,郭恩僖,KWAK EUN HEE
10121648,ok,천정환,남,1969,성균관대학교(연계),교수,재직,현대소설(국문학),A1207,서울대학교,박사,千政煥,"CHEON, JUNGHWAN"
10121702,private,,,,,,,,,,,,
10121800,ok,양태식,남,1949,서울교육대학교,교수,퇴직,국어교육,어휘 교육론,부산대학교,박사,梁泰植,
10121888,ok,최윤영,여,1968,동국대학교,강사,퇴직,동양/아시아연극,한국전통연극,동국대학교,박사,崔尹榮,Yun-Young Choe
10122043,ok,신은경,여,1963,신라대학교(연계),조교수,재직,한국어교육학,한국어교육,부산외국어대학교,박사,,"Shin,Eun Kyung"
10122080,private,,,,,,,,,,,,
10122237,ok,이양혜,여,1955,부산외국어대학교,초빙교수,퇴직,형태론(국어학),형태론,동아대학교,박사,李洋惠,Lee Yang-hye
10122258,ok,신규환,남,1970,고려대학교(연계),교수,재직,의학사,동아시아의학사,연세대학교,박사,辛圭煥,SIHN KYUHWAN
10122275,ok,민현식,남,1954,서울대학교,교수,퇴직,국어교육,"국어교육론,국어학,규범론(정서법),한국어교육",서울대학교,박사,閔賢植,"Min, Hyunsik"
10122319,ok,곽이빈,여,1961,수원대학교,조교수,재직,언어학,현대중국어문법,,박사,郭沂濱,GUO YI BIN
10122384,ok,송승환,남,1971,서울과학기술대학교,강사,재직,현대시(국문학),1950-60년대 한국시,중앙대학교,박사,宋承桓,Song Seung Whan
10122390,ok,김동국,남,1967,순천향대학교,강사,재직,고전시가,고전시가,고려대학교,박사,,Kim Dong-Kook
10122435,ok,장은화,여,1971,한양대학교,대학원생,재직,,,단국대학교(천안캠퍼스),학사,,Eunhwa Jang
10122438,ok,김윤신,여,*****,인천대학교(연계),*****,*****,의미론(국어학),"국어 문법론, 문법 교육",서울대학교,박사,*****,*****
10122486,ok,이정화,여,1983,대구대학교,,재직,,,,,,Jeonghwa Lee
10122557,ok,임명숙,여,1956,서울교육대학교,강사,재직,현대시(국문학),"기녀시조와  현대시, 페미니즘",성신여자대학교,박사,林明淑,Myungsook Lim
10122608,ok,임혜원,여,1971,상명대학교(연계),부교수,재직,의미론(국어학),인지언어학,상명대학교,박사,林惠媛,"LIM, HYEWON"
10122624,private,,,,,,,,,,,,
10122636,ok,이필영,남,*****,한양대학교(연계),*****,*****,통사론(국어학),국어통사론,서울대학교,박사,*****,*****
10122727,ok,이소연,여,1968,건국대학교,부교수,재직,현대시(국문학),현대시,건국대학교,박사,李卲淵,YI SO YEON
10122789,ok,김영옥,여,1962,성균관대학교,초빙교수,재직,일본근현대문학,일본근대문학비평,동덕여자대학교,박사,金榮玉,Kim Young Ok
10122798,ok,박권수,남,1968,충북대학교(연계),부교수,재직,과학기술사,한국과학사,서울대학교,박사,朴權壽,"Park, Kwon-soo"
10122808,ok,김도희,여,1972,동의대학교(연계),부교수,재직,현대소설(국문학),현대소설,동의대학교,박사,金度希,Kim Do Hee
10122851,ok,정은경,여,*****,중앙대학교(연계),*****,*****,문학비평(국문학),"손창섭, 이상, 김동인-",고려대학교,박사,,*****
10122881,ok,송원찬,남,*****,한양대학교(연계),*****,*****,중국고전문학,중국 선진양한 문학 및 소설,,박사,*****,*****
10122890,ok,이기동,남,1952,성균관대학교,교수,퇴직,유교철학,"주자학,동아시아사상",筑波大學,박사,李基東,"LEE, KI DONG"
10122914,ok,진수미,여,1969,이화여자대학교,강사,재직,비교문학(국문학),현대시(국문학),동국대학교,박사,陳秀美,Sumee Chin
10122990,ok,이경숙,여,1967,국립공주대학교,강사,재직,한자학어학,문자학,北京師範大學,박사,李鏡淑,Keoung-Suk Lee
10122997,ok,양은창,남,1963,단국대학교(연계),교수,재직,산문,현대문학,단국대학교,박사,,Yang Eunchang
10123006,ok,김종현,남,1974,국립창원대학교,강사,재직,현대소설(국문학),근대소설,경북대학교,박사,金鍾現,"Kim, Jong-Hyun"
10123031,ok,하은하,여,*****,서울여자대학교(연계),*****,*****,고전산문,문학치료,서울여자대학교,박사,*****,*****
10123076,ok,이병수,남,1958,건국대학교 인문학연구원,HK교수,재직,한국현대철학,20세기 한국철학자 및 사상가에 대한 연구,서울대학교,박사,李炳秀,Byungsoo Lee
10123102,ok,박대재,남,1971,고려대학교(연계),교수,재직,한국고대사,초기사(초기국가),고려대학교,박사,朴大在,Daejae Park
10123122,ok,조동준,남,1968,서울대학교(연계),교수,재직,국제기구/조직,국제연합,Pennsylvania State Univ.,박사,趙東濬,"Jo, Dong-Joon"
10123149,ok,송명진,남,1973,경기대학교(연계),부교수,재직,국문학,현대소설,서강대학교,박사,,"Song, Myung Jin"
10123300,ok,김은하,여,1969,경희대학교(연계),부교수,재직,현대소설(국문학),"여성문학,국문학,문화콘텐츠, 평론, 문화연구",중앙대학교,박사,,Kim EunHa
10123306,ok,최현재,남,1969,국립군산대학교(연계),교수,재직,고전시가,"시조, 가사",서울대학교,박사,,"Choi, Hyun jae"
10123313,ok,임동확,남,1960,한신대학교,겸임교수,재직,현대시(국문학),한국현대시,서강대학교,박사,林東確,Donghwak Lim
10123317,ok,장영희,여,*****,성균관대학교,*****,*****,한문산문,한국한문학,성균관대학교,박사,*****,*****
10123328,ok,강민경,여,1972,한양대학교(연계),부교수,재직,한시,유선문학,한양대학교,박사,姜旻炅,Kang Min-Kyoung
10123341,ok,정인호,남,1969,대구대학교(연계),교수,재직,음운론(국어학),"음운론, 방언학",서울대학교,박사,鄭仁浩,"Jeong, In-Ho"
10123358,ok,정병기,남,1966,영남대학교(연계),교수,재직,정치외교학,"유럽정당, 사고와 표현, 표준학",Freie Univ. Berlin,박사,鄭柄基,Jung Byungkee
10123361,ok,박삼철,남,1957,단국대학교,초빙교수,퇴직,교육행정/경영학,학교조직문화,Macquarie University,박사,,Sam Chul Park
10123386,ok,박남희,여,1959,연세대학교,강사,재직,해석학,가다머,연세대학교,박사,朴南喜,NamHee Park
10123411,ok,손태도,남,1959,호서대학교(연계),조교수,재직,구비문학,한국전통극,서울대학교,박사,孫泰度,"Son, Tae-do"
10123451,ok,오선영,여,1964,대전대학교,조교수,재직,현대시(국문학),근대시,연세대학교,박사,吳善寧,SeonYoung Oh
10123453,ok,김선태,남,1960,국립목포대학교(연계),교수,재직,문학,현대시,원광대학교,박사,金善泰,"Kim, Seon-tae"
10123498,ok,김영철,남,*****,전북대학교,*****,*****,,,전북대학교,박사수료,,*****
10123513,ok,송효섭,남,1955,서강대학교,교수,퇴직,구비문학,설화학,서강대학교,박사,宋孝燮,Hyo Sup Song
10123571,ok,양연숙,여,1969,대전대학교(연계),부교수,재직,아동보육,보육지원,경희대학교,박사,梁姸淑,Yeon-Suk Yang
10123622,ok,조은심,여,1960,건국대학교,대학원생,재직,고전시가,문학치료,건국대학교,박사,趙銀心,Eunsim Cho
10123645,ok,송병삼,남,1974,전남대학교,강사,재직,문학비평(국문학),"비평, 문학사, 문학이론, 문학사상",전남대학교,박사,宋炳三,song byeong sam
10123674,ok,유광수,남,1969,연세대학교(연계),부교수,재직,고전산문,고전소설,연세대학교,박사,,Gwang-Su Yu
10123821,ok,장미경,여,*****,한국고전번역원,*****,*****,한시,조선 후기 한시,고려대학교,박사,*****,*****
10123822,ok,박은영,여,1958,홍익대학교,강사,재직,미술사,근현대미술사,홍익대학교,박사,朴銀英,Eunyoung Park
10123836,ok,문혜윤,여,*****,고려대학교(연계),*****,*****,현대소설(국문학),식민지기 언어와 문체,고려대학교,박사,*****,*****
10123837,ok,김예선,여,1979,건국대학교,대학원생,재직,,,건국대학교,박사수료,金禮仙,KIM YE SUN
10123895,ok,손지연,여,1970,경희대학교(연계),교수,재직,일본근현대문학,"한일비교문학(문화),오키나와 문학, 여성사",名古屋大學,박사,孫知延,SON Ji-Youn
10123900,ok,김창룡,남,*****,한성대학교,*****,*****,국문학사,,연세대학교,박사,*****,*****
10123904,ok,박재민,남,1971,숙명여자대학교,교수,재직,고전시가,향가,서울대학교,박사,朴宰泯,"Park, Jae-Min"
10123905,ok,김현진,여,1966,이화여자대학교,계약교수,재직,응용언어학,한국어교육,이화여자대학교,박사,金炫辰,Hyun Jin Kim
10123930,ok,최용석,남,1961,상지대학교,조교수,재직,현대소설(국문학),현대문학,중앙대학교,박사,崔容碩,Yongseok Choi
10123977,ok,김영희,여,1974,연세대학교(연계),교수,재직,구비문학(국문학),고전산문(구전서사),연세대학교,박사,,YOUNGHEE KIM
10123997,ok,김인수,남,1974,대구교육대학교(연계),조교수,재직,사회사/역사사회학,동아시아사회과학사 (사회조사사),서울대학교,박사,金仁洙,Kim In Soo
10124002,ok,박용식,남,1971,경상국립대학교(연계),교수,재직,국어학,국어사,경상국립대학교,박사,朴容植,"Park, Yongsik"
10124030,ok,이병훈,남,1963,아주대학교(연계),부교수,재직,러시아문학사(러시아문학),19세기 러시아문학비평사,Moscow State University,박사,李丙勳,Lee Byoung Hoon
10124071,ok,김향,여,1969,호서대학교(연계),조교수,재직,현대희곡(국문학),근현대희곡/공연예술,연세대학교,박사,金香,Hyang Kim
10124104,ok,정민주,여,*****,한남대학교,*****,*****,국어교육학,화법교육,서울대학교,박사,*****,*****
10124110,private,,,,,,,,,,,,
10124117,private,,,,,,,,,,,,
10124119,ok,김병길,남,1971,숙명여자대학교,부교수,재직,현대소설(국문학),현대소설비평,연세대학교,박사,金炳佶,Byounggill Kim
10124130,private,,,,,,,,,,,,
10124157,ok,김은성,여,1975,이화여자대학교(연계),교수,재직,국어교육,문법교육,서울대학교,박사,金恩星,Eun-Sung Kim
10124206,ok,육영수,남,1960,중앙대학교,교수,퇴직,서양사상사,서양근현대 사상사,University of Washington,박사,陸榮洙,"Yook, YoungSoo"
10124226,ok,정윤희,여,1974,동의대학교(연계),부교수,재직,의미론(국어학),의미론,동의대학교,박사,鄭潤熙,Jung Yoon Hee
10124245,ok,이전경,여,1962,연세대학교,HK연구교수,재직,국어사,15세기 구결표기법,연세대학교,박사,李田京,Jeonkyung Lee
10124258,ok,이도길,남,1974,고려대학교(연계),교수,재직,자연언어처리,한국어정보처리,고려대학교,박사,李道佶,"Lee, Do-Gil"
10124275,ok,서수현,여,*****,광주교육대학교(연계),*****,*****,국어교육학,"작문교육, 국어평가",고려대학교,박사,*****,*****
10124315,ok,허병식,남,1970,동국대학교,강사,재직,현대소설(국문학),근대소설,동국대학교,박사,,Byungshik Huh
10124324,ok,이지순,여,1970,통일연구원,연구위원,재직,북한어문학,북한 현대시,단국대학교,박사,李芝順,"Ji-Sun, Yee"
10124380,ok,천명희,남,1974,국립경국대학교(연계),부교수,재직,국어사,국어사,경북대학교,박사,,cheon myeong-hui
10124381,ok,김소연,여,*****,강원대학교 인문과학연구소,*****,*****,영화이론,영화이론,중앙대학교,박사,*****,*****
10124391,ok,최순종,남,1971,국립순천대학교,강사,재직,현대소설(국문학),현대소설,충남대학교,박사,崔順鍾,Sunjong Choi
10124392,ok,구사회,남,1957,선문대학교,명예교수,재직,고전시가,국문시가,동국대학교,박사,具仕會,"SA WHAE, KOO"
10124433,ok,전은진,여,1976,한양대학교(연계),부교수,재직,어휘론(국어학),국어학,한양대학교,박사,田銀珍,Jeon Eunjin
10124536,ok,김방용,남,1955,대전대학교,강사,재직,과학기술경제학,기술경제론,筑波大學,박사,金邦龍,Kim Pang Ryong
10124537,ok,전병욱,남,1969,南昌大學,교수,재직,중국철학,송명리학,고려대학교,박사,田炳郁,"Jeon, Byoung-Ok"
10124539,ok,김미영,여,1959,세명대학교(대학별),부교수,재직,문예학(독일문학),소설이론/비평,Bergische Univ. Wuppertal,박사,金美榮,KIM Mi-Young
10124567,ok,박수천,남,1961,동아대학교(연계),교수,재직,한문비평,한국한문학,서울대학교,박사,朴守川,Soo Cheon Park
10124597,ok,장춘식,남,1959,中國社會科學院,부교수,재직,문학비평(국문학),현대소설,전북대학교,박사,張春植,Chunzhi Zhang
10124710,ok,신상현,남,1969,고려대학교 민족문화연구원,연구교수,재직,한자학어학,한국한자학,고려대학교,박사,申相賢,"Shin, Sang Hyun"
10124824,ok,오현화,여,1974,성공회대학교(대학별),조교수,재직,현대희곡(국문학),영상문학 및 공연예술,고려대학교,박사,吳賢花,Hyunhwa Oh
10124825,ok,이치억,남,*****,국립공주대학교(연계),*****,*****,유교철학,한국유학,성균관대학교,박사,*****,*****
10124856,ok,이현지,여,1976,동국대학교,연구원,재직,한시,한시,한국학중앙연구원,박사,李炫知,"Lee, hyun-jee"
10124928,ok,정진희,여,1972,성신여자대학교,강사,재직,현대소설(국문학),동화,한양대학교,박사,鄭塡喜,Jinhi Cheong
10124929,ok,서호철,남,1968,한국학중앙연구원(연계),교수,재직,사회사/역사사회학,식민지시기 한국사회연구,,박사,徐浩哲,Ho-Chul Seo
10124969,ok,신영주,남,1969,성신여자대학교(연계),교수,재직,한문비평,한국한문학,성균관대학교,박사,辛泳周,"Shin,Youngju"
10124976,ok,염운옥,여,1966,경희대학교,강사,재직,영국사,영국 현대사,東京大學,박사,廉雲玉,YEOMWoonOk
10124994,ok,방유리나,여,1981,건국대학교,강사,재직,구비문학(국문학),"문학치료,영화창작치료",건국대학교,박사수료,房유리나,Yurina Bang
10124996,ok,강은진,여,1972,육아정책연구소,선임연구위원,재직,유아교육,"유아언어교육, 유아문학교육, 미디어교육",성균관대학교,박사,姜銀珍,Kang Eun Jin
10125082,ok,황경,여,1965,고려대학교,강사,재직,현대소설(국문학),"현대소설, 문학 비평, 예술론",고려대학교,박사,,
10125097,ok,백옥경,여,1963,이화여자대학교(연계),교수,재직,조선전기사,조선시대 중인(역관),이화여자대학교,박사,白玉敬,Ok-kyoung Baek
10125206,ok,지현배,남,1968,동국대학교,조교수,퇴직,교양기초교육,"글쓰기, 현대시, 한국어교육",경북대학교,박사,池鉉培,"Ji, hyunbae"
10125231,ok,전혜자,여,1943,가천대학교(연계),명예교수,재직,현대소설(국문학),"현대소설, 비교문학",숙명여자대학교,박사,田惠子,"Jeon, Hae Ja"
10125269,private,,,,,,,,,,,,
10125375,ok,최윤희,여,1973,경희대학교(연계),교수,재직,고전산문,고전소설,고려대학교,박사,崔允姬,Choi yunhi
10125398,ok,김선희,여,1963,서울대학교(연계),부교수,재직,음운론(언어학),음성공학을 위한 언어처리,Ecole des Hautes Etudes en Sciences Sociales,박사,金仙憙,"Kim, Sunhee"
10125406,ok,김순자,여,*****,한양대학교(연계),*****,*****,화용론(국어학),"대화분석론, 화행론",한양대학교,박사,*****,*****
10125511,ok,이숙,여,1959,성신여자대학교 고전연구소,연구원,재직,통사론(언어학),문법교육,Harvard University,박사,李淑,Lee Sook
10125581,ok,정경훈,남,*****,원광대학교(연계),*****,*****,중국어와문학,한문산문,성균관대학교,박사,*****,*****
10125604,ok,박종덕,남,*****,건국대학교,*****,*****,음운론(국어학),음운 체계 / 음운 변동 / 음가 / 음운사,건국대학교,박사,*****,*****
10125639,ok,심지연,여,*****,고려대학교,*****,*****,의미론(국어학),"인지의미론, 어휘의미론, 언어인류학",고려대학교,박사,*****,*****
10125650,ok,김경미,여,1960,선문대학교,조교수,재직,발달/노년심리,인지발달,State University of New York at Stony Brook,박사,金庚美,Kyungmi Kim
10125721,ok,이지원,여,1960,대림대학교(대학별),명예교수,재직,한국근대사,"사상사, 문화사, 독립운동사",서울대학교,박사,李智媛,Ji Won - Lee
10125744,ok,최정진,남,1978,울산대학교,강사,재직,통사론(국어학),한국어 통사론,서울대학교,박사,崔政晋,Jeongjin Choi
10125745,ok,박진혁,남,1975,서강대학교,대우교수,재직,음운론(국어학),"국어음운론, 방언학",서강대학교,박사,朴眞赫,Jinhyeok Park
10125780,private,,,,,,,,,,,,
10125868,ok,이월영,여,1958,전북대학교(연계),교수,재직,고전산문,"고소설, 한문학",전북대학교,박사,李月英,YEE WEOL YOUNG
10125881,ok,문현,남,1958,국립국악원,,재직,,,한국학중앙연구원,박사,文鉉,Hyun Moon
10125981,ok,김지연,여,1977,세명대학교(대학별),부교수,재직,고전산문,고전산문 (고소설),고려대학교,박사,金芝延,Kim Jiyeon
10126035,ok,박윤경,여,*****,청주교육대학교(연계),*****,*****,사회교육학,일반사회교육,서울대학교,박사,*****,
10126065,private,,,,,,,,,,,,
10126150,ok,이동혁,남,*****,부산교육대학교(연계),*****,*****,의미론(국어학),문법론,고려대학교,박사,*****,*****
10126271,ok,김승민,여,1974,서울대학교,강의교수,재직,현대소설(국문학),작가론 소설이론 비평론,서울대학교,박사,金承玟,Seungmin Kim
10126299,ok,김종욱,남,*****,서울대학교(연계),*****,*****,현대소설(국문학),현대소설,서울대학교,박사,*****,*****
10126300,ok,박찬효,여,1979,이화여자대학교,연구원,미취업,현대소설(국문학),현대문학비평,이화여자대학교,박사,,Park Chan Hyo
10126405,ok,김충명,남,1968,광주대학교(대학별),교수,재직,신경인지과학,인지신경언어학,서울대학교,박사,金忠明,Choong -Myung Kim
10126452,private,,,,,,,,,,,,
10126530,ok,임채성,남,1969,立敎大學,교수,재직,경제사/학사,동아시아경제사,東京大學,박사,林采成,Chaisung Lim
10126716,ok,남은경,여,*****,고려사이버대학교(대학별),*****,*****,국문학,"한국한문학(한시,한문산문)",이화여자대학교,박사,,*****
10126857,ok,민경석,남,1969,세종대학교(연계),교수,재직,교육평가,"교육 측정,통계",Michigan State Univ.,박사,,"Min, Kyung-Seok"
10126866,ok,윤혜준,여,1972,고려대학교,연구교수,재직,역사/비교언어학,"인구어비교언어학, 게르만어학, 독어사, 고트어",Universitaet Wien,박사,尹惠俊,Hyejoon Yoon
10126932,ok,김현경,여,1975,서울여자대학교(연계),조교수,재직,성(sexuality),문화연구,이화여자대학교,박사,金鉉卿,"Kim, Hyun-Gyung"
10127021,ok,이민원,남,1955,원광대학교,초빙교수,퇴직,한국근대사,한국근대외교사,한국학중앙연구원,박사,李玟源,Lee Minwon
10127070,ok,홍기정,남,1972,고려대학교,강사,재직,현대소설(국문학),현대소설,고려대학교,박사,,Kijeong Hong
10127075,ok,이은경,여,1967,충북대학교,강사,재직,고전산문,고소설,충북대학교,박사,,Eunkyoung-Lee
10127078,ok,신현규,남,1965,중앙대학교(연계),부교수,재직,고전시가,고전문학 시가전공 서사시,중앙대학교,박사,申鉉圭,Shin hyun gyu
10127340,ok,남민우,남,1972,한국교육과정평가원,연구위원,재직,국어교육학,현대시,서울대학교,박사,南旼祐,Minwoo Nam
10127371,ok,최현희,남,1978,한국외국어대학교,부교수,재직,현대소설(국문학),한국현대소설,"University of California, Irvine",박사,崔賢熙,Hyonhui Choe
10127382,ok,엄현섭,남,*****,강원대학교 강원문화연구소,*****,*****,비교문학(국문학),동아시아 미디어 문학,성균관대학교,박사,*****,*****
10127415,ok,이현우,남,*****,명지대학교,*****,*****,,,성균관대학교,박사수료,*****,*****
10127531,ok,안경화,여,1962,서울대학교,대우교수,재직,언어교육,"한국어 교육, 의미론, 문법, 화용론",서울대학교,박사,,Kyung-Hwa Ahn
10127545,ok,박찬모,남,1971,국립순천대학교,조교수,재직,문학비평(국문학),문학비평(국문학),전남대학교,박사,朴燦謨,PARK CHANMO
10127683,ok,박석,남,1959,상명대학교,교수,재직,중국문화학,중국문화학,서울대학교,박사,朴錫,PARK SEOK
10127694,ok,이용현,남,1963,경북대학교 인문학술원,연구교수,재직,한국고대사,"목간, 금석문",고려대학교,박사,李鎔賢,Yonghyeon Lee
10127702,ok,신원철,남,1972,안양대학교(연계),조교수,재직,기타중문학,중어중문학과,서울대학교,박사,申杬哲,Shin Wonchul
10127805,ok,이미향,여,1972,영남대학교(연계),교수,재직,한국어교육학,"한국어 발음교육, 교재론",경북대학교,박사,李美香,Lee Mihyang
10127876,ok,정래필,남,*****,영남대학교(연계),*****,*****,국어교육학,현대소설교육,서울대학교,박사,*****,*****
10127910,ok,이종은,여,*****,Yale Univ.,*****,*****,,,상명대학교,박사수료,,*****
10127916,ok,안정호,남,*****,경인교육대학교(연계),*****,*****,한국어교육학,교육과정 및 교수법,한양대학교,박사,*****,*****
10127971,ok,류시영,남,1976,한라대학교(대학별),부교수,재직,관광행동/심리,관광행동/심리,경기대학교,박사,,syryu
10127982,ok,김정숙,여,1971,울산대학교,연구교수,재직,중국고전문학,"위진명사, 명대강남문인",國立臺灣大學,박사,金貞淑,KimJeongSuk
10128004,ok,박옥수,여,1954,영남대학교,교수,퇴직,번역,번역물의 오류 분석,The University of Auckland,박사,朴玉洙,"Park, Ock Sue"
10128067,ok,이철,남,1963,동양대학교,교수,재직,사회이론/사상사,사회이론,Univ. Bielefeld,박사,李哲,Chul Lee
10128079,ok,김원중,남,*****,단국대학교(연계),*****,*****,중국고전문학,중국고전문학,성균관대학교,박사,*****,*****
10128203,ok,김호정,여,1969,서울대학교(연계),교수,재직,한국어교육학,한국어(L2)습득,서울대학교,박사,金祜廷,"Kim, Hojung"
10128219,ok,손봉기,남,1970,서원대학교(연계),조교수,재직,인공지능시스템및응용,인공지능시스템및응용,충북대학교,박사,,son
10128263,private,,,,,,,,,,,,
10128342,ok,박홍규,남,1961,고려대학교(연계),교수,재직,한국정치사상,"동양정치사상, 한국정치사상, 일본정치사상",東京大學,박사,朴鴻圭,"Park, Hong Kyu"
10128394,ok,김소영,여,1966,서정대학교(대학별),,재직,한국어교육학,화용론,Sofiiski Univ. 'Sveti Kliment Ohridsky' (St Kliment Ohridsky Univ. of Sofia),박사,,Soyoung Kim
10128408,ok,전용호,남,1968,고려대학교,강사,재직,문학비평(국문학),비평사,고려대학교,박사,全庸鎬,Yongho Jeon
10128537,ok,정영숙,여,1964,한국항공대학교,조교수,재직,교수이론/교육방법/교수법,"원격교육, 교육매체, 교육방법",Univ. of North Carolina at Chapel Hill,박사,鄭英淑,Young-Sook Jung
10128645,ok,최흥렬,남,1971,서원대학교(연계),교수,재직,멀티미디어/컴퓨터그래픽디자인,"Website, Game, CD-Rom Title, 가상현실",한양대학교,석사,崔興烈,Heungyeol Choi
10128646,ok,이현주,여,1973,인천대학교(연계),부교수,재직,의미론(프랑스어학),"어휘의미론, 전문용어론, 사전학",Universite Paris 7,박사,李玹周,Hyunjoo LEE
10128662,ok,조윤재,남,1968,고려대학교(연계),교수,재직,동양고고학,중국고고학,北京大學,박사,趙胤宰,CHO YUN JAE
10128666,ok,윤동환,남,1970,경상국립대학교(연계),조교수,재직,문화재학,민속예술,고려대학교,박사,尹東煥,Donghwan Yun
10128673,ok,이순진,여,1968,인하대학교 한국학연구소,연구교수,퇴직,동양/아시아영화,한국영화사,중앙대학교,박사,李順眞,Soonjin Lee
10128682,ok,조은숙,여,1964,연세대학교,연구교수,재직,한국어교육학,화용론,한국외국어대학교,박사,趙銀淑,Cho eunsuk
10128695,ok,양태영,여,1975,성균관대학교,초빙교수,재직,의미론(국어학),의미론,상명대학교,박사,梁泰榮,Yang tye-young
10128727,ok,박상준,남,1965,포항공과대학교(연계),교수,재직,현대소설(국문학),식민지시대 소설과 비평,서울대학교,박사,朴商準,Park SangJoon
10128749,ok,한모니까,여,1973,서울대학교(연계),HK교수,재직,한국현대사,한국현대사,가톨릭대학교,박사,,"Hahn, Monica"
10128763,ok,이시은,여,1972,연세대학교,강사,재직,현대소설(국문학),1950-60년대 문학,연세대학교,박사,李始恩,Shieun Lee
10128780,ok,박한상,남,1964,홍익대학교(연계),교수,재직,음성학(언어학),음향음성학 실험음성학,University of Texas at Austin,박사,,Hansang Park
10128791,ok,김의수,남,1972,한국외국어대학교,교수,재직,통사론(국어학),"한국어의 격, 조사, 의미역",고려대학교,박사,金毅洙,Ui Su Kim
10128831,ok,이주은,여,1969,건국대학교,교수,재직,미술사,현대미술사,이화여자대학교,박사,李周恩,"LEE, JOO EUN"
10128877,ok,한만수,남,1959,동국대학교,교수,재직,현대소설(국문학),"식민지시기 문학, 검열, 자본, 생태",동국대학교,박사,,"Han, Man-Soo"
10128948,ok,조명기,남,1967,부산대학교(연계),교수,재직,현대소설(국문학),현대문학,부산대학교,박사,曺鳴基,"Cho, Myung-Ki"
10128987,ok,김은경,여,*****,,,,한문교육,조선시대 독서론,한국교원대학교,박사,*****,*****
10129053,ok,오태영,남,1977,동국대학교,부교수,재직,현대소설(국문학),"한국근현대소설, 현대문학사, 동아시아 식민지문학, 문학지리학, 문화연구",동국대학교,박사,吳台榮,Taeyoung Oh
10129081,private,,,,,,,,,,,,
10129082,ok,안병섭,남,*****,고려대학교(연계),*****,*****,음운론(국어학),음운론/음성학,고려대학교,박사,*****,*****
10129125,ok,김희자,여,1968,충남대학교,강사,재직,한시,한국고전한시,단국대학교,박사,金姬子,Hee ja Kim
10129195,ok,이승연,여,1959,원광대학교,강사,재직,서예,"서예사, 서예미학,전각,금석학",원광대학교,박사,李昇姸,Lee Seoung Youn
10129239,ok,심영희,여,1947,한양대학교,명예교수,퇴직,가족여성,"성, 여성정책",Southern Illinois University - Carbondale,박사,沈英姬,"Shim, Young-Hee"
10129256,ok,김순배,남,1972,충청북도교육청,고등학교 교사,재직,문화지리,문화역사지리학 및 지명학,한국교원대학교,박사,金淳培,"Kim, Sun-Bae"
10129351,ok,정수진,여,1975,경북대학교,강사,재직,의미론(국어학),인지언어학,경북대학교,박사,鄭秀珍,
10129375,ok,배인교,여,1972,경인교육대학교 한국공연예술연구소,연구교수,재직,한국음악사,조선후기 음악 사회사,한국학중앙연구원,박사,裵仁敎,Ihngyo Bae
10129453,ok,조정민,여,1976,국립부경대학교(연계),교수,재직,일본문화학,"일본근현대문학,비평",九州大学,박사,趙正民,CHO JUNGMIN
10129467,ok,이상호,남,1970,서울대학교,연구원,재직,,,서울대학교,박사수료,李相浩,Sangho Lee
10129482,ok,윤인로,남,*****,동서대학교 동아시아연구원 중국연구센터,*****,*****,비교문학,비평이론,동아대학교,박사,*****,*****
10129511,ok,박대복,남,1951,중앙대학교,교수,퇴직,고전산문,고전소설,중앙대학교,박사,朴大福,Park Tae Bok
10129566,ok,박건숙,여,1975,상명대학교,조교수,재직,응용국어학,언어정보화,상명대학교,박사,朴建淑,"Park, Keon-Sook"
10129593,ok,김교식,남,1969,대전대학교(연계),조교수,재직,현대시(국문학),현대시,대전대학교,박사,金敎植,KyoShik Kim
10129691,ok,박소현,여,1968,영남대학교(연계),교수,재직,한국음악이론/분석,음악인류학,한양대학교,박사,朴昭鉉,PARK SO HYUN
10129759,ok,최홍원,남,1976,상명대학교(연계),교수,재직,국어교육학,문학교육,서울대학교,박사,崔洪元,"Choi, Hongwon"
10129802,private,,,,,,,,,,,,
10129804,ok,최지영,여,*****,단국대학교(연계),*****,*****,지역정치,중국 정치 및 대외관계,北京大學,박사,*****,*****
10129836,ok,허태구,남,*****,가톨릭대학교(연계),*****,*****,조선후기사,대외관계사,서울대학교,박사,*****,*****
10129869,ok,최승호,남,1956,서울과학기술대학교,교수,퇴직,현대시(국문학),한국현대시,서울대학교,박사,崔承浩,
10129879,ok,김종서,남,1964,한국학중앙연구원,전임연구원,재직,한시,한시,성균관대학교,박사,金鍾西,Kim jong-Seo
10129905,ok,용석원,남,1981,경동대학교,강사,재직,현대소설(국문학),현대소설,건국대학교,석사,龍錫元,sekwon young
10129915,ok,강연희,여,1982,한남대학교,대학원생,재직,,,한남대학교,학사,康蓮姬,Yeonhee Kang
10130045,ok,김현주,여,1970,국립한밭대학교(연계),교수,재직,일본어교육,"일본어교육, 응용언어학",東京學藝大學,박사,金 玄珠,kim hyon ju
10130052,ok,조정윤,여,1974,충남대학교(연계),부교수,재직,한문학,한문산문,고려대학교,박사,,CHO JEONG YUN
10130099,ok,강진숙,여,1968,중앙대학교(연계),교수,재직,비판커뮤니케이션,미디어교육론 및 뉴미디어 정책,Univ. Leipzig,박사,강진숙,Kang Jinsuk
10130103,ok,이재숙,여,1975,충남대학교 한자문화연구소,전임연구원,재직,한시,조선 한시,고려대학교,박사,李在淑,lee jae sook
10130137,private,,,,,,,,,,,,
10130165,ok,우지영,여,1979,경북대학교,강사,재직,한문산문,한문산문,경북대학교,박사,禹芝英,Woo Jee-young
10130178,ok,차인배,남,1969,연세대학교 법학연구원,연구교수,재직,조선후기사,조선시대 치안정책(포도청) 연구,동국대학교,박사,車仁培,Inbae Cha
10130181,ok,최영희,여,1971,서울과학기술대학교(연계),부교수,재직,현대희곡(국문학),현대희곡,고려대학교,박사,崔榮姬,Younghee Choi
10130188,ok,어강석,남,1968,충북대학교(연계),교수,재직,한시,고려시대 한문학,한국학중앙연구원,박사,魚江石,"Eo, Kang-seok"
10130202,ok,최숙이,여,1968,한국외국어대학교,강사,재직,의미론(언어학),수수보조동사문의 의미용법,한국외국어대학교,박사,崔淑伊,Choi Sook Yee
10130273,ok,정종수,남,*****,한양대학교(연계),*****,*****,의미론(국어학),"의미론, 화용론",한양대학교,박사,*****,*****
10130293,ok,이현재,여,1969,서울시립대학교(연계),교수,재직,여성철학,사회철학,Johann Wolfgang Goethe University,박사,,Hyun-Jae Lee
10130327,ok,김양희,여,1978,부산대학교,강사,재직,프랑스어교육,불어교육학,부산대학교,박사,金良姬,Yanghee Kim
10130336,ok,노석은,여,1977,고려대학교,,재직,,,,,,Noh Seok Eun
10130402,ok,한진일,남,1965,성균관대학교,초빙교수,재직,현대소설(국문학),현대소설,성균관대학교,박사,韓辰日,Jineel Han
10130408,ok,박종우,남,1970,고려대학교,강사,재직,한시,조선시대 한시,고려대학교,박사,朴鍾宇,Park Jong Woo
10130411,ok,임승범,남,*****,국립무형유산원,*****,*****,기타인문학,한국민속학,연세대학교,박사,*****,*****
10130476,ok,유정완,남,1962,경희대학교(연계),교수,재직,현대영미소설,"미국소설, 미국학",City University of New York,박사,柳正完,Yu Jung-wan
10130503,ok,국윤주,남,1974,전남대학교,연구원,퇴직,고전시가,고전시가,,,鞠潤周,Kuk Yun Ju
10130585,ok,손용택,남,1957,한국학중앙연구원,교수,재직,경제지리,농업지리,동국대학교,박사,孫龍澤,Yong-Taek Sohn
10130594,ok,최수현,여,*****,이화여자대학교(연계),*****,*****,고전산문,고전소설,이화여자대학교,박사,*****,*****
10130723,ok,조현우,남,1971,인천대학교(연계),교수,재직,고전산문,고소설,서강대학교,박사,趙顯雨,"Cho, Hyun Woo"
10130749,ok,김상숙,여,1962,성공회대학교 민주주의 연구소,기타,미취업,사회사/역사사회학,한국현대사/국가폭력,경북대학교,박사,金祥淑,KimSangSook
10130904,ok,추선진,여,1977,경희대학교,강사,재직,현대소설(국문학),현대소설비평,경희대학교,박사,秋善眞,chu sun jin
10131004,private,,,,,,,,,,,,
10131046,ok,김수연,여,1979,이화여자대학교(연계),부교수,재직,고려시대사,"사상사, 불교사",이화여자대학교,박사,金秀姸,Sooyoun Kim
10131304,ok,신선희,여,1966,한양대학교,연구교수,재직,교육평가,"교육평가, 통계, 수량분석법",THE UNIVERSITY OF TEXAS AT AUSTIN,박사,愼善姬,Seon-Hi Shin
10131320,ok,채현식,남,1965,국립군산대학교(연계),,재직,형태론(국어학),현대국어 조어론,서울대학교,박사,,"Chae, Hyun sik"
10131321,ok,이종호,남,1978,단국대학교,강사,재직,현대소설(국문학),문학제도/문학사/문학정전화,동국대학교,박사,李宗浩,Jongho Lee
10131338,ok,전병철,남,1972,경상국립대학교(연계),교수,재직,한국경학,"조선후기 유학사상(성리학, 경학)",경상국립대학교,박사,,"Jun, byung-chol"
10131341,ok,김인회,남,1975,한국학중앙연구원,연구원,재직,고전산문,고소설,한국학중앙연구원,박사,金仁會,Inhoi kim
10131463,ok,채길순,남,1955,명지전문대학(연계),교수,재직,현대소설(국문학),소설창작,청주대학교,박사,蔡吉淳,Chae Gil-Soon
10131644,ok,이우종,남,1975,영남대학교(연계),교수,재직,건축계획 및 설계,건축 역사 및 이론,서울대학교,박사,李雨鍾,"Lee, Woo-Jong"
10131799,private,,,,,,,,,,,,
10131815,ok,김성렬,남,1954,대진대학교(연계),교수,,현대소설(국문학),"소설비평, 창작",고려대학교,박사,金聖烈,Kim Sung-youl
10131870,ok,육영주,여,1976,한양대학교,강사,재직,화용론(언어학),대화분석,한양대학교,박사,陸英珠,Yeongju Yuk
10131885,ok,최성윤,남,1971,신한대학교(대학별),조교수,재직,현대소설(국문학),현대소설,고려대학교,박사,崔城崙,Choi Sung Yun
10131920,ok,정영훈,남,1973,경상국립대학교(연계),교수,재직,현대소설(국문학),해방 이후 한국 현대소설,서울대학교,박사,鄭英勳,Young-Hoon Jeong
10131977,ok,양흥숙,여,1971,부산대학교(연계),교수,재직,조선후기사,한일관계사,부산대학교,박사,,
10132040,ok,백경미,여,*****,서정대학교(대학별),*****,*****,음운론(국어학),"음운, 음성,한국어교육",한양대학교,박사,,*****
10132041,ok,김선화,여,1978,한양대학교,강사,재직,화용론(국어학),화용론,한양대학교,박사,金善花,Sunhwa Kim
10132055,ok,한재표,남,*****,성균관대학교,*****,*****,한시,근대전환기 한시,성균관대학교,박사,*****,*****
10132170,ok,안세현,남,*****,강원대학교(연계),*****,*****,한문산문,한문산문 및 한문교육,고려대학교,박사,*****,*****
10132179,ok,김양진,남,1966,경희대학교(연계),교수,재직,국어사,형태통사론,고려대학교,박사,金亮鎭,KIM RYANGJIN
10132199,ok,김소은,여,*****,숙명여자대학교 교양교육연구소,*****,*****,현대희곡(국문학),"TV 드라마, 영화, 연극 , 희곡",숙명여자대학교,박사,*****,*****
10132255,ok,김보현,남,1967,국민대학교,강사,퇴직,한국정치경제,한국정치,성균관대학교,박사,金寶賢,Kim Bo Hyeon
10132312,ok,고대영,남,*****,성균관대학교,*****,*****,,,성균관대학교,,*****,*****
10132313,ok,김일렬,남,1943,경북대학교,명예교수,재직,고전산문,고전소설,서울대학교,박사,金一烈,IIlyul Kim
10132330,ok,오세정,남,1970,충북대학교(연계),교수,재직,구비문학(국문학),구비문학,서강대학교,박사,吳世晶,"Oh, Se-jeong"
10132525,ok,신승훈,남,*****,경성대학교,*****,*****,한문비평,조선조 문학론 및 지성사,고려대학교,박사,*****,*****
10132562,private,,,,,,,,,,,,
10132564,ok,김유진,여,*****,한양대학교,*****,*****,,,한양대학교,박사수료,*****,*****
10132724,ok,장세진,여,1971,한림대학교(연계),교수,재직,현대소설(국문학),1950년대 문학 및 문화 연구,연세대학교,박사,,
10132814,ok,신상구,남,1965,위덕대학교(연계),부교수,재직,작가론,"고전시가, 문학사상, 한문학",동국대학교,박사,申相球,"Shin, Sang-Goo"
10132880,ok,박훈하,남,1961,경성대학교,교수,재직,문학비평(국문학),한국소설문학의 근대성,부산대학교,박사,朴勳夏,Hunha Bak
10132908,ok,최경춘,남,1967,동국대학교,초빙교수,재직,산문,서예론과 한문학실천론,부산대학교,박사,崔慶春,kyengchun choi
10132927,ok,이경구,남,1966,한림대학교(연계),교수,재직,조선후기사,"조선후기 정치, 사상사",서울대학교,박사,李坰丘,Lee Kyungku
10133051,ok,김희정,여,1979,이화여자대학교,강사,재직,현대시(국문학),현대시,이화여자대학교,박사,金希貞,"Heejeong, Kim"
10133145,ok,박기수,남,1966,한양대학교(연계),교수,재직,기타인문학,문화콘텐츠스토리텔링,한양대학교,박사,朴己洙,Park ki soo
10133284,ok,김영옥,여,1958,한국여성정책연구원,연구위원,재직,,,고려대학교,박사,,Young Ock Kim
10133422,ok,김헌주,남,1979,국립한밭대학교(연계),조교수,재직,한국근대사,한국근대 사회운동사,고려대학교,박사,,Kim Hunjoo
10133475,ok,배규범,남,1970,대구사이버대학교,강사,재직,운문,한국한문학,경희대학교,박사,裵圭範,Bae Kuy-Beom
10133501,ok,장지연,여,1974,대전대학교(연계),교수,재직,조선전기사,도시사,서울대학교,박사,張志連,Jiyeon Jang
10133529,ok,김금숙,여,1975,상지대학교(연계),조교수,재직,구비문학(국문학),구비문학,강원대학교,박사,,Gumsuk kim
10133530,ok,이광형,남,1971,강원대학교,강사,재직,현대시(국문학),한국 현대시,강원대학교,박사,李光衡,Kwanghyung Lee
10133541,ok,문만용,남,1968,전북대학교(연계),교수,재직,과학기술사,한국과학사,서울대학교,박사,文晩龍,"Moon, Manyong"
10133626,ok,김형찬,남,1963,고려대학교(연계),교수,재직,한국철학일반,한국유학 및 한국근현대철학,고려대학교,박사,金炯瓚,Kim Hyoungchan
10133671,ok,김일환,남,1971,성신여자대학교(연계),부교수,재직,국어정보학,코퍼스언어학/디지털인문학/국어문법,고려대학교,박사,,"KIM, ILHWAN"
10133741,ok,김지영,여,1971,대구가톨릭대학교,교수,재직,현대소설(국문학),한국 현대소설,고려대학교,박사,,Chiyoung Kim
10133842,ok,김원희,여,1965,(사)한국대학교육협의회,회원,퇴직,현대소설(국문학),"소설이론, 현대소설비평, 작가론",전남대학교,박사,,Won Hee Kim
10133860,private,,,,,,,,,,,,
10133968,ok,김원미,여,1961,선문대학교,부교수,재직,대조언어,한일복합어대조연구,한국외국어대학교,박사,金元美,Won-mi Kim
10134098,ok,최성열,남,1973,경북과학대학교,부교수,재직,교육평가,교육평가,계명대학교,박사,,Choi Sung Yeol
10134334,ok,조규태,남,1946,경상국립대학교,교수,퇴직,음운론(국어학),국어사,대구가톨릭대학교,박사,曺圭泰,Cho Gyu-Tae
10134460,ok,송현주,여,1978,경북대학교(연계),부교수,재직,의미론(국어학),인지언어학,경북대학교,박사,宋賢珠,Song Hyun Ju
10134507,ok,장경희,여,1960,한서대학교,교수,재직,미술사,한국공예사,홍익대학교,박사,張慶姬,KyungHee Jang
10134524,ok,이정화,여,1977,연세대학교 생명시스템연구원,연구원,재직,분자세포생물,암세포생물학,한국외국어대학교,석사,,Lee Jung Hwa
10134567,ok,장재익,남,1979,민족문화추진회,,,한문교육,한문교육,,,張載翼,Jnag Jai Ik
10134602,ok,김정수,여,1968,이화여자대학교 통일학연구원,연구위원,재직,연극연출/연기,북한 문화예술/공연예술/연기 연출,이화여자대학교,박사,金貞洙,Kim Jeong Soo
10134665,ok,강상진,남,1954,연세대학교(연계),교수,재직,교육평가,교육측정.평가 및 연구방법론,Michigan State Univ.,박사,,Sang-Jin Kang
10134674,ok,이은섭,남,*****,울산대학교(연계),*****,*****,통사론(국어학),통사론,서울대학교,박사,*****,*****
10134809,ok,나민애,여,1979,서울대학교,강의교수,재직,현대시(국문학),현대문학 시전공,서울대학교,박사,羅民愛,min ae Ra
10134865,private,,,,,,,,,,,,
10134889,ok,이봉범,남,1966,성균관대학교,초빙교수,재직,현대소설(국문학),현대소설,성균관대학교,박사,이봉범,Lee Bong Beom
10134917,ok,박정하,남,1961,성균관대학교(연계),교수,재직,서양철학,"학술적 글쓰기, 철학 교육, Kant  및 서양근세철학",서울대학교,박사,朴正夏,"PARK, JUNG HA"
10134972,private,,,,,,,,,,,,
10135006,ok,신성환,남,*****,한양대학교(연계),*****,*****,소설,현대소설장르론,한양대학교,박사,*****,*****
10135032,ok,장소진,여,1966,동덕여자대학교,조교수,재직,현대소설(국문학),서사학,서강대학교,박사,,"Jang, So-Jin"
10135052,ok,오윤선,여,*****,한국교원대학교(연계),*****,*****,고전산문,"고전서사, 문학교육",고려대학교,박사,*****,*****
10135090,ok,서진영,여,1979,건국대학교,,재직,,,경북대학교,석사,徐珍瑩,Seo Jin young
10135105,ok,김현정,여,*****,인하대학교(연계),*****,*****,조직행동,인사 조직,Univ. of Warwick,박사,*****,*****
10135114,ok,함성민,남,1974,동국대학교,강사,퇴직,,,동국대학교,박사,함성민,hamseongmin
10135122,ok,이은주,여,1971,가톨릭관동대학교(연계),조교수,재직,문학비평(국문학),현대문학비평,이화여자대학교,박사,李銀珠,"Lee, Eun-ju"
10135148,ok,조혁상,남,1976,성균관대학교,기타,재직,한문학,조선도검문학,성균관대학교,박사,趙赫相,HyukSang Cho
10135272,ok,한수영,여,1967,중앙대학교(연계),부교수,재직,현대시(국문학),한국근대시와 운율  / 한일 비교문학,이화여자대학교,박사,韓 秀 暎,한수영(Han soo young)
10135341,ok,박인옥,여,1970,강원대학교(연계),교수,재직,사회교육학,일반사회,서울대학교,박사,朴仁玉,Park In Ock
10135432,ok,배은영,여,1981,서울대학교(연계),조교수,재직,한국어교육학,한국어(L2) 습득 및 화용론,University of California at LA,박사,裵恩英,"Bae, Eun Young"
10135441,private,,,,,,,,,,,,
10135496,ok,박준상,남,1966,숭실대학교(연계),교수,재직,예술철학,프랑스철학,Univ. de Paris VIII (Vincennes-Saint-Denis),박사,,Joonsang Park
10135556,ok,이상호,남,1972,국방부군사편찬연구소,선임연구원,재직,한국현대사,한국현대사,한국학중앙연구원,박사,李相昊,Sangho Lee
10135640,ok,주경미,여,1968,단국대학교,,재직,통사론(언어학),통사의미론,단국대학교,박사,朱庚美,Ju Kyoung Mi
10135703,ok,김민진,여,1969,중앙대학교(연계),교수,재직,유아교육,유아언어발달,Univ. of California at Santa Barbara,박사,金珉眞,Kim Minjin
10135747,ok,이현중,남,1959,충남대학교(연계),교수,재직,동양철학,한국철학(경학),충남대학교,박사,李鉉中,"Lee, Hyun Jung"
10136018,ok,이정은,남,1961,영남대학교,강사,재직,현대소설(국문학),일제강점기 소설,영남대학교,박사,李政殷,Jeoneun Lee
10136067,private,,,,,,,,,,,,
10136075,ok,윤재연,여,*****,호서대학교(연계),*****,*****,의미론(국어학),텍스트 언어,건국대학교,박사,*****,*****
10136085,ok,김동석,남,1952,한국학중앙연구원,전임연구원,퇴직,문화사(역사학),고문서학(고문헌관리학),한국학중앙연구원,박사,金東錫,Dongsurk Kim
10136207,ok,김순미,여,1965,(재) 한국국학진흥원,전임연구원,재직,기타불교학,불교문학,경성대학교,박사,金純美,soonmi  kim
10136210,ok,노지승,여,1973,인천대학교(연계),교수,재직,현대소설(국문학),근대 소설 (해방이전),서울대학교,박사,盧志昇,Roh Jiseung
10136300,ok,배연형,남,1957,한국예술종합학교,강사,재직,고전시가,"판소리사 및 이론, 판소리계 소설, 한국음반학",동국대학교,박사,裵淵亨,Bae Yeon-hyung
10136309,ok,김성조,남,*****,연세대학교 언어연구교육원 한국어학당,*****,*****,통사론(스페인어학),접속법 연구,한국외국어대학교,박사,,*****
10136311,ok,최성규,남,*****,,*****,*****,국어사,국어사,서울대학교,박사,*****,*****
10136317,ok,강숙아,여,1957,중앙대학교,부교수,재직,문학이론,소설이론,중앙대학교,박사,姜淑娥,kangsuka
10136336,ok,고은지,여,*****,고려대학교,*****,*****,인문학,근세시가,고려대학교,박사,*****,*****
10136337,ok,박진영,남,1972,성균관대학교(연계),부교수,재직,번역문학,동아시아번역문학,연세대학교,박사,朴珍英,"PARK, JIN YOUNG"
10136344,ok,김덕신,여,1970,충남대학교,강사,재직,형태론(국어학),"국어학(형태론), 한국어교육학",충남대학교,박사,김덕신,Deokshin Kim
10136378,ok,장은하,여,1972,고려대학교,강사,재직,의미론(국어학),어휘분절구조연구,고려대학교,박사,,Eunha Jang
10136482,ok,이명자,여,1970,목원대학교,강사,재직,영화이론,북한영화,동국대학교,박사,이명자,lee myung-ja
10136488,ok,홍석준,남,1976,한림대학교(연계),조교수,재직,형태론(국어학),어휘형태론,서울대학교,박사,洪晳俊,HONG SEOK JUN
10136491,ok,최소영,여,1982,부산대학교(연계),조교수,재직,국어교육,문법교육(국어사),서울대학교,박사,,Soyoung Choi
10136498,ok,박정화,여,1980,서정대학교,조교수,재직,한국어교육학,한국어교육,연세대학교,박사,朴淨華,"Park, Jeong Hwa"
10136592,ok,권경열,남,1968,한국고전번역원,책임연구원,재직,한문학,조선조 한시,한국학중앙연구원,박사수료,權敬烈,Kwon Kyoung Yeol
10136625,ok,조은하,여,1973,강원대학교(연계),교수,재직,영상문학,시나리오/스토리텔링,고려대학교,박사,曺銀河,"Cho, Eun Ha"
10136656,ok,김기란,여,1968,연세대학교,강사,재직,연극일반,"한국연극사, 현대연극이론, 희곡론, 문화예술교육",연세대학교,박사,김기란,Kiran Kim
10136752,ok,이청,여,1978,순천향대학교(연계),부교수,재직,현대소설(국문학),현대소설,고려대학교,박사,李淸,Lee Cheong
10136782,ok,김태훈,남,1972,원광대학교,책임연구원,재직,응용불교학,지장신앙,원광대학교,박사,金泰訓,Taehun Kim
10136786,ok,구인회,여,1953,가톨릭대학교,교수,퇴직,윤리학,생명윤리,Georg-August Univ. Goettingen,박사,具仁會,Ku In-Hoe
10136807,ok,천현숙,여,*****,세명대학교(대학별),*****,*****,기타사회과학,광고 홍보,중앙대학교,박사,*****,*****
10136831,private,,,,,,,,,,,,
10136890,ok,김영진,남,1965,동국대학교(대학별),조교수,재직,서양철학일반,"현상학, 인지철학, 종교철학",State University of New York at Buffalo,박사,,Youngjin Kiem
10136899,ok,위평량,남,1959,,,,,,전남대학교,박사,,wi pyeong ryang
10136915,ok,원종찬,남,1959,인하대학교(연계),명예교수,재직,아동문학,"아동문학작가론, 아동문학평론",인하대학교,박사,元鍾讚,WONJONGCHAN
10136932,ok,류희식,남,1973,영남대학교,강사,재직,현대소설(국문학),현대소설,경북대학교,박사,柳喜植,Heesik Ryu
10137026,ok,문화,여,1981,서울대학교,강사,재직,비교문학,현대소설,서울대학교,박사,文化,Moon Hwa
10137040,ok,최영호,남,1959,해군사관학교,명예교수,재직,현대소설(국문학),"현대문학비평, 해양문학",고려대학교,박사,崔榮鎬,Youngho Choi
10137107,ok,박소현,여,*****,성균관대학교(연계),*****,*****,비교문학(중문학),"동아시아 및 한중 비교문화, 한중고전소설",Univ. of Michigan,박사,*****,*****
10137119,ok,심영덕,남,1961,경운대학교,조교수,재직,소설,현대소설,영남대학교,박사,,young-deuk shim
10137159,ok,김미형,여,1959,상명대학교(연계),교수,재직,국어사,문체론,한양대학교,박사,金美亨,KIM MI-HYOUNG
10137245,ok,박선희,여,1974,영남대학교,강사,재직,,,영남대학교,박사,,Sunhee Park
10137288,ok,주재우,남,1976,전북대학교(연계),교수,재직,국어교육학,국어교육,서울대학교,박사,朱才佑,Joo Jae woo
10137304,ok,안상원,여,1981,이화여자대학교(연계),조교수,재직,현대시(국문학),한국현대시,이화여자대학교,박사,安祥媛,"AHN, Sang-Won"
10137318,ok,백민정,여,1977,국립한밭대학교,강사,재직,구비문학,구비문학,충남대학교,박사,白旼貞,Minjeong Baek
10137363,ok,손미영,여,1962,광운대학교(연계),교수,재직,,,성신여자대학교,박사,孫美英,"Son, Mi-young"
10137488,ok,강정구,남,*****,성결대학교(연계),*****,*****,현대시(국문학),현대시,경희대학교,박사,*****,*****
10137498,ok,은수미,여,*****,,*****,*****,산업/노동사회학,한국노동사와 노동운동,서울대학교,박사,*****,*****
10137538,ok,원주용,남,1968,성균관대학교,책임연구원,재직,한문산문,한문산문,성균관대학교,박사,元周用,Juyong Won
10137547,ok,서연주,여,1973,국민대학교(연계),조교수,재직,국문학,현대문학,국민대학교,박사,徐延宙,"Seo, Yeon Ju"
10137635,ok,강옥희,여,1965,상명대학교(연계),부교수,재직,국문학,현대소설,상명대학교,학사,姜玉姬,"KANG, OKHEE"
10137639,ok,서정석,남,1968,국립공주대학교(연계),교수,재직,,,한국학중앙연구원,박사,서정석,Seo  Jeong  Seog
10137651,ok,박대아,남,1973,우석대학교(대학별),조교수,재직,음운론(국어학),음운론,고려대학교,박사,朴大我,"Park, Dae Ah"
10137666,ok,정유진,여,1973,고려대학교(연계),부교수,재직,인지언어학,"의미론, 인지언어학, 코퍼스언어학",University of Illinois at Urbana - Champaign,박사,鄭有珍,EUGENE CHUNG
10137788,ok,구기연,여,1977,서울대학교(연계),HK교수,재직,기타인류학,"심리인류학. 중동,이슬람연구",서울대학교,박사,Gi Yeon Koo,Gi Yeon Koo
10137801,private,,,,,,,,,,,,
10137956,ok,설동훈,남,1964,전북대학교(연계),교수,재직,인구/노인/지역사회학,경제적 전지구화,서울대학교,박사,薛東勳,Seol Dong Hoon
10137957,ok,이지원,여,*****,한국교원대학교,*****,*****,국어교육,작문교육,한국교원대학교,석사,*****,*****
10138039,ok,김건우,남,1970,전주대학교(연계),교수,재직,기타한국사,고문서학,한국학중앙연구원,박사,金建佑,Kim Kunwoo
10138142,ok,홍승태,남,1971,경희대학교(연계),교수,재직,중국중세사2(송요금원),宋代思想史,河北大學,박사,洪承兌,Hong Seung Tae
10138253,ok,이홍식,남,*****,국립경국대학교(연계),*****,*****,한문산문,조선 후기 한문산문 및 산문비평,한양대학교,박사,*****,*****
10138257,ok,김정은,여,1981,동아대학교,강사,재직,고전산문,고전소설,동아대학교,박사수료,金正恩,kim Joung Eun
10138317,ok,곽노봉,남,1954,동방문화대학원대학교,교수,재직,서예,서예이론,中國美術學院,박사,郭魯鳳,Kwag noh bong
10138325,ok,최금단,여,1970,대진대학교(연계),교수,재직,음성/음운론(중국어학),"한중 대조 언어학(음성학, 어휘학)",성균관대학교,박사,崔金丹,Choe Geum-Dan
10138357,ok,조유영,남,1977,제주대학교(연계),부교수,재직,고전시가,고전시가,경북대학교,박사,曺有泳,JO YU YOUNG
10138367,ok,이명호,여,1963,경희대학교(연계),교수,재직,현대영미소설,20세기 미국소설,State University of New York at Buffalo,박사,李明昊,Myungho Lee
10138378,private,,,,,,,,,,,,
10138384,ok,이미정,여,1975,중부대학교,조교수,재직,현대소설(국문학),"현대소설, 비평, 수사학",서강대학교,박사,李美晶,mijung lee
10138397,ok,조연정,여,1977,서울대학교,강의교수,재직,현대시(국문학),한국현대시와 비평,서울대학교,박사,曺淵正,Yeonjung Cho
10138592,ok,차준경,여,1969,한양대학교,강사,재직,의미론(국어학),어휘의미론,고려대학교,박사,車濬卿,Joon-Kyung Cha
10138620,ok,이명귀,여,1971,경희대학교,객원교수,재직,현대소설(국문학),여성 문학 A110211,경희대학교,박사,李命貴,Myunggwi Lee
10138689,private,,,,,,,,,,,,
10138699,ok,임경순,여,1965,성균관대학교,강사,재직,현대소설(국문학),해방 이후 소설,성균관대학교,박사,林京順,"Lim, Kyoung-Soon"
10138803,ok,이미혜,여,*****,이화여자대학교(연계),*****,*****,한국어교육학,한국어문법교육,이화여자대학교,박사,*****,*****
10138818,ok,김지형,남,1966,서원대학교(연계),조교수,재직,한국현대사,남북관계사,한양대학교,박사,金志炯,Kim Ji Hyung
10138892,ok,한명섭,남,1973,가천대학교(연계),조교수,재직,현대소설(국문학),현대소설,가천대학교,박사,韓明燮,Han Myung Seop
10138896,ok,허윤진,여,*****,한국외국어대학교,*****,*****,문학비평(국문학),수사학 및 비평,서강대학교,,,*****
10138898,ok,차재은,여,1967,경기대학교(연계),교수,재직,국어사,국어음운론,고려대학교,박사,,Cha Jaeeun
10138968,ok,박은태,남,1967,부산대학교,강사,퇴직,현대소설(국문학),1960년대 소설,부산대학교,박사,朴垠泰,Euntae Park
10138984,ok,고병권,남,1971,고려대학교 민족문화연구원,연구교수,재직,사회이론/사상사,사회이론/사상사,서울대학교,박사,,
10138987,ok,주은선,여,1972,경기대학교(연계),교수,재직,사회복지정책,"복지국가, 복지정치, 연금",서울대학교,박사,,Eunsun Joo
10138994,ok,이하준,남,1945,가톨릭대학교(연계),명예교수,재직,국어학,,명지대학교,박사,李河俊,Ha-Jun Lee
10138995,ok,권선경,여,1979,덕성여자대학교(연계),조교수,재직,구비문학,구비문학 민속학,고려대학교,박사,,Kwon Sun Kyung
10139027,ok,이승원,남,1973,인천대학교,초빙교수,재직,현대소설(국문학),근대계몽기 서사문학,인천대학교,박사,李承元,seungwon lee
10139047,ok,이동순,남,1950,영남대학교,교수,퇴직,문학비평(국문학),"한국현대문학사론, 한국현대시론, 한국가요사론",경북대학교,박사,李東洵,"Lee, Dong Soon"
10139062,ok,공성수,남,*****,경기대학교(연계),*****,*****,현대소설(국문학),"현대소설, 소설과 삽화의 미학연구",서강대학교,박사,*****,*****
10139077,ok,조경덕,남,1975,평택대학교,부교수,재직,현대소설(국문학),개화기 소설,고려대학교,박사,趙庚德,Kyoungduk Cho
10139126,private,,,,,,,,,,,,
10139129,ok,신은주,여,1975,전북대학교(연계),교수,재직,한국음악이론/분석,국악이론(민속악),서울대학교,박사,申銀珠,Shin Enu Joo
10139199,ok,최영미,여,1969,경동대학교(연계),부교수,재직,음운론(국어학),"음운론, 음운사",건국대학교,박사,崔英美,Choi Young-mi
10139246,ok,김현주,여,1975,경희대학교,강사,재직,고전산문,고전소설,경희대학교,박사,金賢珠,Kim Hyun-Joo
10139271,ok,권정은,여,1971,우석대학교(대학별),조교수,재직,고전시가,자연시가,서울대학교,박사,權正殷,Kwon Jung-eun
10139272,ok,이병순,여,1964,한국공학대학교(연계),부교수,재직,소설,해방기 소설,숙명여자대학교,박사,李炳順,Lee Byungsoon
10139300,ok,지신호,남,1977,웅지세무대학교(대학별),부교수,재직,한문학,한문 비평,서강대학교,박사수료,池信昊,Ji Shin Ho
10139320,ok,이승후,남,1959,재능대학교,부교수,재직,,,명지대학교(서울캠퍼스),박사,李承厚,Seunghoo Lee
10139328,ok,김용흠,남,1957,연세대학교,연구원,재직,조선후기사,"정치사, 정치사상사",연세대학교,박사,金容欽,Kim Yong-Heum
10139405,ok,김권동,남,1971,대구한의대학교(연계),조교수,재직,현대시(국문학),율격론,영남대학교,박사,金權東,
10139431,ok,소신애,여,*****,이화여자대학교(연계),*****,*****,음운론(국어학),"통시음운론, 방언음운론",서강대학교,박사,*****,*****
10139433,ok,김남미,여,1968,홍익대학교(연계),부교수,재직,언어교육,"국어교육(문법, 작문), 대학교육",서강대학교,박사,,Kim Nammee
10139444,ok,최은숙,여,*****,경북대학교(연계),*****,*****,고전시가,"고전시가, 민요",경북대학교,박사,,*****
10139554,ok,왕한석,남,1950,서울대학교,교수,퇴직,언어인류학,"사회언어학, 인류언어학, 민족언어학, 인지인류학","Univ. of California, Los Angeles",박사,王翰碩,"Wang,   Hahn-Sok"
10139571,ok,한민섭,남,1975,고려대학교,전문위원,재직,한문산문,"산문, 경학, 지성사",고려대학교,박사,,Minsub Han
10139614,ok,임종명,남,*****,전남대학교(연계),*****,*****,한국현대사,국가(대한민국) 민족주의(한국) 문화,Univ. of Chicago,박사,*****,*****
10139745,private,,,,,,,,,,,,
10139828,private,,,,,,,,,,,,
10139961,ok,이현숙,여,1967,한국연구재단,기타,미취업,기타인문학,20세기 현대문학,Moscow State University,박사,李賢淑,Hyunsuk Lee
10139974,ok,박경래,남,1958,세명대학교,교수,재직,방언학(국어학),"음운론, 방언학, 사회언어학",서울대학교,박사,朴麖來,"Park, Kyeong-Rae"
10140020,ok,김종덕,남,1963,연세대학교,강사,미취업,음성학(국어학),실험음성학,Universite Paris 7,박사,金鍾德,KIM Chongdok
10140030,ok,강현자,여,1965,계명대학교(연계),조교수,재직,한국어와문학,한국어교육학,계명대학교,박사,姜賢子,"Kang, Hyunja"
10140047,private,,,,,,,,,,,,
10140109,ok,황의열,남,1954,경상국립대학교,명예교수,퇴직,한문산문,한문문체론,성균관대학교,박사,黃義洌,Hwang Eui-Yeol
10140141,ok,김은영,여,1971,경희대학교,강사,재직,현대시(국문학),현대시,아주대학교,박사,金恩怜,kim eun young
10140142,ok,조형래,남,1977,동국대학교(대학별),조교수,재직,현대소설(국문학),"근대계몽기, 신소설, 문학과 과학",동국대학교,박사,,Cho Hyungrae
10140166,ok,정영실,여,1981,경상국립대학교,강사,재직,한문산문,동아시아 문화교섭학,關西大學,박사,鄭英實,youngsil jeong
10140206,ok,심지현,여,*****,서원대학교,*****,*****,현대소설(국문학),1970년대 소설,대구가톨릭대학교,박사,*****,*****
10140262,ok,김봉좌,여,1978,성신여자대학교 인문과학연구소,연구교수,재직,기타한국사,문헌학(고문서학/서지학),한국학중앙연구원,박사,金奉佐,Bong Jwa KIM
10140315,ok,홍지석,남,1975,단국대학교(연계),조교수,재직,미술이론,미술비평,홍익대학교,박사,,Hong Ji Suk
10140413,ok,박선영,여,1974,고려대학교,연구교수,재직,영화사,한국영화사,중앙대학교,박사,朴宣映,Sun Young PARK
10140417,ok,김정관,남,1959,중앙대학교,부교수,퇴직,문예창작,문학이론,중앙대학교,박사,김정관,Kim Jung Kwan
10140423,ok,한상철,남,1971,목원대학교(연계),부교수,재직,현대시(국문학),현대문학,충남대학교,박사,,Han Sangchul
10140443,ok,류수연,여,1977,인하대학교(연계),조교수,재직,현대소설(국문학),1930년대 한국소설,인하대학교,박사,柳受延,RYU SUYUN
10140474,ok,장은미,여,1964,(주)지인컨설팅,회사원,재직,지리정보시스템,"생물지리, 원격탐사, 환경지리",Univ. of Kansas,박사,張恩美,Eunmi Chang
10140487,ok,허연실,여,1976,국립한밭대학교,강사,재직,소설,현대소설,고려대학교,박사,許姸實,Yeonsil Heo
10140492,ok,장경준,남,1969,고려대학교(연계),교수,재직,국어사,"고대국어, 차자표기",연세대학교,박사,張景俊,"Chang, Kyongjun"
10140527,ok,이주열,남,1964,한국외국어대학교,강사,재직,현대시(국문학),현대시,한국외국어대학교,박사,李柱烈,Juyeoul Lee
10140559,ok,안희제,남,1974,,,재직,,,서울대학교,박사,安熙濟,HEEJE AN
10140602,ok,이상신,남,*****,아주대학교(연계),*****,*****,음운론(국어학),국어음운론,기타기관,박사,*****,*****
10140614,ok,최전승,남,*****,전북대학교,*****,*****,음운론(국어학),방언사,전북대학교,박사,*****,*****
10140650,ok,이현호,남,1973,부산대학교,강사,재직,한문산문,사기 비평,부산대학교,박사,李賢鎬,HyunHo Lee
10140725,ok,윤용선,남,*****,명지대학교(연계),*****,*****,국어사,문법론,서울대학교,박사,,
10140746,ok,전은경,여,*****,경일대학교(대학별),*****,*****,현대소설(국문학),근현대 소설과 근대 독자,경북대학교,박사,*****,*****
10140816,ok,정은영,여,1977,한국해양대학교,강사,재직,고전산문,사행문학,부산대학교,박사,,Jeong Eunyoung
10140862,ok,오석환,남,1957,충남대학교,초빙교수,재직,한문산문,한문학,단국대학교,박사,吳錫環,Sokhwan Oh
10140867,ok,정순일,남,1979,고려대학교(연계),교수,재직,일본고대사,동아시아 해역사,早稻田大學,박사,鄭淳一,CHONG SOONIL
10140927,ok,문수현,남,1957,국립순천대학교,강사,퇴직,,,국립순천대학교,박사,文守炫,moon soohyun
10140958,ok,박영실,여,1978,경남대학교 극동문제연구소,기타,재직,한국정치사,"한국정치사, 한국전쟁, 북중관계사",한국학중앙연구원,박사,朴榮實,"Park, Young Sil"
10140992,ok,임영철,남,1949,중앙대학교,교수,퇴직,사회언어학(일본어학),일본 사회언어학,大阪大學,박사,任榮哲,Yim Young Cheol
10141004,ok,이은호,남,1974,성신여자대학교,강사,재직,유교철학,"경학(상서, 서경)",성균관대학교,박사,李殷鎬,Eunho Lee
10141063,ok,김윤정,여,1971,강원대학교(연계),교수,재직,현대시(국문학),현대시,서울대학교,박사,김윤정,
10141072,ok,정경재,여,*****,국립창원대학교(연계),*****,*****,국어사,"형태론, 형태음운론, 용언 활용",고려대학교,박사,*****,*****
10141084,ok,김도형,남,1974,전북대학교(연계),부교수,재직,고전산문,"고전산문, 고문헌, 한국한문학, 설화",전북대학교,박사,金度亨,Kim Dohyoung
10141101,ok,조재형,남,1974,전남대학교(연계),교수,재직,국어사,"국어문법사, 형태사, 차자표기, 개념사",중앙대학교,박사,趙宰亨,Cho ChaeHyung
10141117,ok,노승욱,남,1969,한림대학교(연계),조교수,재직,현대소설(국문학),현대소설,서울대학교,박사,盧承郁,SeungWook Roh
10141178,ok,김지원,여,1974,단국대학교(연계),부교수,재직,문화/사회/보건복지정책,예술행정(정책),단국대학교,박사,金志遠,KIM JI WON
10141220,ok,윤의섭,남,1968,대전대학교(연계),부교수,재직,현대시(국문학),한국 현대시 문학,아주대학교,박사,尹儀燮,Youn Eui-Soup
10141230,ok,김동건,남,1979,한국학중앙연구원,연구원,재직,한문학,한국한문학,한국학중앙연구원,박사,金東鍵,KimDongGeon
10141257,ok,박윤미,여,1980,한림대학교 태동고전연구소,연구교수,재직,고려시대사,"의례사, 국제관계사",숙명여자대학교,박사,朴潤美,Park Yun-Mi
10141260,ok,이경재,남,1976,숭실대학교(연계),교수,재직,현대소설(국문학),현대소설,서울대학교,박사,,KyungJae Lee
10141275,ok,윤금선,여,1964,동덕여자대학교,부교수,재직,현대희곡(국문학),근대희곡(유치진 희곡연구),한양대학교,박사,尹錦仙,Keum-sun Yeun
10141305,ok,정연정,여,1973,국립경국대학교,강사,재직,국어사,국어사 전반,경북대학교,박사,,Jeong Yeon-jeong
10141311,ok,최정도,남,1977,계명대학교(연계),조교수,재직,국어학,문법론,연세대학교,박사,崔丁途,"Choi, Jeongdoh"
10141347,ok,이재현,남,1962,동덕여자대학교,부교수,재직,형태론(국어학),"형태통어론, 국어정보학",연세대학교,박사,李栽賢,Jaehyun Lee
10141358,ok,김지훈,남,1974,중앙대학교,부교수,재직,영화이론,영화/매체연구/현대예술,New York University,박사,金智勳,Jihoon KIM
10141359,ok,최지현,남,1964,서원대학교(연계),교수,재직,문학교육,현대시,서울대학교,박사,崔之賢,Ji Hyun Choi
10141412,private,,,,,,,,,,,,
10141430,ok,오세영,남,1942,서울대학교,교수,재직,현대시(국문학),,서울대학교,박사,吳世榮,Saeyoung Oh
10141445,ok,조은주,여,1978,전북대학교(연계),부교수,재직,현대시(국문학),현대시,서울대학교,박사,趙恩珠,CHO EUN JOO
10141504,ok,김성수,여,1974,계명대학교(연계),조교수,재직,한국어와문학,한국학,계명대학교,박사,金城守,KIM Sungsu
10141505,ok,박준형,남,1977,서울시립대학교(연계),교수,재직,한국근대사,도시공간사,早稻田大學,박사,朴俊炯,Park junhyung
10141517,ok,박연희,여,1976,연세대학교,연구교수,재직,현대시(국문학),시문학 비평,동국대학교,박사,朴娟希,park yoen hee
10141556,ok,구지현,여,1970,선문대학교,부교수,재직,한시,국제교류,연세대학교,박사,具智賢,Jeahyoun Koo
10141563,ok,임금희,여,*****,고려대학교,*****,*****,현대소설(국문학),'토지' 연구,고려대학교,박사,*****,*****
10141600,ok,신혜정,여,1977,조선대학교(연계),교수,재직,통역번역,통역번역학,한국외국어대학교,박사,申惠晶,Hyejung Shin
10141616,ok,최지현,여,1978,동국대학교,대학원생,재직,소설,"소설론, 비교문학, 해방기, 교육사학",동국대학교,박사수료,崔芝賢,Jihyun Choi
10141634,ok,서안나,여,1965,한양대학교,강사,재직,현대시(국문학),현대시,한양대학교,박사,徐安那,Seo An Na
10141638,ok,김동하,남,*****,서영대학교,*****,*****,운문,한국고전문학,연세대학교,박사,*****,*****
10141666,ok,박진양,남,1976,연세대학교,대학원생,재직,,,전주대학교,학사,朴眞養,Jinyang Park
10141669,ok,이병혜,여,*****,명지대학교,*****,*****,방송·영상,신문방송(언론학),경희대학교,박사,*****,*****
10141680,ok,성정희,여,1978,건국대학교 서사와문학치료연구소,연구원,재직,구비문학,"문학교육, 문학치료",건국대학교,박사,成貞姬,"Seong, Jeonghui"
10141692,ok,김응교,남,1962,숙명여자대학교,부교수,재직,현대시(국문학),"한국시, 한국문학과 일본문학의 비교연구, 번역",연세대학교,박사,金應敎,Eunggyo Kim
10141701,ok,서영인,여,1971,충남대학교,강사,재직,현대소설(국문학),,경북대학교,박사,徐榮인,Youngin Seo
10141705,ok,황영미,여,1957,숙명여자대학교,부교수,퇴직,현대소설(국문학),영상문학,숙명여자대학교,박사,黃榮美,Youngmee Hwang
10141728,ok,박호영,남,1949,한성대학교,교수,퇴직,현대시(국문학),,서울대학교,박사,朴好泳,"Park, Ho-Young"
10141730,ok,김정선,여,1968,동서대학교,조교수,재직,영화이론,"장르이론, 문화연구, 정신분석",중앙대학교,박사,金廷宣,Jungsun Kim
10141759,ok,손동현,남,1947,우송대학교,객원교수,재직,형이상학,"존재론, 철학적 인간학, 문화철학,근현대독일철학",Johannes Gutenberg Univ. Mainz,박사,,"SON, DONGHYUN"
10141769,ok,허명숙,여,1962,숭실대학교,겸임교수,재직,국문학,현대소설,숭실대학교,박사,許命淑,Myung-sook Huh
10141843,ok,김지오,여,1976,동국대학교(대학별),조교수,재직,국어학사,(고대/중세)국어문법사,동국대학교,박사,,KIM jioh
10141887,ok,김여숙,여,1957,국립창원대학교,교수,퇴직,의류학,의복구성,중앙대학교,박사,金汝淑,"Kim, Yeo-sook"
10141898,ok,서희원,남,1973,동국대학교,강의교수,재직,현대소설(국문학),현대소설(국문학),동국대학교,박사,徐熹源,Suh Hee Won
10141901,ok,복도훈,남,*****,서울과학기술대학교,*****,*****,현대소설(국문학),"현대소설과 비평, 문학 장르론",동국대학교,박사,,*****
10141944,ok,한영현,여,1975,세명대학교(대학별),부교수,재직,영화사,영화 비평,성신여자대학교,박사,韓暎顯,han Young Hyeon
10141947,ok,배종석,남,1978,復旦大學,부교수,재직,한시,한국한시,성균관대학교,박사,裵鍾碩,Bae Jongsuk
10141949,ok,박순원,남,1965,광주대학교(대학별),부교수,재직,현대시(국문학),백석 시 연구,고려대학교,박사,朴淳元,Park Soon weon
10141960,ok,이광재,남,*****,中國海洋大學,*****,*****,비교문학,중한-한중문학비교,충북대학교,박사,*****,*****
10142003,ok,허윤,여,*****,이화여자대학교(연계),*****,*****,현대소설(국문학),현대소설,이화여자대학교,박사,*****,*****
10142033,ok,임인석,남,1958,중앙대학교,,재직,소아과학,의료커뮤니케이션,중앙대학교,박사,林仁石,Lim In Seok
10142061,ok,남성호,남,1963,한국예술종합학교,강사,재직,동양/아시아연극,"연극학, 민속학",waseda university,박사,南聲鎬,Sungho Nam
10142076,ok,김수연,여,1974,中山大學,객원교수,재직,고전산문,,동국대학교,박사,金水淵,kim su yeon
10142078,ok,하영휘,남,1954,성균관대학교,부교수,퇴직,조선후기사,19세기 사회사,서강대학교,박사,河永揮,"HA, YOUNG WHEE"
10142080,ok,김남기,남,1966,국립경국대학교(연계),교수,재직,한시,한국한시,서울대학교,박사,金南基,NamKi Kim
10142081,ok,조은선,여,1970,연세대학교,연구원,재직,기타인문학,"영화, 문화 이론",University of Southern California,박사,趙恩仙,Eunsun Cho
10142085,ok,이찬,남,1970,고려대학교(연계),교수,재직,문학비평(국문학),현대시 및 현대문학이론비평,고려대학교,박사,李燦,"Lee, Chan"
10142087,ok,이종필,남,1976,대구대학교(연계),부교수,재직,고전산문,고전산문,고려대학교,박사,李鍾弼,LEE JONGPIL
10142093,ok,이남주,남,1965,성공회대학교(대학별),교수,재직,지역정치,"중국정치, 정치경제학",北京大學,박사,李南周,Namju Lee
10142116,private,,,,,,,,,,,,
10142117,private,,,,,,,,,,,,
10142126,ok,홍성기,남,1956,아주대학교,교수,퇴직,동서비교철학,철학,Univ. des Saarlandes,박사,洪聖基,"HONG, Sung Ki"
10142149,ok,이수형,남,1974,명지대학교(연계),교수,재직,현대소설(국문학),현대소설(국문학),서울대학교,박사,李守炯,Yi Soohyung
10142196,ok,김자연,여,1958,전주대학교,대우교수,재직,현대소설(국문학),문학비평,전주대학교,박사,金自然,
10142201,ok,최자운,남,1975,세명대학교(대학별),부교수,재직,구비문학(국문학),민요,경기대학교,박사,崔滋云,choi ja-un
10142229,ok,신종곤,남,1968,대진대학교(연계),교수,재직,문예창작,드라마 창작 및 이론,고려대학교,박사,辛鍾坤,Jong gon Shin
10142236,ok,이준희,남,*****,경기대학교,*****,*****,화용론(국어학),화행론,한양대학교,박사,,*****
10142237,ok,신태영,남,1970,성균관대학교,초빙교수,재직,한시,조선전기 한시. 조선과 명나라와의 문학 교류.,성균관대학교,박사,申太永,Tae-young Shin
10142242,ok,김소륜,여,1979,한국기술교육대학교,대우교수,재직,현대소설(국문학),현대소설,이화여자대학교,박사,金昭倫,김소륜
10142260,private,,,,,,,,,,,,
10142265,ok,진영,여,1983,경희대학교,,재직,,,,,,
10142266,ok,나지영,여,1981,건국대학교,강사,재직,구비문학,문학치료학,건국대학교,박사,,Jiyoung Na
10142313,ok,김문정,여,1976,동국대학교,강사,재직,현대소설(국문학),현대소설(국문학),동국대학교,박사,金紋廷,moon jung kim
10142367,ok,서은아,여,1971,서울여자대학교,연구교수,퇴직,고전산문,구비문학,서울여자대학교,박사,徐銀雅,euna seo
10142373,ok,임준서,남,1969,숭실대학교,초빙교수,재직,현대희곡(국문학),현대희곡,고려대학교,박사,林埈緖,joon-seo lim
10142395,ok,홍정하,남,1969,서강대학교 국제지역문화원,연구교수,재직,전산언어학,자연언어처리 및 언어자료처리,고려대학교,박사,,HONGJungha
10142406,ok,김홍수,남,1969,영남대학교,객원교수,재직,중국철학,중국고대철학,南開大學,박사,金洪水,KIM HONGSOO
10142411,ok,이혁화,남,1969,영남대학교,부교수,퇴직,음운론(국어학),방언음운론,서울대학교,박사,李赫和,"Lee, Hyeok Hwa"
10142450,ok,박죽심,여,1970,남서울대학교,강사,재직,현대소설(국문학),근.현대 소설과 비평,중앙대학교,박사,,Juksim Park
10142456,ok,원순옥,여,1962,경운대학교,조교수,재직,국어사,중세국어,대구가톨릭대학교,박사수료,,Weon sunok
10142515,ok,박덕규,남,1958,단국대학교(연계),초빙교수,재직,현대소설(국문학),소설창작,단국대학교,박사,,PARK DUK KYU
10142516,ok,고은숙,여,1979,국립박물관,공무원,재직,국어사,문법사,고려대학교,박사,,Eunsook Ko
10142524,ok,김인경,여,1979,고려대학교,초빙교수,재직,고전산문,고전소설,고려대학교,박사,,Kim In Gyung
10142570,ok,이혜선,여,*****,건국대학교,*****,*****,고전산문,외국어로서의 한국어교육,건국대학교,박사수료,,*****
10142571,ok,이소현,여,1977,계명대학교,강사,재직,,,계명대학교,석사,李昭弦,Sohyun Lee
10142697,ok,권혁진,남,1967,강원대학교,강사,재직,한시,고려 한국 한시,강원대학교,박사,權赫鎭,
10142719,private,,,,,,,,,,,,
10142732,ok,권보영,여,1971,대구한의대학교(연계),교수,재직,응용언어학,제1언어와 제2언어의 음운/음성 습득,Michigan State Univ.,박사,權普永,Bo-Young Kwon
10142733,ok,오태호,남,1970,경희대학교(연계),부교수,재직,현대소설(국문학),문학평론,경희대학교,박사,吳太鎬,Oh Tae-ho
10142769,ok,문순희,여,1981,인천대학교 지역인문정보융합연구소,연구원,재직,기타문학,수신사행문학 / 근대 문학 및 문화,연세대학교,박사,文淳嬉,MOON SOONHEE
10142770,ok,김예니,여,1977,성신여자대학교,초빙교수,재직,현대소설(국문학),현대소설,성신여자대학교,박사,金예니,kim yenie
10142771,ok,이경미,여,1984,충남대학교,대학원생,재직,,,충남대학교,학사,李京美,Lee kyeong-mi
10142830,ok,김미정,여,1975,성균관대학교,기타,미취업,현대소설(국문학),현대소설,성균관대학교,박사수료,金美晶,KIM MI JUNG
10142835,ok,김은희,여,1973,한국예술종합학교,객원교수,재직,기타인문학,무속학,고려대학교,박사,金銀姬,Eunhui Kim
10142836,ok,신형철,남,1976,서울대학교(연계),부교수,재직,현대시(국문학),현대시,서울대학교,박사,申亨澈,Shin Hyoung-cheol
10142845,ok,유경민,여,1974,전주대학교(연계),부교수,재직,국어사,어휘사,한국외국어대학교,박사,劉京玟,Yu Kyung-Min
10142846,ok,서혜은,여,*****,경북대학교(연계),*****,*****,고전산문,고전소설,경북대학교,박사,*****,*****
10142853,private,,,,,,,,,,,,
10142862,ok,정정호,남,1949,중앙대학교,교수,퇴직,영미문학비평,18세기 영국문학,University of Wisconsin - Milwaukee,박사,鄭正浩,Chung Chung Ho
10142871,ok,손승현,여,1971,고려대학교(연계),교수,재직,특수교육,정서 및 학습장애,University of Texas at Austin,박사,孫丞賢,Son Seung Hyun
10142897,ok,채수홍,남,1963,서울대학교(연계),교수,재직,문화인류학,베트남 지역연구,City University of New York-Graduate School and Univ. Center,박사,蔡秀洪,"Chae, Suhong"
10142899,ok,김홍중,남,1971,서울대학교(연계),교수,재직,사회이론/사상사,문학예술사회학,Ecole des Hautes Etudes en Sciences Sociales,박사,金洪中,Kim Hong Jung
10142916,private,,,,,,,,,,,,
10142920,ok,강유진,여,1981,중앙대학교,부교수,재직,현대소설(국문학),현대소설,중앙대학교,박사,姜侑辰,kang eugene
10142921,ok,소현숙,여,1973,역사문제연구소,연구위원,재직,한국근대사,사회사 가족사 여성사 법제사 마이너리티 역사,한양대학교,박사,蘇賢淑,Hyunsoog So
10142955,ok,김준현,남,1974,국립목포대학교(연계),조교수,재직,현대소설(국문학),현대소설,고려대학교,박사,,Junhyun Kim
10142958,ok,김경희,여,1971,한국상담대학원대학교,교수,재직,동양철학일반,도가철학,이화여자대학교,박사,,"Kyunghee, Kim"
10142960,ok,김지미,여,1976,서울대학교,기타,재직,현대소설(국문학),현대소설,서울대학교,박사,金志美,Jimi Kim
10143008,private,,,,,,,,,,,,
10143010,ok,엄정희,여,*****,한국방송통신대학교,*****,*****,문예창작,문예창작,단국대학교,박사,*****,*****
10143042,private,,,,,,,,,,,,
10143052,ok,한승우,여,1977,중앙대학교(연계),부교수,재직,소설,현대문학 소설,중앙대학교,박사,韓承佑,Han Seung Woo
10143053,ok,손혜숙,여,*****,한남대학교,*****,*****,소설,현대소설,중앙대학교,박사,,*****
10143066,ok,김우정,남,*****,단국대학교(연계),*****,*****,한문산문,한문산문,단국대학교,박사,*****,*****
10143081,ok,김희경,여,*****,경북대학교(연계),*****,*****,문화인류학,의료인류학,서울대학교,박사,,*****
10143100,ok,김선영,여,1975,서울대학교,강사,재직,통사론(국어학),"동사, 형용사",서울대학교,박사,金善英,kimsunyoung
10143168,ok,신성열,남,1968,한라대학교,강의교수,재직,중국철학,"노장철학, 예술철학, 미학",강원대학교,박사,申聖烈,Seongyeol Shin
10143181,ok,이길성,여,1967,서울대학교,강사,재직,영화이론,한국영화사,중앙대학교,박사,李吉成,"Lee, Gilsung"
10143199,ok,이병운,남,1954,부산대학교,교수,퇴직,국어학,국어학,부산대학교,박사,李炳云,"LEE,BYUNG-WOON"
10143209,ok,안명숙,여,1960,광주대학교,교수,재직,한국복식,"한국복식, 민속의상, 동양복식",동국대학교,박사,安明淑,MyungSookAn
10143275,ok,이상재,남,1969,홍익대학교,초빙교수,재직,현대소설(국문학),일제시대 소설,고려대학교,박사,李相宰,lee sang jae
10143279,ok,정여울,여,1976,서울대학교,강사,재직,현대소설(국문학),근대소설,서울대학교,박사,,Yeoul Jung
10143288,ok,박소영,여,1975,서울대학교,연구원,미취업,문학교육,한국 문화/언어 교육,서울대학교,박사수료,朴昭映,Soyoung Park
10143303,ok,이영자,여,1974,충남대학교,강사,재직,한국유가철학,한국유학(기호유학),충남대학교,박사,李英子,Young-Ja Lee
10143328,ok,김영진,남,1970,동국대학교(대학별),교수,재직,지역불교및불교사연구,중국불교,동국대학교,박사,金永晋,"Kim, Young-jin"
10143335,ok,김기섭,남,1971,경희대학교,객원교수,재직,스포츠사회학,스포츠사회학,경희대학교(국제캠퍼스),박사,,Kisup Kim
10143462,private,,,,,,,,,,,,
10143530,ok,김유미,여,1974,서울과학종합대학원대학교(대학별),조교수,재직,한국어정보처리,"한국어교육, 자연언어처리, 사전학",경희대학교(국제캠퍼스),박사,金愉美,Kim Yu-Mi
10143706,ok,이동월,여,1972,대구가톨릭대학교,강사,재직,고전산문,야담,대구가톨릭대학교,박사,李東月,Dongwol Lee
10143827,private,,,,,,,,,,,,
10143886,ok,황치복,남,1966,서울과학기술대학교,강사,재직,비교문학(국문학),1930년대 문학의 반근대성,고려대학교,박사,黃致福,Chi bok Hwang
10143889,ok,이영배,남,*****,국립경국대학교(연계),*****,*****,민속학(인류학),민속연희,전북대학교,박사,*****,*****
10143898,ok,김형술,남,1974,전주대학교(연계),부교수,재직,한시,조선후기 한시,서울대학교,박사,金炯述,Kim Hyoung Sool
10143959,ok,김종수,남,1963,세명대학교,강사,재직,한국철학일반,한국철학,성균관대학교,박사,金鍾秀,"Kim, Jong-soo"
10143963,ok,허정,남,*****,동아대학교(연계),*****,*****,현대시(국문학),현대시인,동아대학교,박사,*****,*****
10144078,ok,김화순,여,1958,중앙대학교 다빈치미래교양연구소,연구교수,재직,인적자원개발,고용(employment),한국기술교육대학교,박사,金禾淳,Kim Whasoon
10144202,ok,김정호,남,1968,경희대학교(연계),교수,재직,영화연출/연기,영화영상연출제작,California Institute of the Arts,석사,金廷昊,kim jung ho
10144258,ok,김윤희,여,*****,조선대학교(연계),*****,*****,영상문학,현대 한국 희곡 및 영상문화,경희대학교,박사,*****,*****
10144405,ok,김호,남,1967,성균관대학교(연계),교수,재직,중국산문,중국고전산문,國立臺灣大學,박사,金鎬,"KIM, HO"
10144450,ok,황재문,남,1969,서울대학교(연계),HK교수,재직,문학사,문학사상,서울대학교,박사,黃載文,Hwang Jae-moon
10144466,ok,최수일,남,1966,성균관대학교,강사,재직,현대소설(국문학),식민지시대 미디어(매체)와 문학,성균관대학교,박사,崔洙逸,Suil Choi
10144520,ok,서은희,여,1977,가천대학교(연계),교수,재직,교육학일반,교육심리,연세대학교,박사,,Eunhee Seo
10144536,ok,임상석,남,1975,부산대학교(연계),교수,재직,국문학,"한국근대문학, 고전번역",고려대학교,박사,林相錫,"Lim, Sang Seok"
10144561,ok,최나야,여,1976,서울대학교(연계),교수,재직,아동발달,아동언어인지발달,서울대학교,박사,崔나야,Naya Choi
10144603,ok,남궁원,남,1961,강원대학교,강사,재직,,,성신여자대학교,박사,南宮遠,Namgung Won
10144663,ok,김진철,남,1975,소속없음,연구원,재직,한국경학,經典學ㆍ文獻學ㆍ宗敎學ㆍ政治學,北京師範大學,박사수료,金眞喆,"Kim, Jin-Chul"
10144703,ok,김수현,여,1978,고려대학교,초빙교수,재직,중국소설,"중국소설, 중국문화, 중국출판, 중국소설삽화",北京大學,박사,金秀玹,Soo-Hyun Kim
10144735,ok,이명연,남,*****,한양대학교,*****,*****,현대시(국문학),한국 현대 산문시,한양대학교,박사수료,*****,*****
10144747,ok,이경화,여,1957,숭실대학교,명예교수,재직,교육심리학,발달 및 교수-학습/창의성/영재교육,숙명여자대학교,박사,李慶和,Kyung Hwa Lee
10144769,ok,조수미,여,*****,부산대학교,*****,*****,고전산문,고전일기,부산대학교,박사,*****,*****
10144880,ok,서정민,여,1972,홍익대학교(연계),부교수,재직,고전산문,고전소설,서울대학교,박사,,Seo Jung Min
10144906,ok,이한정,남,1963,전북대학교,대학원생,재직,,,전북대학교,,李漢訂,HanJeong Lee
10144909,ok,정은주,여,1974,성균관대학교,강사,재직,한문산문,조선후기,성균관대학교,박사,鄭恩周,JUNG EUN JOO
10144918,ok,백진순,여,1964,동국대학교(대학별),조교수,재직,유식학,법상종,연세대학교,박사,,"Baek, Jin-Soon"
10144951,private,,,,,,,,,,,,
10145119,ok,윤지훈,남,1978,한국교육과정평가원,연구위원,재직,한문산문,한문비평,성균관대학교,박사,尹智勳,Jihun Yoon
10145136,ok,최종석,남,1971,동덕여자대학교,교수,재직,고려시대사,"사회사, 문화사, 군사사, 심성사",서울대학교,박사,崔鍾奭,Jongsuk Choi
10145157,ok,김진경,여,1968,고려대학교,연구교수,재직,한시,한국사부,고려대학교,박사,金鎭卿,Kim Jin Kyung
10145268,ok,정은주,여,1970,한국학중앙연구원,책임연구원,재직,미술사,"미술사학(한국미술사, 동아시아회화교섭사)",한국학중앙연구원,박사,鄭恩主,Eunjoo Jeong
10145280,private,,,,,,,,,,,,
10145319,ok,김봉국,남,*****,부산교육대학교(연계),*****,*****,음운론(국어학),국어음운론,서울대학교,박사,*****,*****
10145377,ok,권오경,남,1961,부산외국어대학교,교수,재직,고전시가,구비시가/다문화교육,경북대학교,박사,權五慶,Ohkyung Kwon
10145395,ok,홍순애,여,1970,동덕여자대학교,부교수,재직,소설,현대소설,서강대학교,박사,洪淳愛,Sunae Hong
10145443,ok,오영숙,여,1964,성공회대학교 평화월딩연구소,연구교수,재직,영화사,한국영화,한양대학교,박사,吳英淑,Young Suk Oh
10145485,ok,김신정,여,1980,호남대학교,조교수,재직,구비문학,설화,서강대학교,박사,金信姃,Sinjeong Kim
10145516,ok,최진아,여,*****,한양대학교(연계),*****,*****,물질문화,물질문화,한국학중앙연구원 한국학중앙연구원,박사,,*****
10145624,ok,강계숙,여,1973,명지대학교(연계),교수,재직,현대시(국문학),해방후 한국 현대시사에 대한 연구,연세대학교,박사,姜桂淑,"Kang, Gye-Sook"
10145650,ok,김미지,여,1974,단국대학교(연계),부교수,재직,현대소설(국문학),현대소설,서울대학교,박사,,KIM MIJI
10145758,ok,주형예,여,1969,연세대학교,강사,재직,고전산문,고전소설,연세대학교,박사,朱亨禮,Hyungye Joo
10145930,ok,김경미,여,1972,경북대학교,강사,재직,현대소설(국문학),현대소설,경북대학교,박사,金慶美,Kyungmi Kim
10145983,ok,심종숙,여,1968,한국외국어대학교,강사,재직,비교문학(일본문학),한일근대시,한국외국어대학교,박사,沈終淑,Jongsook  Sim
10145998,ok,송지언,여,1979,홍익대학교(연계),부교수,재직,국어교육학,고전시가교육,서울대학교,박사,,Song Jieon
10146103,ok,박지용,남,1980,성균관대학교,POST-DOC,재직,통사론(국어학),현대국어통사론,서울대학교,박사,朴志容,JiYong Park
10146201,ok,오수연,여,*****,충남대학교,*****,*****,현대시(국문학),현대시비평,충남대학교,박사,*****,*****
10146244,ok,김학균,남,1970,서울시립대학교,전임연구원,재직,소설,현대소설,서울대학교,박사,金鶴均,Hakgyun Kim
10146445,ok,이명미,여,*****,경북대학교(연계),*****,*****,고려시대사,"국제관계사, 정치사",서울대학교,박사,,
10146682,ok,서정화,남,1971,전주대학교(연계),조교수,재직,한문산문,한문산문/지역문화사,고려대학교,박사,徐正和,"Suh, Junghwa"
10146683,ok,이은봉,남,1971,인천대학교,강의교수,재직,고전산문,고전소설,인천대학교,박사,李殷奉,Lee Eun Bong
10146703,ok,서동주,남,1972,서울대학교(연계),HK교수,재직,일본근현대문학,제국일본과 동아시아 문화사,筑波大學,박사,徐東周,Seo Dong-ju
10146869,ok,기광서,남,1964,조선대학교,교수,퇴직,북한정치/통일,북한정치사,"Institute of Oriental Studies, Russian Academy of Sciences",박사,奇光舒,Kee Kwang Seo
10146880,ok,김재봉,남,*****,광주교육대학교,*****,*****,국어학,국어교육학,조선대학교,박사,,
10146892,ok,임미선,여,*****,단국대학교,*****,*****,한국음악이론/분석,한국음악학,서울대학교,박사,*****,*****
10146902,ok,문한별,남,1972,선문대학교,교수,재직,현대소설(국문학),현대소설,고려대학교,박사,文한별,Moon Han byoul
10146928,ok,이재승,남,1967,서울교육대학교(연계),교수,재직,국어교육학,독서교육/작문교육/교육과정 및 교과서,한국교원대학교,박사,李載承,Lee Jaeseung
10146930,ok,신진숙,여,1969,경희대학교(연계),교수,재직,문학비평(국문학),환동해지역연구(문화/생태/사상),경희대학교,박사,申眞淑,Shin Jin-Sook
10146933,ok,차희정,여,1972,경찰대학,강사,재직,소설,현대소설,아주대학교,박사,車姬貞,Hee-jung Cha
10146965,ok,윤규철,남,1968,영남대학교(연계),교수,재직,음성학(언어학),"음성합성,운율론",The Ohio State Univ.,박사,尹奎哲,Kyuchul Yoon
10146971,ok,오정훈,남,1970,경상국립대학교(연계),부교수,재직,국어교육학,시교육,경상국립대학교,박사,吳政勳,"Oh, Jeong-hun"
10146974,ok,김경민,여,*****,경상국립대학교(연계),*****,*****,소설,현대소설,서강대학교,박사,*****,*****
10147140,ok,백승호,남,*****,국민대학교(연계),*****,*****,한시,18세기 한국한문학,서울대학교,박사,*****,*****
10147180,ok,김희진,여,1973,고려대학교,강사,재직,현대소설(국문학),현대소설,고려대학교,박사,金熙珍,kim hee jin
10147187,ok,윤상원,남,1970,전북대학교(연계),교수,재직,한국근대사,민족해방운동사,고려대학교,박사,尹相元,Yun Sangwon
10147196,ok,김영남,남,1969,성균관대학교,강사,재직,비교문학(일본문학),근대일본민속학,東京大學,박사,金泳南,Kim YeongNam
10147223,ok,김범철,남,1968,충북대학교(연계),교수,재직,한국선사고고학,"한국청동기시대, 고고학 이론과 방법, 취락고고학",University of Pittsburgh,박사,金範哲,"Kim, Bum-cheol"
10147275,ok,전제응,남,1971,제주대학교(연계),교수,재직,국어교육학,쓰기 교육,한국교원대학교,박사,,Jeon Je Eung
10147279,ok,김동규,남,*****,낙생고등학교,,*****,한문교육,한문교육,단국대학교,석사,*****,*****
10147280,ok,한은수,남,1965,한국교원대학교,겸임교수,재직,한문교육,초등한자교육,한국교원대학교,박사,韓殷洙,Eunsu Han
10147289,ok,최종환,남,1969,강원대학교,강사,재직,문학비평(국문학),현대문학(현대시),경희대학교,박사,崔鍾桓,CHOI Jong Hwan
10147349,ok,박기현,남,1975,동아대학교(연계),조교수,재직,구비문학(국문학),설화,동아대학교,박사,朴起賢,PARK  KIHYUN
10147357,private,,,,,,,,,,,,
10147406,ok,원용석,남,1961,한국교원대학교,강사,재직,한문교육,한문교육학,한국교원대학교,,元容錫,Yongseok Won
10147416,ok,최은옥,여,1965,고려대학교,강사,미취업,현대희곡(국문학),희곡창작과 연극비평,고려대학교,박사,崔恩玉,"Choi,Eun-ok"
10147422,ok,봉원덕,남,1977,경희사이버대학교,겸임교수,재직,,,경희대학교,박사수료,奉源德,Wondeok Bong
10147458,ok,김병찬,남,1971,동아대학교,조교수,퇴직,구비문학(국문학),민요,동아대학교,박사,金秉燦,KIM BYUNG CHAN
10147583,ok,김종록,남,*****,한동대학교(대학별),*****,*****,통사론(국어학),"현태론, 한국어교육",경북대학교,박사,*****,*****
10147714,private,,,,,,,,,,,,
10147715,ok,이영아,여,1976,명지대학교(연계),교수,재직,현대소설(국문학),개화기소설,서울대학교,박사,李英娥,"LEE, YOUNG AH"
10147761,ok,박혜연,여,1981,충남대학교,,재직,,,충남대학교,,朴惠姸,Park Hye Yeon
10147813,ok,고남식,남,1959,대진대학교,교수,,구비문학,고전문학,건국대학교,박사,高南植,Ko Nam-sik
10147841,ok,조구호,남,1960,경상국립대학교,강사,재직,현대소설(국문학),소설이론,경상국립대학교,박사,曺丘鎬,guho Jo
10147965,ok,홍웅기,남,1976,강원대학교,강사,재직,현대소설(국문학),소설비평,충남대학교,박사,洪雄基,"Hong, UngGi"
10148106,ok,김일환,남,1974,동국대학교(대학별),조교수,재직,고전산문,조선 후기 산문,동국대학교,박사,金一煥,KIM IL HWAN
10148110,ok,최숙기,여,1981,한국교원대학교(연계),교수,재직,사회과학,국어교육,한국교원대학교,박사,崔淑基,Choi Sookki
10148115,ok,고훈,남,1976,연세대학교,강사,재직,기타문학,만화,연세대학교,박사,高勳,Ko Hoon
10148149,private,,,,,,,,,,,,
10148216,ok,최은주,여,1975,(재) 한국국학진흥원,책임연구원,재직,한시,"한시, 한문비평,",경북대학교,박사,崔恩周,"CHOI, EUN-JU"
10148219,ok,이홍우,남,1977,인하대학교,강사,재직,구비문학,설화,서울대학교,석사,李洪雨,Hongwoo Lee
10148306,ok,이은영,여,1968,국립금오공과대학교,강사,재직,현대소설(국문학),현대소설,경북대학교,박사,李恩瑛,Eunyoung Lee
10148311,ok,김지녀,여,1978,한국해양대학교,강사,재직,현대시(국문학),현대문학-현대시,고려대학교,박사,金止女,Jinyeo Kim
10148315,ok,우경섭,남,1969,인하대학교(연계),교수,재직,조선후기사,조선후기 정치사상사,서울대학교,박사,禹景燮,WOO KYUNGSUP
10148318,private,,,,,,,,,,,,
10148347,ok,노경희,여,1977,울산대학교(연계),교수,재직,한문비평,동아시아 비교문학,京都大學,박사,盧京姬,"Rho, Kyung Hee"
10148421,ok,김숙정,여,1980,호남대학교,조교수,재직,의미론(언어학),어휘 의미론,고려대학교,박사,金淑正,KIM SUKJEONG
10148442,ok,남경완,남,1972,국립창원대학교(연계),교수,재직,의미론(국어학),"어휘 의미론, 텍스트언어학",고려대학교,박사,南京完,"Nam, Kyoung-woan"
10148450,ok,김종윤,남,*****,진주교육대학교(연계),*****,*****,국어교육학,독서 교육,Univ. of Maryland at College Park,박사,*****,*****
10148605,ok,김두현,남,*****,한국체육대학교,*****,*****,행정법,"공법, 경호학",명지대학교,박사,*****,*****
10148650,ok,안주영,여,1979,경희대학교,강사,재직,한시,여성한시,경희대학교,박사,,
10148716,ok,장형철,남,1968,인덕대학교(대학별),교수,재직,문화/종교사회학,"종교와 세계화, 문화 혼성화, 담론 분석",Univ. of Manchester,박사,張炯哲,Hyung Chull Jang
10148735,ok,배진영,여,1973,한국연구재단,강사,미취업,통사론(국어학),통사의미론,홍익대학교,박사,裵珍英,Jinyoung Bae
10148753,private,,,,,,,,,,,,
10148754,ok,김창원,남,1967,경기대학교(연계),교수,재직,고전시가,향가/고려가요/시조/가사,고려대학교,박사,金昌沅,"Kim, Chang-Won"
10148792,ok,서승완,남,1976,,,,음성학(언어학),음향음성학,서울대학교,석사,徐承完,Seung-wan Suh
10148814,ok,박진완,남,1972,京都産業大學,교수,재직,국어사,문법사,京都大學,박사,朴眞完,JIN WAN PARK
10148846,ok,박경신,여,1968,성신여자대학교,강사,재직,한시,한국 한시,성신여자대학교,박사,朴京信,Park  Kyung Shin
10148869,ok,김해옥,여,1960,연세대학교,강사,재직,현대소설(국문학),현대 소설,연세대학교,박사,金亥玉,kim Hae Ok
10148902,ok,강유환,여,1961,고려대학교,강사,퇴직,작가론,현대시,고려대학교,박사,,kangyuhwan
10148927,ok,강우규,남,1979,강원대학교 국학연구소,연구교수,재직,고전산문,고전소설,중앙대학교,박사,姜宇奎,Kang woo kyu
10148937,ok,오민석,남,*****,상명대학교(연계),*****,*****,형태론(국어학),문법론,서울대학교,박사,,*****
10149002,ok,문성대,남,*****,전남대학교,,*****,,,한국학중앙연구원,석사,*****,*****
10149084,ok,권오헌,남,1970,한국연구재단,기타,미취업,사회사/역사사회학,기념문화,고려대학교,박사,,Kwon O-heon
10149128,ok,이지수,여,*****,육군사관학교,*****,*****,통사론(언어학),통사론,서울대학교,박사,*****,*****
10149159,ok,전재동,남,1971,충북대학교 우암연구소,연구교수,미취업,한국경학,조선시대 경학,경북대학교,박사,全在東,junjaedong
10149163,ok,김현생,여,1955,영남대학교,강사,재직,19C영미시,바이런,경기대학교,박사,金玄生,Hyun-saeng Kim
10149178,ok,김혜령,여,*****,고려대학교(연계),*****,*****,의미론(국어학),어휘의미론,고려대학교,박사,*****,*****
10149199,ok,노현주,여,1973,경희대학교,강사,퇴직,현대소설(국문학),현대소설,경희대학교,박사,盧現珠,Hyunju Rho
10149210,ok,구태헌,남,,상지대학교(연계),*****,*****,현대영미시,"영문학, 미국문학, 미국시",서울대학교,박사,*****,*****
10149225,ok,김옥성,남,1973,단국대학교(연계),교수,재직,현대시(국문학),현대시,서울대학교,박사,金屋成,"Kim, Ok-sung"
10149346,private,,,,,,,,,,,,
10149347,ok,정영진,여,1981,인하대학교,강사,재직,현대소설(국문학),문학제도,인하대학교,박사,鄭英珍,Jung Youngjin
10149358,ok,방기철,남,1970,선문대학교,교수,재직,국제관계사(역사학),조선시대 한일관계사,건국대학교,박사,方琪喆,Bang ki cheol
10149378,ok,조해숙,여,1967,서울대학교(연계),교수,재직,국문학,고전시가,서울대학교,박사,趙海淑,"Cho, Haesug"
10149386,ok,신태수,남,1957,영남대학교,부교수,재직,고전산문,고전소설,경북대학교,박사,辛泰洙,"Shin,Tae-Soo"
10149409,ok,이영관,남,1964,순천향대학교(연계),교수,재직,관광경영/경제,관광경영학,한양대학교,박사,李永貫,Young-Kwan Lee
10149435,ok,신성철,남,1969,국립순천대학교(연계),부교수,재직,음운론(국어학),"음운론, 음운사, 근대국어, 국어사",국민대학교,박사,,Shin Seongcheol
10149471,ok,박청희,여,*****,고려대학교,*****,*****,,,고려대학교,,*****,*****
10149480,private,,,,,,,,,,,,
10149553,ok,심원섭,남,1957,인하대학교,계약교수,재직,현대시(국문학),한국현대시 일본근대시,연세대학교,박사,沈元燮,Wonsup Shim
10149579,private,,,,,,,,,,,,
10149605,ok,장유승,남,1976,성균관대학교(연계),조교수,재직,한시,조선시대 한시,서울대학교,박사,張裕昇,"JANG, YOO SEUNG"
10149647,ok,이희은,여,1969,조선대학교(연계),교수,재직,문화이론/대중문화론,"문화이론, 글로벌 커뮤니케이션, 미디어 테크놀로지",The University of Iowa,박사,李熙銀,"Lee, Hee-Eun"
10149716,ok,박용찬,남,1960,경북대학교(연계),명예교수,재직,현대시(국문학),"현대시, 문학교육",경북대학교,박사,朴容贊,
10149730,ok,이건호,남,1967,이화여자대학교(연계),교수,재직,언론·정보,저널리즘,University of Texas at Austin,박사,李建昊,Gunho Lee
10149735,ok,박형진,남,1980,가천대학교(연계),조교수,재직,통사론(국어학),,서울대학교,박사,朴亨振,Hyoungjin Park
10149757,ok,윤지원,여,*****,창신대학교(대학별),*****,*****,한국어교육학,"비교과교육, 교양교육",배재대학교,박사,*****,*****
10149766,ok,정재림,여,*****,고려대학교(연계),*****,*****,국어교육,문학교육,고려대학교,박사,*****,*****
10149786,ok,서영교,남,1967,중원대학교(연계),부교수,재직,한국고대사,고대동아시아사,동국대학교,박사,徐榮敎,Seo Young Kyo
10149871,ok,최애영,여,1961,한국문학번역원,교수,재직,비평(프랑스문학),해당사항없슴,Univ. de Paris VIII (Vincennes-Saint-Denis),박사,崔愛英,CHOE Ae-Young
10149887,ok,서동진,남,1967,계원예술대학교(대학별),부교수,재직,문화/종교사회학,문화연구 및 문화사회학,연세대학교,박사,徐東振,Dong-Jin Seo
10149928,ok,홍미주,여,1978,경북대학교,초빙교수,재직,음운론(국어학),사회언어학,경북대학교,박사,,Miju Hong
10149952,ok,김혜정,여,1976,동아대학교(연계),부교수,재직,화용론(국어학),대화분석론,인제대학교,박사,金惠靜,Hyejeong Kim
10149971,ok,최홍열,남,1961,강원대학교(연계),교수,재직,의미론(언어학),어휘의미론,중앙대학교,박사,崔洪烈,Choi Hong Yeal
10150039,ok,김성욱,남,*****,호서대학교(연계),*****,*****,사회복지정책,복지재정,중앙대학교,박사,*****,*****
10150067,ok,조항록,남,1958,상명대학교(연계),교수,재직,한국어교육학,"한국어교육정책, 한국어교육과 문화교육",동국대학교,박사,趙恒錄,"Cho, Hang Rok"
10150103,ok,박치범,남,*****,경인교육대학교(연계),*****,*****,문학교육,문학교육,고려대학교,박사,,*****
10150109,ok,정은귀,여,*****,한국외국어대학교,*****,*****,현대영미시,"현대영미시, 문화시학",State University of New York at Buffalo,박사,*****,*****
10150168,ok,마희정,여,1971,충북대학교,초빙교수,재직,,,충북대학교,박사,마희정,hee jeong ma
10150176,ok,김희강,여,1974,고려대학교(연계),교수,재직,정치이론,"정의론, 페미니즘 이론, 규범적 정책 분석",Univ. of Chicago,박사,金希剛,"Kim, Hee-Kang"
10150206,ok,박상영,여,*****,대구가톨릭대학교,*****,*****,고전시가,"사설시조/문학이론(담론, 시학, 웃음 미학 등), 고전문학교육",경북대학교,박사,*****,*****
10150217,ok,정성미,여,1967,강원대학교(연계),교수,재직,형태론(국어학),형태론,강원대학교,박사,,Jung Sungmi
10150290,ok,안동규,남,*****,성균관대학교,*****,*****,,,영남대학교,,*****,*****
10150367,ok,염민호,남,1961,전남대학교(연계),교수,재직,교육행정/경영학,"교육정책 개발 및 평가, 대학교육 개혁, 교원 교육 개혁, 비교국제교육,",University of Pittsburgh,박사,廉民鎬,Yeom Min Ho
10150406,ok,최원경,여,1975,Universiteit Leiden,조교수,재직,한문학,한국 한문학 19세기 산문,성균관대학교,박사,崔嫄炅,Choi Won Kyung
10150618,ok,김성훈,남,1956,동국대학교,교수,재직,교육평가,"교육측정, 통계, 평가",University of Illinois at Urbana - Champaign,박사,,"Kim, Sung Hoon"
10150704,ok,한선경,여,1973,동명대학교,초빙교수,재직,언어교육,"한국어문법교육, 태국인 학습자 한국어교육",부산외국어대학교,박사,韓善慶,SunKyoung Han
10150860,ok,조형일,남,1971,송곡대학교(대학별),조교수,재직,한국어교육학,한국어교육/국어학,서울대학교,박사,趙衡壹,ZO HYOUNG IL
10151050,ok,최희수,남,1967,상명대학교(연계),교수,재직,한국고대사,고구려사,서강대학교,박사,崔熙洙,CHOI HEE SOO
10151060,ok,류연석,남,1942,국립순천대학교,교수,재직,고전시가,고전시가,조선대학교,박사,柳年錫,Yeonseok Ryu
10151172,ok,조태린,남,1969,연세대학교(연계),교수,재직,사회언어학,사회언어학,Univ. de Paris X (Univ. de Paris Nanterre),박사,,"Cho, Tae-Rin"
10151229,ok,최도식,남,1972,강원대학교(연계),교수,재직,현대시(국문학),현대시,서강대학교,박사,최도식,Choi Do Sik
10151249,ok,이향,여,1977,한국조지메이슨대학교,부교수,재직,음운론(국어학),외국어로서의 한국어교육,이화여자대학교,박사,李香,LEE HYANG
10151277,ok,이건종,남,1954,고려대학교(연계),명예교수,재직,현대영미소설,현대미국소설,University of Texas at Austin,박사,李健鍾,Lee Kun Jong
10151293,ok,최수웅,남,1974,단국대학교(연계),교수,재직,문예창작,문예이론,단국대학교,박사,崔洙雄,Choi Soo-Wung
10151566,ok,이민희,남,1970,강원대학교(연계),교수,재직,고전산문,고전소설 고전문학교육 비교문학 구비문학,서울대학교,박사,李民熙,"Lee, Min Heui"
10151789,ok,김수진,여,*****,서울대학교,*****,*****,고전산문,조선후기 한문산문,서울대학교,박사,*****,*****
10151941,ok,김은아,여,1971,순천향대학교,초빙교수,재직,민법,가족법,한양대학교,박사,,
10152045,ok,박대범,남,1978,동국대학교,대학원생,재직,,,상명대학교,석사,朴大泛,"Park, Dae Pum"
10152056,ok,권두현,남,1981,연세대학교 비교사회문화연구소,HK연구교수,재직,영상문학,문화콘텐츠/한국현대문학/비교문학,동국대학교,박사,權斗鉉,Doohyun Kwon
10152057,ok,이정훈,남,1971,서강대학교(연계),교수,재직,통사론(국어학),"통사론, 문법론, 언어이론",서강대학교,박사,李庭勳,Chung-Hoon Lee
10152102,ok,이현경,여,1966,단국대학교,강사,재직,영화사,영화이론 및 한국영화사,고려대학교,박사,李賢卿,Hyunkyung Lee
10152104,ok,엄홍준,남,1964,계명대학교(연계),교수,재직,통사론(국어학),한국어통사론,중앙대학교,박사,嚴洪俊,"Um, Hong-Joon"
10152106,ok,박태균,남,1966,서울대학교(연계),교수,재직,한국현대사,한미관계사,서울대학교,박사,朴泰均,"Park,  TaeGyun"
10152135,ok,최영자,여,1959,소속없음,기타,퇴직,현대소설(국문학),현대소설,강원대학교,박사,崔永慈,Choi Young Ja
10152139,ok,정수인,여,1980,서강대학교 서강 퓨처랩 연구소,전임연구원,재직,한국음악이론/분석,판소리,서울대학교,박사,鄭琇仁,Suin Chung
10152144,ok,유현주,여,1978,동국대학교,대학원생,재직,,,동국대학교,박사수료,劉賢珠,YOO HYUN JU
10152196,ok,신윤경,여,1973,장안대학교,초빙교수,재직,고전시가,고전시가,이화여자대학교,박사,辛允慶,Yunkyung Shin
10152210,ok,유혜령,여,1965,연세대학교,강사,재직,국어교육,"문법교육, 쓰기교육",한국교원대학교,박사,柳惠玲,Hye-ryung Yu
10152227,ok,강승혜,여,1961,연세대학교(연계),부교수,재직,한국어교육학,한국어교육,연세대학교,박사,,seung hae Kang
10152233,ok,김정호,남,1968,강원대학교 강릉캠퍼스,강사,재직,사회언어학,"사회언어학, 높임법",건국대학교,박사,金正皓,Jeongho Kim
10152247,private,,,,,,,,,,,,
10152279,private,,,,,,,,,,,,
10152285,ok,강석한,남,1963,건국대학교,부교수,재직,음성/음운론(영어학),영어학,연세대학교,박사,姜錫翰,Seok-han Kang
10152293,ok,이민호,남,1963,서울과학기술대학교,기금교수,재직,현대시(국문학),"전위문학, 탈식민주의, 담화론, 작가론,시창작",서강대학교,박사,李敏鎬,Minho Lee
10152300,ok,손진희,여,1982,성운대학교,조교수,재직,,,강원대학교,,孫眞熙,Son Jinhee
10152302,ok,김석희,여,1970,경희대학교(국제캠퍼스) 국제지역연구원,연구교수,재직,일본근현대문학,식민지문학  김사량,大阪外國語大學,박사,金碩熙,Seokhee Kim
10152327,ok,김혜신,여,1965,전주대학교,객원교수,재직,영화이론,"영상시학, 영화감성론, 영상과 텍스트의 상호매체성",Univ. de Paris III (Univ. Sorbonne Nouvelle),박사,金慧信,Hye-shin Kim
10152375,ok,신향림,여,1968,고려대학교 고려대학교 부설 한자한문연구소,연구교수,재직,한시,조선 중기 한시,고려대학교,박사,辛香林,Hyang rim Shin
10152378,ok,이윤진,여,1972,안양대학교(연계),조교수,재직,한국어교육학,외국어로서의 한국어교육,연세대학교,박사,李倫珍,"Lee, yunjin"
10152451,ok,이상일,남,1974,청주교육대학교(연계),부교수,재직,국어교육학,국어교육(고전소설),서울대학교,박사,李相壹,Lee Sang Il
10152488,ok,백진우,남,1977,서강대학교(연계),부교수,재직,한문비평,조선후기 한문산문,고려대학교,박사,白晋宇,Baek Jinwoo
10152555,ok,주영아,여,1970,한양대학교,강사,재직,한문비평,17세기 사상과 문학,한양대학교,박사,朱榮兒,Joo Young ah
10152584,ok,김선철,남,*****,국립국어원,*****,*****,음운론(국어학),국어운율론,서울대학교,박사,*****,*****
10152597,ok,김주리,여,1972,국립한밭대학교(연계),교수,재직,현대소설(국문학),"문학 사회학, 근현대 소설 작품론, 근현대 작가론",서울대학교,박사,,Kim Juelee
10152612,ok,박지영,여,1969,인하대학교,강사,재직,비교문학(일본문학),일본 근대 시가문학,한국외국어대학교,박사,朴智暎,Jiyoung Park
10152628,ok,이만영,남,1980,전북대학교(연계),조교수,재직,현대소설(국문학),현대소설,고려대학교,박사,,Lee manyoung
10152633,ok,이찬행,남,1969,충북대학교(연계),부교수,재직,서양현대사,미국사,State University of New York at Stony Brook,박사,李燦行,Chanhaeng Lee
10152637,ok,이효인,남,1971,세한대학교(대학별),부교수,재직,한국어교육학,한국어교육,전남대학교,박사,李孝仁,Lee Hyo In
10152653,ok,박찬식,남,1964,가천대학교,겸임교수,퇴직,어휘론(국어학),어휘사,가천대학교,박사,박찬식,Chan-shik Pak
10152679,ok,김한샘,여,1975,연세대학교(연계),교수,재직,국어정보학,국어정보학,연세대학교,박사,,Hansaem Kim
10152725,ok,임은하,여,*****,서울여자대학교(연계),*****,*****,국어학,국어학,서울여자대학교,박사,*****,*****
10152785,ok,백로라,여,1968,숭실대학교(연계),부교수,재직,희곡,한국현대희곡,숭실대학교,박사,白로羅,Ro-ra Paek
10152878,ok,박수진,여,1979,한양대학교,강사,미취업,고전시가,가사,한양대학교,박사,朴秀晉,Park sujin
10152884,ok,백성혜,여,1965,한국교원대학교(연계),교수,재직,과학교육학,"과학 교사 교육, 과학 교육과정 및 평가",서울대학교,박사,白盛惠,Paik Seounghey
10152893,ok,유봉희,남,1963,서울대학교,선임연구원,재직,현대소설(국문학),현대문학 전공 한국학,인하대학교,박사,柳奉熙,"YU, BONG-HEE"
10152905,ok,김영찬,남,1965,계명대학교(연계),부교수,재직,현대소설(국문학),한국현대소설,성균관대학교,박사,金永贊,Kim Young-Chan
10152941,ok,방성원,여,*****,경희사이버대학교(연계),*****,*****,한국어교육학,문법 교육론,경희대학교,박사,,*****
10152942,ok,최명숙,여,1957,가천대학교,강사,재직,현대소설(국문학),한국 현대 노년소설 연구,가천대학교,박사,崔明淑,Myungsook Choi
10152963,ok,박규홍,남,1954,경일대학교,교수,재직,고전시가,고시조,영남대학교,박사,朴奎洪,Kyu-Hong Park
10152974,ok,유승미,여,1982,고려대학교,강사,재직,현대소설(국문학),한국근대소설,고려대학교,박사,柳陞美,RYOO SEUNG MEE
10152992,ok,강석화,남,*****,경인교육대학교(연계),*****,*****,조선후기사,조선후기 사상사 및 사회사,서울대학교,박사,*****,*****
10153071,ok,배영환,남,1969,제주대학교(연계),교수,재직,국어사,음운사,한국학중앙연구원,박사,裵泳煥,Bae Younghwan
10153152,ok,박영준,남,1972,서울과학기술대학교(연계),교수,재직,현대소설(국문학),현대소설,고려대학교,박사,朴永俊,Youngjun Park
10153161,ok,정원채,남,1975,한성대학교,강사,재직,현대소설(국문학),현대소설,한성대학교,박사,鄭元采,jeong won-chai
10153163,ok,이수진,여,1980,선문대학교,부교수,재직,고전시가,고전시가,선문대학교,박사,李秀珍,SuJin Lee
10153169,ok,안제인,남,1979,동국대학교,대학원생,재직,한문학,한시,동국대학교,석사,安齊仁,Je-in An
10153239,ok,정영문,남,1967,숭실대학교(연계),부교수,재직,고전시가,사행문학,숭실대학교,박사,鄭英文,Young moon Jeong
10153262,ok,김유미,여,1966,단국대학교(연계),조교수,재직,희곡,현대희곡,고려대학교,박사,金維美,Kim Yoo Mi
10153273,ok,백영경,여,1968,제주대학교(연계),교수,재직,여성인류학,의료문화인류학,Johns Hopkins Univ.,박사,白英瓊,"Paik, Young-Gyung"
10153282,ok,김태균,남,1971,서울대학교(연계),교수,재직,국제/외무행정,"국제개발협력, 글로벌 거버넌스",Univ. of Oxford,박사,金泰均,Taekyoon Kim
10153283,ok,김미영,여,1967,성균관대학교,연구교수,퇴직,예술철학,동양미학,성균관대학교,박사,金美英,KIM MIYOUNG
10153293,ok,박영우,남,*****,경기대학교,*****,*****,문예창작,현대시,중앙대학교,박사,,*****
10153299,ok,이준희,남,1972,전주대학교,강사,재직,대중/실용/영화음악,한국 대중음악,서울대학교,학사,李埈熙,Junhue Lee
10153308,ok,박현순,여,1968,서울대학교(연계),HK교수,재직,한국사,,서울대학교,박사,朴賢淳,PARK HYUN SOON
10153338,private,,,,,,,,,,,,
10153344,private,,,,,,,,,,,,
10153375,ok,박용찬,남,1970,대구대학교(연계),교수,재직,국어사,중세국어,서울대학교,박사,朴龍燦,"Park, Yong Chan"
10153434,ok,이주라,여,*****,원광대학교(연계),*****,*****,문학비평(국문학),한국현대소설,고려대학교,박사,*****,*****
10153508,ok,박경우,남,1971,나사렛대학교(대학별),조교수,재직,고전시가,"고전시가(고려속요, 경기체가, 시조, 가사 등)",연세대학교,박사,,Kyungwoo Park
10153591,private,,,,,,,,,,,,
10153767,ok,김국희,여,1972,부산대학교 한국민족문화연구소,전임연구원,재직,구비문학(국문학),구비문학,부산대학교,박사,김국희,"Kim,Kukhee"
10153822,ok,김미덕,여,*****,성신여자대학교(연계),*****,*****,정치외교학,"젠더정치, 정치사상, 비교정치, 정치",Rutgers the State Univ. of New Jersey- New Brunswick,박사,*****,*****
10153872,ok,정진헌,남,1969,통일교육원,교수,재직,문화인류학,"이주-난민, 종교, 통일교육, 평화인류학, 사회통합",University of Illinois at Urbana - Champaign,박사,鄭塡憲,Jin-Heon Jung
10153932,ok,권혁률,남,1965,吉林大學,교수,재직,,,인하대학교,박사,權赫律,quanhelv
10153951,ok,장성규,남,1978,건국대학교,부교수,재직,현대소설(국문학),현대소설,서울대학교,박사,張成奎,Jang Sung-Kyu
10154000,ok,박정애,여,1974,동북아역사재단,연구위원,재직,한국근대사,"근대여성사, 사회사, 제도사",숙명여자대학교,박사,朴貞愛,park jung ae
10154051,ok,이길연,남,1955,선문대학교,강사,재직,운문,현대시,고려대학교,박사,이길연,Gilyeon Lee
10154098,ok,권진옥,남,1979,단국대학교(연계),조교수,재직,고전산문,한문산문,고려대학교,박사,,"Kwon, Jin-ok"
10154190,ok,정숙희,여,1959,국립경국대학교,교수,퇴직,무용사회학,현대무용,한양대학교,박사,정숙희,chung sook hee
10154224,private,,,,,,,,,,,,
10154233,ok,강지윤,여,1979,연세대학교,강사,재직,소설,한국근현대소설,연세대학교,박사,姜志胤,Jiyun Kang
10154264,ok,차선일,남,1977,광운대학교,강사,재직,소설,근대소설,경희대학교,박사,,Sunil Cha
10154283,ok,김소영,여,1981,성균관대학교,,재직,,,경북대학교,학사,,Soyoung Kim
10154303,ok,이현희,여,1974,안양대학교(연계),부교수,재직,형태론(국어학),조어론,고려대학교,박사,,"Lee, Hyun Hee"
10154343,private,,,,,,,,,,,,
10154348,ok,강회진,여,1975,한국연구재단,연구원,퇴직,문예창작,문예창작전공,단국대학교,박사,姜回鎭,kang  hoe  jin
10154364,ok,오제연,남,1973,성균관대학교(연계),부교수,재직,한국현대사,"1950-70년대 한국 정치사, 사회사, 운동사, 대학사, 문화사",서울대학교,박사,吳？淵,"OH, JEYEON"
10154375,ok,안미애,여,*****,경북대학교(연계),*****,*****,음운론(언어학),음성음운론,경북대학교,박사,,*****
10154505,ok,안상경,남,1971,충북대학교,초빙교수,재직,구비문학(국문학),무가(무경),한국외국어대학교,박사,安相敬,SangKyung An
10154707,ok,서한용,남,1971,한국외국어대학교,강사,재직,일반문자학(중국어학),漢語言文字學,北京師範大學,박사,徐漢庸,Suh Hanyong
10154739,ok,김옥화,여,*****,서울대학교,*****,*****,,,서울대학교,박사,*****,*****
10154781,ok,서종원,남,1974,소속없음,선임연구원,미취업,문화/종교사회학,민속학,중앙대학교,박사,徐鍾源,Seo-Jong-Won
10154879,ok,이현경,여,1981,서강대학교(연계),조교수,재직,학제간연구,문화유산학,University of Cambridge,박사,李炫炅,Hyunkyung Lee
10154882,ok,김효신,여,*****,한국외국어대학교,*****,*****,의미론(국어학),국어학,한국외국어대학교,박사,*****,*****
10154887,ok,배상준,남,1969,건국대학교,교수,재직,영화이론,"영화/영상 콘텐츠, 영화이론",Philipps - Univ. Marburg,박사,裵相俊,"Bae, Sang-Joon"
10155077,ok,이선영,여,1976,국립국어원,책임연구원,재직,의미론(언어학),인지언어학,전남대학교,박사,,Lee Seonyoung
10155120,ok,이동아,여,*****,중앙대학교,*****,*****,민속학(인류학),종교민속,중앙대학교,박사,*****,*****
10155225,ok,황정현,여,1979,고려대학교,초빙교수,재직,현대소설(국문학),"근대문학, 소설, 연구사",고려대학교,박사,黃貞鉉,Junghyun Hwang
10155357,ok,손인서,남,1972,고려대학교 아세아문제연구원,연구교수,재직,사회계층/계급,국제이주,Duke University,박사,孫寅瑞,Inseo Son
10155358,ok,송재혁,남,1979,고려대학교 아세아문제연구원,연구교수,재직,한국정치사상,동아시아 정치사상(고전문헌과 국가설계),고려대학교,박사,宋載赫,JaeHyeok Song
10155380,ok,양민화,여,*****,국민대학교(연계),*****,*****,특수교육,학습장애,Univ. of Virginia,박사,*****,*****
10155392,ok,최호빈,남,1979,국립경국대학교(연계),조교수,재직,현대시(국문학),현대문학,고려대학교,박사,,
10155410,ok,백윤경,여,1983,충남대학교,강사,재직,현대소설(국문학),현대문학(현대소설),충남대학교,박사,白潤京,Baek yun kyung
10155470,ok,이유경,여,1975,숭실대학교(연계),조교수,재직,한국어교육학,한국어교육,고려대학교,박사,,Lee YooKyoung
10155547,ok,김춘호,남,1974,국립순천대학교 남도문화연구소,책임연구원,재직,지역불교및불교사연구,한국과 일본의 불교문화 전반,佛敎大學,박사,金春鎬,Choonho Kim
10155607,private,,,,,,,,,,,,
10155619,ok,송홍규,남,1966,국립공주대학교(연계),교수,재직,통사론(언어학),인과구문,University of Wisconsin - Madison,박사,宋弘圭,SONG HONG KYU
10155637,private,,,,,,,,,,,,
10155809,ok,이혜정,여,1970,서울대학교,책임연구원,재직,조선전기사,사회문화사,경희대학교,박사,李蕙汀,"Lee, Hea Jung"
10155824,private,,,,,,,,,,,,
10155836,ok,김형근,남,1974,국립경국대학교(연계),조교수,재직,구비문학(국문학),구비문학,경기대학교,박사,金亨根,KIM HYUNG KUN
10155930,ok,이미정,여,1976,중앙대학교,강사,재직,기타인문학,"문화경영, 문화정책, 다문화교육",인하대학교,박사,李美貞,Mijung Lee
10155951,ok,하재연,여,*****,고려대학교,*****,*****,현대시(국문학),한국 현대문학사 및 한국현대시사,고려대학교,박사,*****,*****
10155978,private,,,,,,,,,,,,
10156079,ok,엄소연,여,*****,한국외국어대학교,*****,*****,예술학,"미술비평, 박물관학",홍익대학교,박사,*****,*****
10156093,ok,이평전,남,1969,서원대학교(연계),조교수,재직,현대소설(국문학),"현대소설, 소설비평",동국대학교,박사,李平田,Lee Pyeong Jeon
10156213,ok,김혜정,여,1980,덕성여자대학교(연계),조교수,재직,구비문학(국문학),"구비문학, 고전산문, 문화콘텐츠",고려대학교,박사,金慧瀞,Kim HaeJyung
10156376,ok,이문성,남,1971,고려대학교,초빙교수,재직,고전산문,판소리 및 판소리계 소설,고려대학교,박사,李文成,"LEE, MOONSUNG"
10156382,ok,이유진,여,1972,세종대학교(연계),조교수,재직,구비문학(국문학),판소리 문학,서울대학교,박사,李柳辰,EUGENE LEE
10156495,ok,김창호,남,1967,원광대학교(연계),교수,재직,한시,조선중기 한시,고려대학교,박사,金昌祜,KIM Chang Ho
10156833,ok,권현주,여,1963,전주대학교,연구교수,재직,일본문화학,HD0508,전북대학교,박사,權賢珠,kwon Hyun Ju
10156850,ok,한순미,여,1972,조선대학교(연계),교수,재직,현대소설(국문학),한국현대문학,전남대학교,박사,韓順美,HAN SOON MI
10156867,ok,김백영,남,1970,서울대학교(연계),교수,재직,사회사/역사사회학,"도시/지역사회학, 한국근현대사, 문화사회학",서울대학교,박사,金白永,"KIM, Baek Yung"
10156883,ok,안득용,남,1975,국립부경대학교(연계),부교수,재직,한문산문,한문산문,고려대학교,박사,安得鎔,
10157025,ok,김석태,남,*****,전남대학교,*****,*****,한시,불교한시,전남대학교,박사,*****,*****
10157341,ok,송현주,여,1973,연세대학교(연계),교수,재직,발달/노년심리,"언어 발달, 언어 심리학, 인지 발달",University of Illinois at Urbana - Champaign,박사,,Hyun Joo SONG
10157421,ok,이지행,여,1974,전북대학교(연계),조교수,재직,영화이론,미디어문화연구,중앙대학교,박사,,Jeeheng Lee
10157424,ok,박용재,남,1980,동국대학교,대학원생,미취업,현대소설(국문학),현대소설,동국대학교,석사,朴容在,Yongjae-Park
10157431,ok,장인진,남,1948,계명대학교 한국학연구원,기타,재직,고전시가,한국문헌학,영남대학교,박사,張仁鎭,Injin Chang
10157472,ok,이성희,여,1969,총신대학교(대학별),조교수,재직,구비문학,"구비문학, 한국어교육",경희대학교,박사,,SungHee Lee
10157583,ok,최식,남,1971,국립공주대학교(연계),부교수,재직,한문산문,조선후기 산문,성균관대학교,박사,崔植,
10157601,ok,김미정,여,1960,전북대학교,강사,재직,현대소설(국문학),현대소설,전북대학교,박사,金美貞,Kim Mi- Jeong
10157918,ok,이승우,남,1964,경북대학교(연계),교수,재직,건축계획 및 설계,건축설계방법론,홍익대학교,박사,,LEE SEUNG WOO
10158011,ok,진정란,여,*****,사이버한국외국어대학교(대학별),*****,*****,응용국어학,"외국어로서의 한국어교육, 담화 문법, 온라인 교육",한국외국어대학교,박사,*****,*****
10158063,ok,류동규,남,*****,경북대학교(연계),*****,*****,현대소설(국문학),현대소설교육,경북대학교,박사,*****,*****
10158129,ok,신동훈,남,1966,서울교육대학교(연계),교수,재직,과학교육학,생물교육,한국교원대학교,박사,,
10158166,ok,안서현,여,1982,홍익대학교(연계),조교수,재직,한국어와문학,현대소설,서울대학교,박사,,Ahn Seohyun
10158195,ok,김지연,여,1979,명지대학교(연계),교수,재직,국어교육학,Digital Media literacy,고려대학교,박사,金芝姸,Kim Ji Youn
10158199,ok,김병철,남,*****,,,,한문교육,한문교육,성균관대학교,석사,*****,*****
10158301,ok,전병준,남,1974,인천대학교(연계),교수,재직,현대시(국문학),현대시,고려대학교,박사,全炳俊,"Jeon, Byung-Joon"
10158469,ok,한태구,남,1980,서울대학교,,재직,,,,,韓台求,Taegoo Han
10158483,private,,,,,,,,,,,,
10158494,ok,정은기,남,1979,가톨릭대학교(연계),부교수,재직,현대시(국문학),현대시 (근대시 형성기),경희대학교,박사,鄭 恩 技,Jeong Eun Ki
10158495,ok,김진선,여,1981,경희대학교,강사,재직,고전산문,판소리,경희대학교,박사,金辰宣,Jin-son Kim
10158501,ok,안숭범,남,1979,경희대학교(연계),교수,재직,기타인문학,"한국문화콘텐츠, 스토리텔링",경희대학교,박사,,Soongbeum Ahn
10158504,ok,조미영,여,1978,평택대학교,겸임교수,재직,영상매체/매체기술,한국 영화,경희대학교,박사,曺美英,Cho Mi-Young
10158507,private,,,,,,,,,,,,
10158508,ok,이정선,여,1973,경희대학교,강사,재직,기타국문학,재외동포문학-고려인문학,경희대학교,박사,,LEE JUNG SUN
10158518,ok,이승규,남,1973,안양대학교(연계),부교수,재직,현대시(국문학),현대시,국민대학교,박사,李承揆,"Lee, Seung Gyu"
10158597,ok,조창열,남,1959,백석대학교,강사,재직,,,성신여자대학교,박사,趙昌烈,Changyeol Cho
10158644,ok,곽정례,여,1970,경희대학교,강사,재직,한문학,조선시대 한시 및 산문,경희대학교,박사,郭貞禮,Kwak Jeongrye
10158646,private,,,,,,,,,,,,
10158651,ok,구봉곤,남,*****,경희대학교,*****,*****,고전시가,한문학,경희대학교,박사,*****,*****
10158662,ok,송종원,남,1980,서울예술대학교,조교수,재직,문학사,현대문학,고려대학교,박사,宋鐘元,song jong won
10158757,ok,김은정,여,1967,홍익대학교(연계),부교수,재직,한문학,"한문산문, 한시, 한문교육,고전산문",서울대학교,박사,,KIM EUNJEONG
10158877,private,,,,,,,,,,,,
10158916,ok,한계호,남,1970,延邊大學,전임강사,재직,,,延邊大學,,韓繼鎬,jihao han
10158922,ok,변철희,남,1980,기타기관,연구위원,재직,학제간연구,문화경영학,인하대학교,박사,邊喆熙,Byeon Cheol Hee
10158928,ok,김성문,남,1978,중앙대학교(연계),부교수,재직,고전시가,향가/시조/가사/고려속요,중앙대학교,박사,金成紋,Kim Seong moon
10159026,ok,진현,남,1971,영남대학교(연계),교수,재직,의미론(중국어학),현대중국어 어법,復旦大學,박사,陳賢,JIN HYEON
10159030,ok,안유경,여,1967,경북대학교,기타,미취업,한국유가철학,퇴계학파를 중심으로 하는 조선후기 성리학,성균관대학교,박사,安琉鏡,Anyookyung
10159115,ok,박경희,여,1954,한국방송공사(KBS),,재직,,,성균관대학교,,朴慶姬,Kyoung-hee Park
10159172,ok,이연순,여,1973,경북대학교 퇴계연구소,HK연구교수,재직,한문산문,일기문학,이화여자대학교,박사,李演淳,Lee Yeonsoon
10159273,ok,윤보윤,여,1982,충남대학교,강사,재직,고전산문,고전소설,충남대학교,박사,尹保允,Boyoon Yoon
10159343,ok,김종휘,남,1959,영산대학교,부교수,퇴직,전산언어학,단어중의성해소,서울대학교,박사,金鍾輝,"Kim, Jong-whee"
10159454,ok,조영란,여,*****,성균관대학교,*****,*****,현대소설(국문학),현대문학,성균관대학교,박사,*****,*****
10159479,ok,고영진,여,1977,충남대학교,강사,재직,현대소설(국문학),현대소설,충남대학교,박사,高英秦,Youngjin Go
10159496,ok,임지원,여,1969,우송대학교,초빙교수,재직,학제간연구,"융복합학, 인지언어, 스피치와토론, 의사소통, 미디어리터러시교육",충남대학교,박사,林知源,Lim Ji-Won
10159527,ok,이주영,여,*****,동국대학교 한국문학연구소,*****,*****,고전산문,"필기, 야담, 소설",동국대학교,박사,,*****
10159667,ok,김종성,남,1975,국민대학교(연계),부교수,재직,창업/벤처기업,창업/벤처기업,중앙대학교,박사,金鍾成,KIM JONG SUNG
10159767,ok,양가영,여,1977,충북대학교,강사,재직,문학비평(국문학),현대소설(국문학),고려대학교,박사,梁佳泳,Gayoung Yang
10159879,ok,권우진,여,1975,한양대학교,강사,재직,화용론(국어학),"대화 분석, 토의",한양대학교,박사,權友眞,Ujin Kwon
10159890,ok,김성숙,여,1968,연세대학교 언어연구교육원 한국어학당,교수,재직,언어교육,대학 글쓰기 교육,연세대학교,박사,金性淑,"Kim, Sung Sook"
10159905,ok,엄태웅,남,1979,고려대학교(연계),교수,재직,고전산문,"고전서사, 고전소설",고려대학교,박사,嚴泰雄,Eom Tae-ung
10159929,ok,정영진,여,1978,건국대학교,초빙교수,재직,운문,현대시,건국대학교,박사,鄭英珍,"Jeong,Young-jin"
10159944,ok,홍유빈,남,1979,경북대학교 영남문화연구원,연구원,재직,한국경학,조선시대 시경학,고려대학교,박사,洪裕彬,Hong you bin
10159956,ok,임재욱,남,*****,경북대학교(연계),*****,*****,고전시가,가사,서울대학교,박사,*****,
10160101,ok,노현균,남,1972,명지대학교,,재직,건축 역사 및 이론,역사 및 이론,명지대학교,석사,盧賢均,Hyeonkyun Noh
10160209,ok,김동환,남,1969,해군사관학교,교수,재직,인지언어학,"은유, 환유, 개념적 혼성",경북대학교,박사,金東換,Donghwan Kim
10160298,ok,김수현,남,*****,문화체육관광부,*****,*****,음운론(국어학),"국어음운론, 국어방언학",서강대학교,박사,*****,*****
10160377,ok,최애순,여,1975,계명대학교(연계),부교수,재직,한국어와문학,현대소설,고려대학교,박사,崔愛洵,Choi Ae-soon
10160378,ok,장승익,남,*****,한남대학교,*****,*****,음운론(국어학),"음운론, 방언학",전북대학교,박사,*****,*****
10160394,ok,조경순,남,1973,전남대학교(연계),교수,재직,의미론(국어학),통사의미론,전남대학교,박사,曺炅舜,Jo Kyungsun
10160403,ok,김지영,여,1980,안양대학교,강사,재직,소설,근대소설,국민대학교,박사,,Jiyoung Kim
10160442,ok,김봉곤,남,1959,전북대학교 이재연구소,전임연구원,재직,조선후기사,조선후기사상사,한국학중앙연구원 한국학중앙연구원,박사,金鑝坤,Kim Bong Gon
10160461,ok,안혁,남,1971,성균관대학교(연계),부교수,재직,의미론(러시아어학),슬라브어 인지언어학,Univ. of North Carolina at Chapel Hill,박사,安爀,"AHN, HYUG"
10160489,ok,손성필,남,*****,조선대학교(연계),*****,*****,사상사(역사학),"조선시대사, 한국불교사",동국대학교,박사,*****,*****
10160552,ok,강주현,여,1973,숙명여자대학교,교수,재직,정치권력/정치과정,"선거, 정당, 여론,",Florida State University,박사,姜周賢,Joohyun Kang
10160610,ok,한운진,여,1966,동국대학교 불교문화연구원,HK연구교수,재직,중국고전문학,불교문학,고려대학교,박사,韓雲珍,OonJin Han
10160675,ok,김경희,여,1963,국립국악원,책임연구원,재직,한국음악이론/분석,판소리음악,한국학중앙연구원,박사,金景姬,Kyunghee Kim
10160696,ok,남은혜,,1982,한국학중앙연구원(연계),,재직,현대소설(국문학),한국현대소설,서울대학교,박사,南恩惠,Eunhye Nam
10160703,ok,박선영,여,1971,청운대학교,조교수,재직,현대시(국문학),현대시,성신여자대학교,박사,朴宣映,"Park, Seon-young"
10160716,ok,신은제,남,1971,국립창원대학교,강사,재직,고려시대사,사회경제사,동아대학교,박사,申銀濟,EunJae Shin
10160731,ok,김숙현,여,1965,경기대학교,강사,재직,연극이론,연극비평 및 연극치료,동국대학교,박사,金淑賢,Suk-hyun Kim
10160737,private,,,,,,,,,,,,
10160738,ok,정희창,남,*****,성균관대학교(연계),*****,*****,통사론(국어학),"국어 문법론, 형태론",성균관대학교,박사,*****,*****
10160848,ok,김형중,남,1968,조선대학교(연계),교수,재직,현대소설(국문학),한국 현대 소설,전남대학교,박사,金亨中,Kim Hyoung-joong
10160858,ok,현윤호,여,1964,서경대학교(연계),부교수,재직,한국어교육학,외국어로서의 한국어 교육,경희대학교,박사,,HYUN Yoon Ho
10160974,ok,최정혜,여,1972,경기대학교,강사,재직,의미론(언어학),어휘의미론,고려대학교,박사,崔晶惠,Junghye Choi
10161191,ok,이현주,여,1983,(주) 다이퀘스트,책임연구원,재직,화용론(국어학),인지화용론,한성대학교,석사,李賢珠,Lee Hyun Joo
10161257,ok,이한정,남,1965,상명대학교(연계),교수,재직,일본근현대문학,"다니자키 준이치로, 소설론, 번역, 재일코리안문학, 현대문학언어론",東京大學,박사,李漢正,Lee Han Jung
10161283,ok,박진아,여,1978,경북대학교,기타,미취업,고전산문,고전소설,경북대학교,박사수료,朴鎭我,Jina Park
10161294,ok,노진서,남,1959,광운대학교,부교수,재직,통사론(영어학),구문과 의미의 통시적 연구,한양대학교,박사,,"Noh, Jinseo"
10161296,ok,권석순,여,1952,강원대학교,연구원,재직,기타국문학,아동문학,강원대학교 강릉캠퍼스,박사,權錫順,Seoksoon Kweon
10161349,ok,계승범,남,1960,서강대학교,교수,퇴직,조선후기사,"15-19세기 정치, 지성, 외교",University of Washington,박사,桂勝範,Seung Bum Kye
10161450,ok,한재훈,남,*****,성공회대학교,*****,*****,한국철학일반,한국유가철학,고려대학교,박사,*****,*****
10161480,ok,정한아,여,*****,한신대학교(연계),*****,*****,현대시(국문학),한국 현대 시,연세대학교,박사,*****,*****
10161515,ok,김석준,남,1964,서울과학기술대학교,강사,재직,운문,한국현대시,서울대학교,박사,,Sugjun Kim
10161595,ok,김선주,여,1967,건국대학교,겸임교수,재직,문학장르,"현대문학, 문화콘텐츠",호서대학교,박사,金善珠,kim sun joo
10161599,ok,김일규,남,1981,강원대학교(연계),교수,재직,화용론(언어학),정보구조이론,Yale Univ.,박사,金一圭,KIM ILKYU
10161602,ok,스티븐캐페너,남,1959,서울여자대학교,초빙교수,재직,,,서울대학교,박사,,Steven  Capener
10161655,ok,박치성,남,1971,중앙대학교(연계),교수,재직,기타행정학,"조직간 관리, 정책네트워크",University of Pittsburgh,박사,朴致成,Chisung Park
10161711,ok,박관수,남,1955,민족음악연구소,회원,미취업,기타인문학,민속학,한국외국어대학교,박사,박관수,bak gwansu
10161755,ok,조보라미,여,1973,영남대학교(연계),교수,재직,현대희곡(국문학),한국 현대 희곡,서울대학교,박사,趙보라미,"Zoh, Borami"
10161883,ok,김종헌,남,1966,대구교육대학교,연구교수,재직,현대시(국문학),"현대시, 아동문학",대구대학교,박사,金鍾憲,Kim Jong-heon
10162006,ok,박유경,여,1979,서울대학교,POST-DOC,미취업,의미론(언어학),"의미론, 화용론",Univ. of Delaware,박사,,"Park, Yugyeong"
10162065,ok,홍성남,남,1962,한신대학교,강사,재직,구비문학(국문학),문헌설화,단국대학교,박사,洪性南,Seongnam Hong
10162096,ok,서한석,남,1972,성균관대학교,겸임교수,재직,한문산문,조선중기 산문,성균관대학교,박사,徐漢錫,Seo hanseok
10162097,ok,김주부,남,*****,성균관대학교,*****,*****,한문비평,조선조 한문비평,성균관대학교,박사,*****,*****
10162137,ok,강민희,여,*****,대구한의대학교(연계),*****,*****,문예창작,문예이론,단국대학교,박사,*****,
10162218,ok,이수정,여,1974,광주과학기술원(연계),교수,재직,현대시(국문학),1930년대 한국시,서울대학교,박사,,Soo Jong Lee
10162292,ok,박영미,여,1968,소속없음,기타,미취업,한문비평,근대 한문학,단국대학교,박사,朴暎美,Youngmi Park
10162318,ok,이혜정,여,1982,국립한밭대학교,강사,재직,현대소설(국문학),현대소설,서울대학교,박사,李慧定,Lee HyeJeong
10162335,ok,박춘태,남,1961,浙江越秀外国语学院,계약교수,재직,한국어교육학,한국어정책,부산대학교,박사,朴春泰,"Park, Choontae"
10162435,ok,김성빈,남,1955,서일대학교,교수,재직,연극연출/연기,연극연출,동국대학교,박사수료,金成彬,Sungbin Kim
10162462,ok,이재열,남,1976,한국학중앙연구원,대학원생,미취업,학제간연구,인문정보학,McGill Univ.,박사수료,李在烈,Jae-yeol Lee
10162529,ok,김창현,남,*****,공주교육대학교(연계),*****,*****,비교문학(국문학),서사문학 및 문학이론,성균관대학교,박사,*****,*****
10162589,ok,강남욱,남,*****,성균관대학교(연계),*****,*****,한국어교육학,"한국어문법론, 한국어교재론",서울대학교,박사,,*****
10162657,ok,배수찬,남,1974,국민대학교,강사,재직,비교문학,동서비교문학,Ruhr University - Bochum,박사,裵秀燦,"Bae, Su-Chan"
10162658,ok,성희제,남,1967,국립한밭대학교(연계),교수,재직,음운론(국어학),"국어음운사, 방언음운론, 지명어의 음운과 형태",충남대학교,박사,成 憘濟,Seong HeeJe
10162709,ok,이경은,여,1985,서울대학교,강사,재직,화용론(국어학),통사화용론,서울대학교,박사,,Kyung Eun Lee
10162740,ok,하민수,남,1979,서울대학교(연계),교수,재직,과학교육학,생물교육,The Ohio State Univ.,박사,河旼秀,Minsu Ha
10162858,ok,송여주,여,1971,호평중학교,기타,재직,국어교육학,문학교육,서울대학교,석사,,Yeoju Song
10162950,ok,황규삼,남,1962,서일대학교,교수,재직,의미론(언어학),"일본어 어휘(의성어,의태어)",인하대학교,박사,黃圭三,Kyusam Hwang
10163069,ok,명성준,남,1969,경상국립대학교(연계),교수,재직,행정학,지역개발 지방자치 문화행정 정보화,University of Pittsburgh,박사,明成俊,Myung Sung-Jun
10163161,ok,윤준채,남,1968,대구교육대학교(연계),교수,재직,국어교육학,읽기(독서) 교육,The University of Georgia,박사,尹俊采,Yoon Jun-Chae
10163170,ok,강성현,남,*****,성공회대학교(대학별),*****,*****,사회사/역사사회학,한국근현대사,서울대학교,박사,,*****
10163174,ok,김혜련,여,1968,성신여자대학교(연계),부교수,재직,국어교육학,국어교육,동국대학교,박사,,"KIM, HYE RYEUN"
10163214,private,,,,,,,,,,,,
10163231,ok,임수경,여,1974,단국대학교(연계),교수,재직,문예창작,창작교육학,단국대학교,박사,林秀璟,Lim Su Kyung
10163306,ok,염승숙,여,1982,동국대학교,대학원생,재직,,,동국대학교,,廉承叔,Yum Seoung suk
10163311,private,,,,,,,,,,,,
10163324,ok,이경미,여,1972,경북대학교,강사,재직,한문산문,조선후기 한문학 작가,경북대학교,박사,,
10163338,ok,장미영,여,*****,강남대학교,*****,*****,현대소설(국문학),현대소설,숙명여자대학교,박사,*****,*****
10163354,ok,임동호,남,1963,동방문화대학원대학교(대학별),교수,재직,인도철학,요가,University of Pune,박사,林東豪,Lim dong ho
10163367,ok,제혜금,여,1973,전주대학교(연계),조교수,재직,국제경영,국제재무,충남대학교,박사,諸慧琴,ZHU HUIQIN
10163383,ok,조제웅,남,1967,소속없음,기타,미취업,현대시(국문학),현대시,영남대학교,박사,趙濟雄,Jaewoong Cho
10163429,ok,이남면,남,1977,충남대학교(연계),부교수,재직,한시,17세기 한시,고려대학교,박사,李南面,Lee nammyon
10163430,ok,김진호,남,1962,성공회대학교 신학연구원,,재직,,,,,,KIM JIN-HO
10163526,ok,김정빈,남,1962,동국대학교,기타,퇴직,일본어사,일본오음과 한국한자음과의 역사적비교,廣島大學,박사,金　正彬,kim jung-vin
10163534,ok,이국진,남,1978,강원대학교(연계),부교수,재직,한시,조선후기 한시,고려대학교,박사,,Lee Gook-Jin
10163549,ok,김근호,남,1976,전남대학교(연계),교수,재직,문학교육,현대소설,서울대학교,박사,金勤浩,Kim Keun-ho
10163705,ok,이기정,여,*****,대구교육대학교(연계),*****,*****,특수교육,학습장애,서울대학교,박사,*****,*****
10163773,ok,김두얼,남,1969,명지대학교(연계),교수,재직,경제사/학사,"서양경제사, 한국경제사, 경영사",University of California at LA,박사,,DUOL KIM
10163781,private,,,,,,,,,,,,
10163845,ok,문재원,여,1965,부산대학교(연계),교수,재직,국문학,현대소설,부산대학교,박사,文載媛,"Mun, Jae-Won"
10163867,ok,최태호,남,1959,중부대학교,기타,재직,,,한국외국어대학교,박사,崔台鎬,choi taeho
10163948,ok,신현숙,여,1944,덕성여자대학교(연계),명예교수,재직,프랑스문학,프랑스현대연극,Univ. de Franche - Comte,박사,愼炫淑,
10163949,ok,서미진,여,1973,고려대학교,강사,재직,영상문학,"한국희곡, 한국영화",고려대학교,박사,徐彌盡,Seo MiJin
10163952,ok,송재연,남,1975,제주대학교(연계),부교수,재직,고전시가,시조 가사,서울대학교,박사,,SONG JAE YEON
10164051,ok,박성지,여,*****,가천대학교,*****,*****,구비문학(국문학),문헌설화,이화여자대학교,박사,*****,*****
10164143,ok,김수경,여,1975,국립공주대학교,부교수,재직,한국경학,시경학,北京大學校,박사,金秀炅,"Kim, sookyoung"
10164190,ok,유정,여,*****,,,,,,,,,*****
10164208,private,,,,,,,,,,,,
10164218,ok,김정수,남,1978,울산대학교,연구교수,재직,현대시(국문학),현대시,울산대학교,박사,,kim jeongsu
10164260,ok,신재은,여,1976,동서울대학교,강사,재직,,,서강대학교,박사수료,申才恩,Jaeeun Shin
10164261,ok,윤정안,남,1982,민족문학사연구소,전임연구원,재직,고전산문,고전소설,서울시립대학교,박사,尹正安,Jeongahn Yoon
10164294,ok,이희영,남,1977,상명대학교(연계),부교수,재직,한문학,한시,고려대학교,박사,李喜榮,LEE HEE YOUNG
10164336,ok,심보경,여,1970,한림대학교(연계),부교수,재직,국어사,"국어학, 텍스트언어학, 공공언어정책, 대학교양교육",한림대학교,박사,沈保京,SHIM BO KYUNG
10164366,ok,이승은,여,1971,연세대학교,강사,재직,현대시(국문학),현대시&문학비평,연세대학교,박사,李承恩,"Lee, seung-eun"
10164376,ok,유홍주,여,1968,국립군산대학교,강사,재직,현대소설(국문학),현대소설,전남대학교,박사,柳洪珠,Hongju Yu
10164390,ok,배주연,여,*****,가톨릭관동대학교(연계),*****,*****,한시,조선 시대 한문학,이화여자대학교,박사,*****,*****
10164399,ok,김수영,여,*****,서울시립대학교(연계),*****,*****,고전산문,"한문소설, 동아시아 서사, 한국한문학",서울대학교,박사,*****,*****
10164447,ok,송주희,여,*****,충남대학교,*****,*****,,,충남대학교,,*****,*****
10164453,ok,권유리야,여,1964,부산외국어대학교,조교수,재직,문학비평(국문학),"현대소설비평, 대중문화, 문화비평",부산대학교,박사,權柔里野,Kwon-Juria
10164478,ok,박상란,여,1965,동국대학교 한국문학연구소,연구교수,재직,구비문학(국문학),설화,동국대학교,박사,朴商蘭,SangRan Park
10164544,ok,김현정,여,1981,전남대학교(연계),조교수,재직,기타국문학,,전남대학교,박사,,Kim Hyeonjeong
10164565,ok,유승미,여,1971,소속없음,기타,미취업,코퍼스,말뭉치언어학,연세대학교,박사,兪丞美,Yu Seungmi
10164583,ok,최문형,여,1963,성균관대학교,연구원,재직,동양철학,"중국철학, 한국철학, 동서비교철학, 윤리학",성균관대학교,박사,崔文馨,Choi-Moonhyoung
10164587,ok,구인모,남,1973,연세대학교(연계),교수,재직,비교문학(국문학),현대시,동국대학교,박사,,In Mo Ku
10164630,ok,안병삼,남,1972,삼육대학교,조교수,재직,중국현대문학,한중비교문학,山東大學,박사,安炳三,An Byung Sam
10164647,ok,김현주,남,*****,공주교육대학교(연계),*****,*****,국어사,"대우법, 문법화, 어휘화",고려대학교,박사,*****,*****
10164656,ok,고자연,여,*****,인하대학교 한국학연구소,*****,*****,현대소설(국문학),"한국문학, 북한문학",인하대학교,박사,*****,*****
10164677,ok,손숙경,여,*****,부산가톨릭대학교,*****,*****,조선후기사,"사회사, 문화사, 사상사",동아대학교,박사,,*****
10164820,ok,이지윤,남,1974,서강대학교 글로컬사회문화연구소,책임연구원,재직,한국정치사상,"한국 보수주의, 한국 민족주의",서강대학교,박사,李址潤,Lee Ji Yun
10164872,ok,박계리,여,1968,통일부,교수,재직,미술사,현대미술사,이화여자대학교,박사,朴桂利,Carey Park
10164912,ok,유석환,남,1979,성균관대학교 대동문화연구원,전임연구원,재직,국문학사,근대문학사,성균관대학교,박사,柳石桓,Yu Seok Hwan
10164939,ok,김경미,여,1962,계명대학교(연계),부교수,재직,미술사,서양미술사,Ruprecht - Karls - Univ. Heidelberg,박사,金耕美,Kyong-Mi Kim
10164972,ok,손희연,여,1973,서울교육대학교(연계),교수,재직,한국어교육학,"화용교육, 사회언어학",Universite Paris 7,박사,孫僖蓮,"SON, Hui-Youn"
10165009,ok,전미현,여,1971,York Univ.,부교수,재직,사회언어학,교육언어학,Univ. of Pennsylvania,박사,全美賢,Mihyon Jeon
10165012,ok,오윤정,여,1968,인하대학교,강사,재직,현대시(국문학),전후시,서강대학교,박사,吳允禎,O Yoon Jeong
10165017,ok,김지연,여,1981,조선대학교,강사,재직,희곡,현대희곡,전남대학교,박사,金智娟,Jiyeon Kim
10165053,ok,이상현,남,1975,부산대학교(연계),교수,재직,한국어와문학,고전산문,성균관대학교,박사,李祥賢,Lee Sang-Hyun
10165070,ok,정미강,여,*****,한국방송통신대학교,*****,*****,만화영화/컴퓨터애니메이션,"영상, 문화콘텐츠, 문화산업, 문화정책",부산대학교,박사,,*****
10165110,ok,오은정,여,1971,상명대학교(연계),교수,재직,언어습득,제2언어습득,University of Southern California,박사,吳恩貞,"Oh, Eunjeong"
10165134,ok,여은지,여,1981,전북대학교,강사,재직,음운론(국어학),음운사,전북대학교,박사,呂恩智,Eunji Yeo
10165144,ok,조대연,남,1970,전북대학교(연계),교수,재직,한국고대고고학,"토기분석, 금속분석",Univ. of Sheffield,박사,趙大衍,CHO DAE YOUN
10165147,ok,오재혁,남,1976,건국대학교,교수,재직,음운론(국어학),국어음운론/음성학,고려대학교,박사,吳在爀,Jeahyuk Oh
10165168,ok,엄태식,남,1977,조선대학교(연계),부교수,재직,고전산문,고전소설,가천대학교,박사,嚴泰植,Eom Tae-sik
10165178,ok,이천승,남,1968,성균관대학교(연계),교수,재직,한국유가철학,조선후기 성리학,성균관대학교,박사,李天承,"LEE, CHEON SUNG"
10165255,ok,양정임,여,1963,동아대학교,강사,퇴직,소설,현대소설,동아대학교,박사,梁正任,JungIm Yang
10165268,ok,이순영,여,1975,고려대학교(연계),교수,재직,국어교육학,독서교육,The University of Iowa,박사,李純榮,"Lee, Soon Young"
10165275,ok,황수영,여,1980,충남대학교,초빙교수,재직,한국철학일반,한국유가철학,충남대학교,박사,,hwang su-young
10165293,ok,박선애,여,1961,상명대학교,강사,재직,기타국문학,"고전시가, 민요, 미디어, 지역학",성균관대학교,박사,朴善愛,Park Seonae
10165338,ok,김영죽,여,1976,성균관대학교 동아시아미래가치연구소,수석연구원,재직,한시,조선후기 한시,성균관대학교,박사,金玲竹,kimyoungjook
10165339,ok,김민조,여,*****,청주교육대학교,*****,*****,교육행정/경영학,"교사교육, 교직사회학, 학교거버넌스, 학교변화,",서울대학교,박사,,
10165369,ok,배주연,여,1977,서강대학교 트랜스내셔널 인문학 연구소,연구교수,재직,영화이론,한국 및 동아시아 영화연구,Univ. of Nottingham,박사,裵珠淵,Juyeon Bae
10165446,ok,전성욱,남,1977,동아대학교(연계),부교수,재직,문학비평(국문학),"현대비평, 현대소설, 문화와 서사학",동아대학교,박사,田成煜,JEON SEONGWOOK
10165463,ok,유정은,여,1972,강원대학교,강사,재직,한국철학일반,한국철학 신사임당 예술철학,강원대학교,박사,劉禎恩,Yu Jeong Eun
10165498,ok,석진주,여,1978,고려대학교,연구원,재직,한시,역사한시,고려대학교,박사,石珍珠,Jeenjoo Seok
10165507,ok,오혜진,여,1972,남서울대학교(연계),부교수,재직,현대소설(국문학),근대대중소설,중앙대학교,박사,,Oh Hey Jine
10165553,ok,이은주,여,1976,서울대학교,강의교수,재직,한문학,조선시대한문학,서울대학교,박사,李恩珠,Eunju Yi
10165591,ok,이동순,여,1962,덕성여자대학교 역사문화연구소,연구원,재직,한시,18세기 한시,서울대학교,석사,李東順,Dong-soon Lee
10165671,ok,김경훤,남,1963,성균관대학교(연계),교수,재직,음운론(국어학),국어음운론,성균관대학교,박사,金徑暄,"KIM, KYONG HWON"
10165733,private,,,,,,,,,,,,
10165760,ok,이주희,여,1987,이화여자대학교,기타,재직,,,,,李周姬,Juhee Lee
10165802,ok,박재홍,남,*****,국립목포대학교(연계),*****,*****,광고/편집디자인,타이포그래피,서울대학교,박사,*****,*****
10165815,private,,,,,,,,,,,,
10165820,ok,김경연,여,1970,부산대학교(연계),교수,재직,문학비평(국문학),"현대소설, 여성문학",부산대학교,박사,金炅延,"Kim, kyungyeon"
10165873,ok,최효정,여,1985,국립산림과학원,POST-DOC,재직,북한사회및통일연구,북한 사회문화,동국대학교,박사,崔孝正,Choe Hyo Jeong
10165912,ok,서성,남,1959,배재대학교,부교수,퇴직,중국고전문학,중국고전문학,北京大學,박사,,SUNG SEO
10165947,ok,손남훈,남,1978,부산대학교(연계),부교수,재직,현대시(국문학),현대시,부산대학교,박사,孫南勳,"Son, Namhoon"
10165962,ok,박보연,여,1978,서울대학교,대학원생,재직,음운론(국어학),국어음운론,서울대학교,박사,朴保娟,Park Boyeon
10166011,ok,박현아,여,1977,연세대학교,강사,재직,응용언어학,언어습득,고려대학교,박사,朴賢兒,HyunA Park
10166038,ok,유승금,여,1973,한림대학교(연계),부교수,재직,응용국어학,한국어교육학,한양대학교,박사,유승금,Yoo Seung Geum
10166066,ok,탁원정,여,1971,성신여자대학교,강사,재직,고전산문,고전소설,이화여자대학교,박사,卓元姃,Tak wonjong
10166071,ok,조춘희,여,1981,부산대학교 한국민족문화연구소,연구교수,재직,현대시(국문학),현대시 현대시조,부산대학교,박사,趙春熙,Jo chun-hee
10166077,ok,이미화,여,1973,부산대학교,강사,재직,소설,탈식민주의 페미니즘 연구,부산대학교,박사,,lee mi hwa
10166128,ok,서희정,여,1972,영남대학교(연계),교수,재직,한국어교육학,한국어교육 문법교육 화행교육,경희대학교,박사,徐希姃,"SEO, HUIJEONG"
10166184,ok,박대현,남,1972,동아대학교 석당학술원,위촉연구원,재직,현대시(국문학),현대시론/시사,부산대학교,박사,,
10166232,ok,김은영,여,1978,이화여자대학교,연구위원,재직,영상커뮤니케이션,미디어/문화연구,이화여자대학교,박사,金恩英,Eunyoung Kim
10166293,ok,유순영,여,1968,서울대학교,강사,재직,미술사,한중회화교류,홍익대학교,박사,劉順英,Yoo Soonyoung
10166312,ok,백광호,남,1973,전주대학교(연계),교수,재직,한문교육,漢文敎科敎育學,고려대학교,박사,白光鎬,Baek  KwangHo
10166318,ok,오영진,남,1980,서울과학기술대학교,초빙교수,재직,현대시(국문학),현대 시,한양대학교,석사,吳榮鎭,youngjin oh
10166322,ok,구자훈,남,1973,고려대학교,,재직,한시,조선시대 한시,고려대학교,박사수료,具資訓,Jahun koo
10166332,ok,김대성,남,1980,동아대학교 젠더어펙트연구소,위촉연구원,재직,현대소설(국문학),한국문학 제도와 소수자 정치성,부산대학교,박사수료,金大成,dae-seong kim
10166336,ok,강정화,여,1969,경상국립대학교(연계),부교수,재직,한문산문,"한문학전반,處士문학,기행(유람)문학",경상국립대학교,박사,姜貞和,Kang Jeong Hwa
10166383,ok,이민우,남,1973,사이버한국외국어대학교(대학별),부교수,재직,의미론(국어학),어휘 의미론,경희대학교,박사,李民友,Lee MinWoo
10166386,ok,정숙인,여,*****,중앙대학교,*****,*****,고전시가,한시,중앙대학교,박사,*****,*****
10166441,ok,조영렬,남,1969,선문대학교,연구교수,재직,현대소설(국문학),현대문학(소설),선문대학교,박사,曺榮烈,YoungRyeol Cho
10166448,ok,송지영,여,1975,전주대학교(연계),부교수,재직,현대소설(국문학),한국어교육,전주대학교,석사,宋智榮,Song Jee Young
10166465,ok,안소진,여,*****,인천대학교(연계),*****,*****,형태론(국어학),"한자어형태론, 어휘부론",서울대학교,박사,*****,*****
10166485,ok,정헌목,남,*****,한국학중앙연구원(연계),*****,*****,도시및산업인류학,"도시인류학, 여가인류학, 정보인류학",서울대학교,박사,*****,*****
10166500,ok,윤은정,여,1979,경북대학교,강사,재직,과학교육학,물리교육,경북대학교,박사,尹垠晶,Yun Eunjeong
10166501,ok,신지현,여,1981,경인교육대학교,대학원생,미취업,,,경인교육대학교,석사,申知賢,Jihyun Shin
10166515,ok,주미애,여,1978,한림대학교,강사,재직,비교문학,한일비교문학,성균관대학교,박사,周美愛,Joo Mi Ae
10166538,ok,김경익,남,1972,한국교원대학교,대학원생,재직,한문교육,한문교육학,한국교원대학교,박사,金經益,Kim Kyong Ick
10166579,ok,이영미,여,1980,명지대학교(서울캠퍼스) 디지털아카이빙연구소,연구교수,재직,한국근대사,서양인들의 한국 및 한국사 인식,인하대학교,박사,李映美,"Lee, Yeong-Mi"
10166682,ok,이헌미,여,1976,서강대학교 사회과학연구소,선임연구원,재직,국제관계/협력,"동아시아 국제관계, 외교사, 젠더와 국제정치",서울대학교,박사,李憲美,HUNMI LEE
10166733,private,,,,,,,,,,,,
10166740,ok,이은우,여,*****,고려대학교 민족문화연구원,*****,*****,구비문학(국문학),구비문학,성신여자대학교,박사,*****,*****
10166750,ok,박영산,여,1961,인하대학교,강사,재직,비교문학,한일극문학 비교연구,고려대학교,박사,朴英山,PARKYOUNGSAN
10166768,ok,안나미,여,1965,제주대학교 인문과학연구소,전임연구원,재직,한문산문,조선중기 한문산문,성균관대학교,박사,安那美,ahn nami
10166777,ok,양선정,여,1980,한양대학교,대학원생,재직,현대소설(국문학),근대소설,한양대학교,,,
10166796,private,,,,,,,,,,,,
10166801,ok,황미요조,여,1978,서울대학교,대학원생,재직,영화이론,"한국영화, 동아시아 영화",한국예술종합학교,석사,黃美謠鳥,Hwang Miyojo
10166883,ok,강지희,여,1973,성균관대학교,겸임교수,재직,한시,조선전기 한시,성균관대학교,박사,姜志喜,Kang ji-hee
10166888,ok,정대현,남,1969,협성대학교(연계),조교수,재직,한국어교육학,한국어교육,연세대학교,박사,鄭大鉉,Jung Dae Hyun
10166890,ok,김정란,여,*****,한양대학교,,*****,문학이론,모더니즘,한양대학교,석사,,*****
10166896,ok,황수정,여,1964,조선대학교,강사,재직,한시,한문학,조선대학교,박사,黃秀貞,Soojeong Hwang
10166912,ok,박나리,여,*****,백석대학교,,*****,특수교육,유아특수교육,이화여자대학교,박사,*****,*****
10166913,private,,,,,,,,,,,,
10166959,ok,김원경,여,1968,수원대학교(연계),조교수,재직,통사론(언어학),한국어정보처리,고려대학교,박사,김원경,
10166987,ok,백승란,여,*****,목원대학교,*****,*****,현대시(국문학),,충남대학교,박사,,*****
10167064,ok,신명훈,남,1964,선문대학교,기타,재직,독일사,독일사회사,Univ. Bielefeld,박사,,myoung hoon shin
10167230,ok,권성미,여,1973,국립부경대학교(연계),교수,재직,음성학(국어학),한국어 발음교육,이화여자대학교,박사,權成美,"Kwon,Soung Mi"
10167264,ok,김희숙,여,1965,부산대학교,강사,퇴직,현대소설(국문학),현대소설 연구,부산대학교,박사,金希淑,Heesuk Kim
10167285,ok,이병철,남,1970,신라대학교(연계),조교수,재직,국문학,고전문학,고려대학교,박사,,"Lee, Byung-Chul"
10167361,ok,김태년,남,1968,서울시립대학교,강사,재직,한국유가철학,조선후기 유가 철학사,고려대학교,박사,金太年,Tae-neon Kim
10167374,ok,민명자,여,*****,충남대학교,*****,*****,,,충남대학교,박사수료,,*****
10167401,ok,권순복,남,1971,부산대학교(연계),교수,재직,언어치료교육,음성장애,부산대학교,박사,權純福,"Kwon, Soon-Bok"
10167424,ok,송은석,남,1965,동국대학교(대학별),부교수,재직,미술사,미술사,서울대학교,박사,宋殷碩,Song Unsok
10167466,ok,장혜진,여,1981,동국대학교(대학별),조교수,재직,음운론(국어학),"음운론, 음성학",고려대학교,박사,,Hyejin Jang
10167495,ok,강문종,남,1973,제주대학교(연계),부교수,재직,고전산문,고전소설,한국학중앙연구원,박사,姜 文 宗,Kang Moon Jong
10167496,ok,김응자,여,1968,남서울대학교(연계),부교수,재직,아동복지,아동청소년복지,숙명여자대학교,박사,,Kim Eung Ja
10167502,ok,서기자,여,1965,목원대학교,조교수,재직,기타독일문학,"독일문학, 독서교육, 독서치료",충남대학교,박사,徐基子,Seo Gi Ja
10167540,ok,이윤정,여,1978,한양대학교,강사,재직,현대시(국문학),현대시,한양대학교,박사,李潤晶,Yunjung Lee
10167575,ok,이정우,남,*****,경인교육대학교,*****,*****,국어교육학,"쓰기 교육, 듣기 말하기 교육",고려대학교,박사,*****,*****
10167639,private,,,,,,,,,,,,
10167641,ok,김은혜,여,1975,전북대학교,강사,재직,만화비평,대중서사,전북대학교,박사,金恩惠,KIM EUN HYE
10167646,ok,김은영,여,1970,서울여자대학교(연계),부교수,재직,교육심리학,"자기조절학습, 교육심리",서울여자대학교,박사,金恩英,Kim Eun-Young
10167678,ok,김성식,남,1963,전북대학교,강사,퇴직,구비문학,민속학,전북대학교,박사,金盛湜,Kim Sung-Sik
10167738,ok,박상영,남,1973,한국한의학연구원,,재직,,,고려대학교,석사,朴相映,park sangyoung
10167867,ok,김영주,여,1961,경희대학교(연계),교수,재직,한국어교육학,"언어교육, 언어 습득",Univ. of Rochester,박사,金暎珠,Youngjoo Kim
10167941,ok,정명문,여,1975,한양대학교,강사,재직,비교문학,비교문학이론,고려대학교,박사,鄭明文,MyungMun - Chung
10167949,ok,전혜진,여,1979,한양대학교,강사,재직,현대소설(국문학),한국 현대 소설,한양대학교,박사,全慧眞,Hyejin Jun
10167962,ok,이원경,여,1985,국민대학교,,재직,,,국민대학교,학사,李原京,Lee Won Kyoung
10167979,ok,전진아,여,1971,고려대학교,강사,재직,고전산문,고전소설,이화여자대학교,박사,全眞娥,Jeon Jin Ah
10167980,ok,백은아,여,*****,전주대학교,*****,*****,방언학(국어학),음운론,전북대학교,박사,,*****
10168003,ok,이재수,남,1968,동국대학교(대학별),부교수,재직,응용불교학,불교문화콘텐츠,동국대학교,박사,李在洙,"Lee, Jae Soo"
10168087,ok,나종선,남,1962,원광대학교,,재직,,,원광대학교,박사,羅鍾善,jongsunna
10168100,ok,류병윤,남,1957,국립공주대학교,강사,,고전시가,한국고전시가(향가),국립공주대학교,박사,柳炳允,Byongyoon Ryu
10168128,ok,한지원,여,1968,국립부경대학교(연계),교수,재직,언어인류학,언어인류학,,박사,韓智媛,Hahn Jee Won
10168247,ok,김연수,여,1970,고려대학교,강사,재직,한문교육,한시교육,고려대학교,박사,金鍊秀,Kim Yeon Soo
10168259,ok,오정미,여,1976,인하대학교,연구교수,재직,구비문학,구비문학,건국대학교,박사,吳正美,Jungmi Oh
10168358,private,,,,,,,,,,,,
10168393,ok,김성연,남,1978,동국대학교 K학술확산연구소,연구교수,재직,한국근대사,근대불교사,동국대학교,박사,金聖淵,Seong-yeon Kim
10168417,ok,정윤자,여,1963,Huree University,교수,재직,음운론(언어학),형태음운론,단국대학교,박사,鄭允子,Jeong Yun Ja
10168442,private,,,,,,,,,,,,
10168513,ok,정재석,남,1978,연세대학교,대학원생,재직,,,연세대학교,석사,鄭在碩,"Jung, Jae-Suk"
10168581,ok,김정희,여,1984,한국항공대학교,강사,재직,구비문학,문학치료,건국대학교,박사,金正喜,KimJuongHee
10168642,ok,박상수,남,*****,단국대학교,*****,*****,,,단국대학교,석사,*****,*****
10168688,ok,박찬흥,남,1980,전주대학교(연계),부교수,재직,국어교육,"국어교육학, 쓰기 교육, 작문 교육",한국교원대학교,박사,,"Park, Chan-heung"
10168692,ok,안예리,여,*****,한국학중앙연구원(연계),*****,*****,국어학,국어사,연세대학교,박사,*****,*****
10168712,ok,정미량,여,1970,한국학중앙연구원(연계),책임연구원,재직,교육사학,한국 근현대 교육사,한국학중앙연구원,박사,鄭美娘,Jeong Mee Ryang
10168718,ok,안대현,남,1971,한국기술교육대학교,강사,재직,국어사,국어음운사,연세대학교,석사,安大鉉,"Ahn, Dae-hyeon"
10168744,ok,김보명,여,*****,이화여자대학교(연계),*****,*****,여성학,젠더사회학,University of Arizona(UA),박사,*****,*****
10168777,ok,박혜옥,여,1961,국제언어대학원대학교(대학별),교수,재직,영어교육,영어교재개발,Leeds Beckett University,박사,朴惠玉,"Park, Hae-ok"
10168802,ok,주현진,여,*****,국립공주대학교(연계),*****,*****,비교문학(프랑스문학),"프랑스 근대시, 현대시",Univ. de Paris VIII (Vincennes-Saint-Denis),박사,,
10168875,ok,김윤서,여,1969,영남대학교,강사,재직,기타인문학,현대소설,영남대학교,박사,金玧序,"Kim, Yun-Seo"
10168881,ok,임세화,여,1984,성균관대학교,연구교수,재직,현대소설(국문학),현대문학,동국대학교,박사,林世華,Yim Sehwa
10168950,ok,황미향,여,1961,대구교육대학교(연계),교수,재직,통사론(국어학),"통사론, 문법교육, 국어교육",경북대학교,박사,黃美香,Hwang Mi Hyang
10168966,ok,고영란,여,1975,전북대학교(연계),부교수,재직,일본고전산문,일본 근세기 산문문학과 문화,고려대학교,박사,高永爛,KOH YOUNG RAN
10168984,ok,이기훈,남,1973,국립공주대학교(연계),부교수,재직,중국산문,중국당송산문,北京師範大學,박사,李紀勳,
10169004,ok,김광섭,남,1968,고려대학교,강사,미취업,고전산문,조선 후기 한문 산문 및 비평,고려대학교,박사,金光燮,Kwangseub Kim
10169071,ok,김정연,여,1969,울산과학기술원(연계),교수,재직,영어교육,"외국어 습득 및 교수법, 사회언어",Univ. of Texas at Austin,박사,金靜延,Kim Jeongyeon
10169078,ok,권정희,여,1965,성균관대학교,선임연구원,미취업,비교문학,비교문학/일본근대문학,東京大學,박사,權丁熙,"kwon, Junghee"
10169113,ok,김지형,남,*****,한국외국어대학교,*****,*****,문학비평(국문학),근대문학비평,한국외국어대학교,박사,*****,*****
10169122,ok,김수림,남,1975,성균관대학교,강사,미취업,현대시(국문학),현대시와 문학이론 및 비평,고려대학교,박사,金水林,KIM SU RIM
10169167,private,,,,,,,,,,,,
10169239,ok,이라나,여,1971,단국대학교 동양학연구원,연구교수,재직,한문학,한문학,성균관대학교,박사,李라나,Lee Ra Na
10169249,ok,이숙의,여,1975,충남대학교,강사,재직,의미론(국어학),어휘의미망,충남대학교,박사,李叔宜,Sukeui Lee
10169267,ok,김효경,여,1974,국립중앙도서관,공무원,재직,서지학,고문서학(간찰),한국학중앙연구원,박사,金孝京,Hyokyoung Kim
10169268,ok,이채원,여,1967,서강대학교,강사,재직,문학이론,"비평, 수사학",서강대학교,박사,李菜苑,LEE Chae Won
10169310,ok,박영진,남,1971,용인대학교,교수,재직,교육학,"비교교육학, 교육철학(사), 대학평가",北京師範大學,박사,朴泳珍,Park Young-jin
10169318,ok,김영주,여,1973,부산대학교,강사,재직,현대시(국문학),현대시,부산대학교,박사,金榮珠,Kim Youngju
10169324,ok,노승석,남,1969,동국대학교,대우교수,재직,한문산문,임란문학,성균관대학교,박사,盧承奭,Seungsuk Ro
10169326,ok,이희영,여,*****,한성대학교(연계),*****,*****,국어교육,"대학 글쓰기 교육, 공학 글쓰기",한성대학교,박사,*****,*****
10169328,ok,김미령,여,1969,조선대학교(연계),부교수,재직,고전산문,고전산문,조선대학교,박사,金美伶,Kim Miryeong
10169350,ok,김필남,여,1981,경성대학교,강사,재직,문학이론,현대소설 및 영상문학 비평,경성대학교,박사수료,金必男,pil nam kim
10169359,ok,정훈,남,1971,부산외국어대학교,기타,,현대시(국문학),현대시/현대문학비평,부산대학교,박사,鄭勳,Jeong hun
10169426,ok,박재영,남,1965,한국고전번역원,책임연구원,재직,번역,한문고전번역,성균관대학교,박사,朴宰永,Jaeyoung Park
10169462,ok,장세길,남,1971,재단법인 전북연구원,연구위원,재직,도시및산업인류학,도시및산업인류학,전북대학교,박사,,Jang se gil
10169516,ok,조성덕,남,1970,원광대학교 한문번역연구소,HK교수,재직,한자학어학,한국이체자,성균관대학교,박사,趙成德,CHO SUNG DUK
10169540,ok,서재길,남,1971,국민대학교(연계),교수,재직,현대소설(국문학),한국근현대문학,서울대학교,박사,徐在吉,"Seo, Jaekil"
10169546,ok,주영중,남,1968,대구대학교(연계),부교수,재직,현대시(국문학),국어국문학,고려대학교,박사,朱榮中,"Ju, YeongJung"
10169710,ok,윤성훈,남,1975,한국고전번역원,연구원,재직,기타미학/예술학,동양미학,서울대학교,박사,尹盛壎,"Yoon, Sunghoon"
10169754,ok,이정미,여,1970,서울여자대학교(연계),교수,재직,정보자료/미디어,인터페이스 유저빌러티,Florida State University,박사,李靜美,"Lee, Jeong-Mee"
10169771,ok,윤일,남,1968,국립부경대학교(연계),교수,재직,일본근현대문학,한일해양문학,九州大學,박사,尹一,Yoon Il
10169784,ok,박주현,여,1983,고려대학교,조교,재직,,,고려대학교,,朴珠賢,Joohyun Park
10169944,ok,강보선,남,1978,대구대학교(연계),교수,재직,국어교육,문법 교육,서울대학교,박사,姜保先,Kang Bosun
10169946,ok,권경일,남,*****,연세대학교,*****,*****,어휘론(국어학),한국어 어휘교육,연세대학교,박사,*****,*****
10170032,ok,김형태,남,1969,연세대학교(연계),교수,재직,국문학,고전시가 (歌辭),연세대학교,박사,,Hyung Tae Kim
10170035,ok,윤소영,여,1971,동덕여자대학교,강사,재직,프랑스어교육,프랑스어와 프랑스 문화 교육,Univ. de Paris III (Univ. Sorbonne Nouvelle),박사,,YUN Soyoung
10170053,ok,하성욱,남,1981,고려대학교,대학원생,재직,국어교육학,문법교육학,고려대학교,석사,河星旭,Sungwook Ha
10170071,ok,오세인,남,1971,순천향대학교,강사,재직,현대시(국문학),현대시,고려대학교,박사,吳世仁,Sein Oh
10170092,ok,김영순,여,1969,(사)한국대학교육협의회,회원,미취업,아동문학,한국-일본 아동문학 비교연구,梅花女子大學,박사,金永順,Kim Young Soon
10170136,ok,이성수,남,*****,중앙대학교,*****,*****,,,중앙대학교,,*****,*****
10170197,ok,김수복,남,1954,단국대학교,교수,퇴직,현대시(국문학),시창작,단국대학교,박사,金秀福,Kim Soo Bok
10170219,ok,이진경,여,*****,Univ. of California at San Diego,*****,*****,현대소설(국문학),근대 한국 문학 문화사,"Univ. of California, Los Angeles",박사,,*****
10170262,ok,이채영,여,,동국대학교(대학별),*****,*****,기타국문학,고전문학 문화콘텐츠,중앙대학교,박사,*****,*****
10170272,ok,김기우,남,1963,한림대학교,강사,재직,현대소설(국문학),소설론,한림대학교,박사,金基竽,Kim-Ki woo
10170313,ok,김영건,남,1978,고려대학교,강사,재직,현대시(국문학),현대시,고려대학교,박사,金永建,kim Young Gun
10170357,ok,정기인,남,1981,경희대학교(연계),부교수,재직,현대시(국문학),현대시,서울대학교,박사,,Chong Ki In
10170361,ok,황청일,남,1980,연성대학교(대학별),부교수,재직,교육과정,교육과정/교수학습/교육방법,연세대학교,박사,,Hwang Chung-il
10170383,ok,조관자,여,*****,서울대학교(연계),*****,*****,사상사(역사학),일본근현대사상사,東京大學,박사,,*****
10170389,ok,김재홍,남,1954,충남대학교,강사,미취업,동양철학일반,주역,충남대학교,박사,金在弘,kimjeahong
10170402,ok,신주진,여,*****,건국대학교,*****,*****,기타인문학,문화연구,중앙대학교,박사,*****,*****
10170539,ok,송인선,여,1963,연세대학교,기타,재직,일본근현대문학,大江健三郞와 시대상황,筑波大學,박사,宋仁善,InSun Song
10170598,ok,이연숙,여,1961,중앙대학교,강사,재직,작가론,작가론,중앙대학교,박사,李蓮淑,LEE YUN-SOOK
10170654,ok,손필영,여,1962,국민대학교(연계),부교수,,인문학,한국문학,국민대학교,박사,孫必榮,"SOHN, PIL-YOUNG"
10170669,ok,박근예,여,1974,이화여자대학교,강사,재직,문학비평(국문학),문학비평,이화여자대학교,박사,朴勤禮,Geunye Park
10170690,ok,강인수,남,1970,경성대학교,부교수,재직,자연언어처리,자연언어처리,포항공과대학교,박사,,
10170746,ok,백혜선,여,1980,국립순천대학교(연계),부교수,재직,국어교육,독서교육,고려대학교,박사,,Paik Hyesun
10170782,ok,황태묵,남,1971,국립군산대학교 인문도시센터,연구원,재직,현대소설(국문학),근대 소설,고려대학교,박사,黃泰默,"Hwang, Taemuk"
10170812,ok,김병우,남,1961,대구한의대학교(연계),부교수,재직,한국근대사,한국근대사,경북대학교,박사,金炳佑,
10170817,ok,정우진,남,1979,가천대학교,강사,재직,현대시(국문학),현대시,가천대학교,박사,鄭雨軫,"Jeong, wu jin"
10170937,ok,최인숙,여,1962,인하대학교,강사,재직,현대소설(국문학),현대소설,인하대학교,박사,崔仁淑,In Suk Choi
10171077,ok,김영란,여,*****,강원대학교(연계),*****,*****,국어교육학,한국어교육학,고려대학교,박사,*****,*****
10171112,ok,조은정,여,1981,성균관대학교 동아시아역사연구소,선임연구원,재직,기타국문학,해방 후 문학,성균관대학교,박사,趙恩晶,Cho Eun Jung
10171130,ok,남진숙,여,1971,동국대학교(대학별),부교수,재직,현대시(국문학),"현대시 이론 및 작품 연구 비평, 생태문학",동국대학교,박사,南鎭淑,Nam jin sook
10171144,ok,최정준,남,1968,동방문화대학원대학교(대학별),조교수,재직,동양철학일반,"한국철학, 역학",성균관대학교,박사,崔廷準,jeongjun choi
10171197,ok,김인숙,여,1966,한국학중앙연구원(연계),교수,재직,한국음악이론/분석,"근대음악, 민요, 무가, 체계이론",서울대학교,박사,金仁淑,Insuk Kim
10171254,ok,김수진,여,1979,성균관대학교 동아시아학술원,초빙교수,재직,미술사,한국미술사(한국회화사),서울대학교,박사,金秀珍,Soojin Kim
10171261,ok,김준현,남,1970,고려대학교(연계),교수,재직,시(프랑스문학),중세프랑스시,고려대학교,박사,金埈顯,"KIM, Jun-hyun"
10171262,ok,백민정,여,*****,가톨릭대학교(연계),*****,*****,한국유가철학,조선 유학(유교),연세대학교,박사,*****,*****
10171266,ok,맹영일,남,1975,단국대학교,초빙교수,재직,한시,조선후기 한시,고려대학교,박사,孟榮一,Youngill Maeng
10171330,ok,이정희,여,1969,경희대학교(연계),교수,재직,한국어교육학,한국어교육,경희대학교,박사,李定喜,Lee Jung Hee
10171372,ok,이경아,여,1962,인하대학교,강사,재직,현대시(국문학),"박목월, 조지훈, 백석 등 1930년대 한국시(북한문학 포함)",인하대학교,박사,李京兒,Kyung Ah Lee
10171379,ok,조성진,남,1970,광주과학기술원,조교수,재직,고전시가,시조 가사 악부 등,서울대학교,박사,趙城振,"Jo, Seongjin"
10171422,ok,강용훈,남,1977,인천대학교(연계),부교수,재직,문학비평(국문학),근대문학/문화비평 및 소설론 연구,고려대학교,박사,,Kang Yong-hoon
10171427,private,,,,,,,,,,,,
10171704,ok,김은영,여,*****,연세대학교,*****,*****,,,,,*****,*****
10171824,ok,윤정화,여,1969,홍익대학교(연계),부교수,재직,문학비평(국문학),현대문학,이화여자대학교,박사,,Yun JungHwa
10171827,ok,고일홍,여,*****,서울대학교(연계),*****,*****,한국선사고고학,"선사 및 원사시대 생활, 이주, 교역",Univ. of Sheffield,박사,*****,*****
10171833,ok,한진,남,1963,전남대학교,강사,재직,미술사,현대미술사,City University of New York-Graduate School and Univ. Center,박사,韓眞,Jin Han
10171836,ok,이영아,여,1971,소속없음,강사,재직,소설,현대소설,서울시립대학교,박사,李英娥,Lee - Young ah
10171919,ok,이민호,남,1980,(사)세종대왕기념사업회,전임연구원,재직,고전산문,고전소설,한국학중앙연구원,박사,李珉昊,Minho Lee
10171948,ok,조영미,여,1971,동덕여자대학교,강사,재직,현대시(국문학),현대시,동덕여자대학교,박사,趙英美,Youngme Jo
10172066,ok,정소영,여,1974,서울시립대학교,,재직,,,서울시립대학교,,정소영,Soyoung Jung
10172139,ok,정연수,남,1963,강원대학교 강릉캠퍼스,강사,재직,현대시(국문학),현대문학(현대시),강원대학교 강릉캠퍼스,박사,鄭然壽,Yeonsoo Jeong
10172172,ok,이나영,여,1968,중앙대학교(연계),교수,재직,성(sexuality),"식민주의, 민족주의, 군사주의, 성별화된 지구화",Univ. of Maryland,박사,李娜榮,Lee Na Young
10172199,ok,정미진,여,1980,경상국립대학교,강사,재직,현대소설(국문학),해방 이후 소설,경상국립대학교,박사,鄭美珍,Mijin Jeong
10172210,ok,최용범,남,1974,廣島大學,조교,재직,,,廣島大學,박사,崔龍範,Yongbum Choi
10172407,ok,장만호,남,1970,경상국립대학교(연계),교수,재직,현대시(국문학),한국현대시,고려대학교,박사,張萬淏,Jang Man-ho
10172418,ok,최희수,남,1942,延邊大學,,재직,,,延邊大學,석사,,
10172421,ok,김숙이,여,1970,제주대학교,강사,재직,여성문화,"문화연구, 구술사, 여성운동연구",서울대학교,박사,金淑伊,Sook-yi Kim
10172429,ok,설혜경,여,1980,삼육대학교,조교수,재직,현대소설(국문학),"1960년대 소설, 법과 문학, 대중문화",한양대학교,박사,薛慧敬,Seol Hye Kyung
10172557,ok,류시현,남,1964,광주교육대학교,교수,재직,한국현대사,일제시대 사상사,고려대학교,박사,,
10172561,ok,박희인,여,1981,단국대학교,연구교수,재직,한문학,한시,고려대학교,박사,朴姬寅,Park Hee-in
10172591,ok,황만기,남,1971,국립경국대학교,대우교수,재직,한시,청음 김상헌 시문학에 나타난 의리정신,성균관대학교,박사,黃萬起,Hwang Manki
10172651,ok,하현주,여,*****,한국고전번역원,*****,*****,,,성균관대학교,학사,*****,*****
10172666,ok,정완진,여,1970,서울대학교,강사,재직,복식사,한국복식사,서울대학교,박사,鄭宛眞,Wanjin Jung
10172788,private,,,,,,,,,,,,
10172813,ok,도승연,여,1972,광운대학교(연계),교수,재직,정치/사회철학,"문화철학, 존재미학",State University of New York at Binghamton,박사,,Seungyoun Dho
10172828,ok,조성희,여,1979,건국대학교,강사,재직,,,건국대학교,박사수료,趙誠姬,Cho Seonghee
10172879,ok,심보선,남,1970,연세대학교(연계),부교수,재직,문화/종교사회학,"예술사회학, 예술경영, 문화매개",서울대학교,학사,,Bo-Seon Shim
10173091,private,,,,,,,,,,,,
10173222,ok,김보경,여,*****,부산대학교(연계),*****,*****,생리활성물질영양학,분자영양학,부산대학교,박사,*****,*****
10173253,ok,신아사,여,1971,서울대학교,책임연구원,재직,중국어사,"음운사, 대조언어",北京大學,박사,申雅莎,Asa Synn
10173257,ok,박진영,여,1974,고려대학교,초빙교수,재직,현대소설(국문학),현대소설,고려대학교,박사,朴珍英,park jin young
10173327,private,,,,,,,,,,,,
10173407,ok,김지혜,여,1977,이화여자대학교(연계),교수,재직,현대소설(국문학),현대비평,이화여자대학교,박사,金智惠,Ji Hye Kim
10173417,ok,김성연,여,1977,연세대학교(연계),조교수,재직,현대소설(국문학),"번역문학, 전기문학, 과학서사, 대중서사 연구",연세대학교,박사,,SUNGYEUN KIM
10173444,ok,이지양,여,1964,연세대학교,선임연구원,재직,한시,조선조 후기 한문학,성균관대학교,박사,李知洋,JiYang Yi
10173592,private,,,,,,,,,,,,
10173603,ok,박상우,남,1982,단국대학교,POST-DOC,재직,한문교육,한문과 평가 및 교재,한국교원대학교,박사,朴相雨,Sangu Bak
10173609,ok,장정희,여,1969,서울대학교,책임연구원,재직,기타인문학,현대문학,고려대학교,박사,張貞姬,Jang Jeung Hee
10173624,ok,고희정,여,1976,서울대학교(연계),교수,재직,통사론(언어학),"통사론, 심리언어학, 언어이론",MASSACHUSETTS INSTITUTE OF TECHNOLOGY,박사,高嬉禎,"Ko, Heejeong"
10173653,ok,이태형,남,1974,한국고전번역원,선임연구원,재직,중국고전문학,사곡,한국외국어대학교,박사,李泰衡,LEE TAE HYOUNG
10173683,ok,장혜련,여,1972,대진대학교(연계),조교수,재직,현대소설(국문학),"소설, 창작방법, 작가론",고려대학교,박사,張惠蓮,Chang Hye-lyeon
10173686,ok,이민경,여,1969,대구대학교(연계),교수,재직,교육사회학,"교육혁신. 미래교육. 교육불평등, 다문화교육",Univ. de Paris X (Univ. de Paris Nanterre),박사,李敏敬,"Lee, Minkung"
10173843,ok,김동엽,남,1966,부산외국어대학교,교수,재직,정치경제,동남아시아 지역연구,University of the Philippines,박사,金東燁,Dong-Yeob KIM
10173911,ok,서유경,여,1973,한국외국어대학교,강사,재직,통역번역학,통역번역학,한국외국어대학교,박사,徐維卿,Seo You Kyung
10174105,ok,이관희,남,*****,서울교육대학교(연계),*****,*****,국어교육학,문법교육 전공,서울대학교,박사,*****,*****
10174110,ok,최진숙,여,1969,울산과학기술원(연계),교수,재직,인류학,언어인류학,State University of New York at Albany,박사,崔眞淑,Choi Jinsook
10174222,ok,김정태,남,1970,배재대학교(연계),교수,재직,영어교육,언어평가/컴퓨터활용영어교육,University of Illinois at Urbana - Champaign,박사,金廷汰,JUNGTAE KIM
10174292,ok,심경호,남,1955,고려대학교,명예교수,재직,한문산문,"한문학(한시, 한문산문, 경학, 비교문학)",京都大學,박사,沈慶昊,SIM KYUNG HO
10174471,ok,이기현,여,1982,고려대학교,,재직,한문산문,18-20세기초 한문산문,고려대학교,박사수료,李玘昡,"Lee, KI HYUN"
10174482,ok,조영한,남,1974,한국외국어대학교,교수,재직,문화이론/대중문화론,한국학과,University of North Carolina at Chapel Hill,박사,,YOUNGHAN CHO
10174504,ok,박성지,여,1973,원광대학교(연계),부교수,재직,특수교육,의사소통장애아 교육,Albert-Ludwigs Freiburg Univ.,박사,朴晟知,Sung Ji Park
10174606,ok,김영수,남,*****,동북아역사재단,*****,*****,한국근대사,한러관계사,Moscow State University,박사,*****,*****
10174664,ok,장예준,남,1976,강원대학교(연계),조교수,재직,고전산문,고전소설,고려대학교,박사,張睿峻,Jang Ye jun
10174665,ok,김은진,여,1971,고려대학교,연구교수,재직,교육공학,문화예술교육공학,경희대학교,박사,,EunJin Kim
10174714,ok,최창익,남,1972,소속없음,기타,미취업,한문산문,한문학,부산대학교,박사수료,崔暢益,CHOE CHANG IEK
10174729,ok,전동균,남,1962,동의대학교(연계),교수,재직,문예창작,문학창작,중앙대학교,박사,全東均,Jeon Dong Guen
10174850,ok,임현정,여,1971,단국대학교(연계),교수,재직,교육평가,교육측정평가,이화여자대학교,박사,任炫貞,IM HYUNJUNG
10174853,ok,윤은미,여,*****,연세대학교,*****,*****,,,연세대학교,,,*****
10174857,ok,박윤선,여,1967,대진대학교(연계),부교수,재직,한국고대사,백제대외관계사,숙명여자대학교,박사,朴胤善,Younsun Park
10174898,ok,최창근,남,1978,전남대학교 호남학연구원,강사,재직,현대소설(국문학),한국문학과 근대성,전남대학교,박사,,CHOI CHANG GEUN
10174905,ok,백승현,남,1972,전남대학교(연계),교수,재직,응용언어학,Second Language Acquisition/Education,Univ. of Maryland at College Park,박사,白承鉉,Baek Seunghyun
10174942,ok,이정이,여,1968,University of Washington,강의교수,재직,,,The University of Georgia,박사,,
10174991,ok,조정아,여,1976,부산대학교 점필재연구소,연구교수,재직,국어사,"어휘사, 국어사, 언간, 어휘론",한국학중앙연구원,박사,曺禎我,Jo jeong a
10175098,ok,정락길,남,1967,강원대학교(연계),부교수,재직,영화이론,영화미학,University of Paris I Pantheon-Sorbonne,박사,鄭樂吉,Chung Lak Kil
10175299,ok,김영애,여,1973,고려대학교 한국어문교육연구소,연구교수,재직,현대소설(국문학),현대소설,고려대학교,박사,金英愛,Youngae Kim
10175346,ok,정일영,남,1980,서강대학교(연계),부교수,재직,한국근대사,사회문화사,서강대학교,박사,鄭壹永,Ilyeong Jeong
10175442,ok,정은균,남,1969,숭실대학교,강사,퇴직,기타국어학,한국어문체론,한국학중앙연구원,박사,鄭銀均,Eunkyun Jeong
10175447,ok,이인제,남,1953,한국교육과정평가원,책임연구원,퇴직,,,한국교원대학교,박사,李寅濟,
10175495,ok,임형모,남,1973,한성대학교(연계),조교수,재직,현대소설(국문학),현대소설비평,한성대학교,박사,任瀅模,Im Hyeong Mo
10175521,ok,이윤경,여,1965,State University of New York at Binghamton,부교수,재직,정치경제,"노동정치, 정당, 민주주의, 사회운동",Duke University,박사,,Yoonkyung Lee
10175556,ok,김태옥,남,1976,충북대학교(연계),부교수,재직,시(러시아문학),20세기 러시아시,Moscow State Pedagogical University,박사,金泰玉,"KIM, TAE OK"
10175579,ok,고동연,여,1970,서울대학교,강사,재직,미술사,"미술사, 미술비평, 영화이론",City University of New York-Graduate School and Univ. Center,박사,高東延,Dong-Yeon Koh
10175582,ok,송경호,남,1982,연세대학교,POST-DOC,재직,동양정치사상,"정치사상, 개념사, 지성사, 자연어처리",연세대학교,박사,宋耿昊,Kyung-Ho Song
10175593,ok,권은,남,*****,한양대학교(연계),*****,*****,현대소설(국문학),현대소설,서강대학교,박사,*****,*****
10175602,ok,김병수,남,1970,청주교육대학교,연구교수,재직,교사교육,교수학습,한국교원대학교,박사,,Kim Byoung Su
10175603,ok,김혜연,여,1980,,강사,재직,아동문학,한국근대문학,중앙대학교,박사,,
10175694,ok,박종구,남,*****,연성대학교(대학별),*****,*****,실내환경디자인,실내건축학,가천대학교,박사,*****,*****
10175766,ok,차성연,여,1972,강원대학교,강사,재직,소설,현대소설,경희대학교,박사,車成連,cha seong yeon
10175782,private,,,,,,,,,,,,
10175836,ok,곽숙영,여,1979,고려대학교,선임연구원,재직,,,고려대학교,박사,郭淑英,Sookyoung Kwak
10175989,ok,곽춘옥,여,1966,서울덕의초등학교,공무원,재직,국어교육학,초등국어교육,한국교원대학교,박사,郭春玉,chunok kwak
10176007,ok,이정민,여,1975,경희대학교,강사,퇴직,언어교육,한국어교육,경희대학교(국제캠퍼스),박사,李貞旻,Jungmin Lee
10176050,ok,이진은,여,*****,경상국립대학교,*****,*****,기타국어학,한국어 교육,경상국립대학교,박사,*****,*****
10176052,ok,곽종형,남,1960,성산효대학원대학교,부교수,재직,,,호서대학교,박사,郭鐘亨,Kwak Jong Hyung
10176090,ok,서형범,남,*****,한국문학번역원,*****,*****,현대소설(국문학),개화기문학,서울대학교,박사,*****,*****
10176147,private,,,,,,,,,,,,
10176176,ok,김영미,여,1965,국립공주대학교(연계),교수,재직,현대시(국문학),현대시,이화여자대학교,박사,金英美,"Kim , Young-mee"
10176202,ok,김수아,여,1975,서울대학교(연계),부교수,재직,문화이론/대중문화론,"문화연구, 미디어와 젠더, 영상문화, 여성학 이론",서울대학교,박사,金秀娥,Kim Sooah
10176216,ok,박혜경,여,1977,성신여자대학교(연계),교수,재직,사회/문화심리,"비교문화, 사회인지",Univ. of Michigan,박사,朴晟卿,Hyekyung Park
10176220,ok,홍성훈,남,1961,한국외국어대학교,교수,재직,음운론(언어학),음운론(코퍼스음운론),Univ. of Arizona,박사,洪性勳,Sung-Hoon Hong
10176285,ok,이수자,여,1950,중앙대학교,겸임교수,재직,구비문학(국문학),"신화, 무속, 민속",이화여자대학교,박사,李秀子,SooJa Lee
10176288,ok,박은정,여,1973,서울여자대학교,강의교수,재직,한국어교육학,한국어교육,한국외국어대학교,박사,朴恩貞,eun jung park
10176297,ok,이숙,여,1975,전북대학교 전라문화연구소,전임연구원,재직,현대소설(국문학),현대소설,전북대학교,박사,李淑,LEE SOOK
10176320,ok,윤정,여,*****,진주교육대학교(연계),*****,*****,조선후기사,조선후기 사상사,서울대학교,박사,*****,
10176324,ok,김현지,여,*****,한국외국어대학교,*****,,응용국어학,외국어로서의 한국어교육,한국외국어대학교,박사,*****,*****
10176567,ok,손유경,여,1979,성신여자대학교,강사,재직,한문학,한시,성신여자대학교,박사,孫有慶,Son Yoo Kyung
10176609,ok,구장률,남,1974,연세대학교,조교수,퇴직,소설,한국 근대 문학,연세대학교,박사,,Jang-yul Koo
10176641,ok,김현기,남,1953,전북대학교,교수,퇴직,음성학(언어학),음성학(언어학),Univ. de Strasbourg II (Marc Bloch),박사,金賢起,Kim Hyun Gi
10176742,ok,이태희,남,1963,인천대학교,객원교수,재직,국문학,현대시,경희대학교,박사,李泰喜,Lee Tae Hyee
10176743,ok,김민영,여,1976,한국외국어대학교,조교수,재직,통사론(국어학),한국어 시제,한국외국어대학교,박사,金珉瑩,KIM MIN YOUNG
10176882,ok,김윤정,여,*****,고려대학교(연계),*****,*****,미술사,"동양도자사, 한국도자사",고려대학교,박사,*****,*****
10176901,ok,김세환,남,1975,영남대학교(연계),교수,재직,음운론(국어학),음운론,서울대학교,박사,金世煥,Kim Se Hwan
10176994,ok,김미란,여,1968,성균관대학교,대우교수,재직,현대소설(국문학),현대소설,연세대학교,박사,金美蘭,Miran Kim
10177026,ok,송기태,남,*****,국립목포대학교(연계),*****,*****,민속학(인류학),"민속예술, 어촌민속, 섬민속",국립목포대학교,박사,,*****
10177044,ok,박준범,남,*****,경남대학교,*****,*****,응용국어학,"국어학, 쓰기교육, 한국어교육",영남대학교,박사,*****,*****
10177065,private,,,,,,,,,,,,
10177114,ok,김천학,남,1971,서울시립대학교,강사,재직,통사론(국어학),통사론,서울시립대학교,박사,金天學,Cheonhak Kim
10177138,private,,,,,,,,,,,,
10177156,ok,곽부모,남,*****,청주대학교(연계),*****,*****,역사/비교언어학,대조언어학,Kazan State University,박사,*****,*****
10177157,ok,조희영,남,1954,조선대학교 인문학연구원,전임연구원,재직,한국유가철학,주역,영남대학교,학사,曺喜寧,cho-hie-young
10177167,ok,박진욱,남,1980,대구가톨릭대학교,부교수,재직,한국어교육학,교육과정,고려대학교,박사,朴津昱,Jinwook Park
10177259,ok,김두규,남,1971,부산대학교,연구교수,재직,교육공학,멀티미디어협동과정,부산대학교,박사,金斗圭,DuGyu Kim
10177319,ok,배경민,남,1974,동국대학교,강사,재직,영화이론,역사영화,동국대학교,박사,裵京敏,Kyoungmin Bae
10177331,private,,,,,,,,,,,,
10177356,ok,전우형,남,1974,중앙대학교(연계),교수,재직,현대소설(국문학),영화소설,서울대학교,박사,全祐亨,Chon Woohyung
10177357,ok,조은애,여,1983,연세대학교(연계),조교수,재직,현대소설(국문학),동아시아 비교문학,동국대학교,박사,曺恩愛,Eunae Cho
10177373,ok,남춘우,남,1970,부산대학교 점필재연구소,연구교수,재직,,,경북대학교,박사수료,南春祐,Choonwoo Nam
10177428,ok,이시찬,남,1971,청주대학교(연계),교수,재직,중국소설,송원화본소설,北京大學,박사,李時燦,LEE SI CHAN
10177434,ok,변승구,남,1974,목원대학교(연계),교수,재직,운문,고전시가,목원대학교,박사,,Byun Seung-Goo
10177452,ok,정인기,남,1969,서강대학교(연계),교수,재직,형태론(언어학),"형태음운, 형태통사",University of Connecticut,박사,鄭仁基,Inkie Chung
10177473,ok,이수정,여,1968,덕성여자대학교(연계),부교수,재직,문화인류학,문화인류학,University of Illinois at Urbana - Champaign,박사,,이 수정
10177496,ok,이성훈,남,1961,숭실대학교,겸임교수,재직,구비문학(국문학),민요,숭실대학교,박사,李性勳,Seonghun Lee
10177533,ok,김종호,남,,상지대학교,부교수,퇴직,현대소설(국문학),한국의 30년대 소설,상지대학교,박사,金鍾鎬,Kim Jong-ho
10177548,ok,한성금,여,1962,조선대학교,강사,재직,기타인문학,고전문학,조선대학교,박사,韓聖錦,Han seong geum
10177588,ok,권창규,여,1976,조선대학교(연계),조교수,재직,기타국문학,"근현대 문화, 소설",연세대학교,박사,權昶奎,Kwon Changgyu
10177630,ok,이아라,여,*****,연세대학교,*****,*****,기타인문학,"시간학, 수사학, 글쓰기이론, 현대시문학, 인지언어학",연세대학교,박사,*****,*****
10177636,ok,남정희,여,1960,대전대학교(연계),부교수,재직,현대시(국문학),,성균관대학교,박사,南貞姬,Jeonghee Nam
10177653,ok,김미선,여,1980,전남대학교,강사,재직,한문산문,한문일기,전남대학교,박사,金美善,"kim, mi-sun"
10177673,ok,유제호,남,1954,전북대학교,교수,퇴직,텍스트언어학(프랑스어학),"화용론, 문체론, 번역학",서울대학교,박사,柳濟浩,YOO. JEHO
10177701,ok,박선애,여,1967,(재)충청북도역사문화연구원,연구원,재직,현대소설(국문학),한국현대문학,숙명여자대학교,박사,朴善愛,park sun ae
10177730,ok,김승우,남,1978,이화여자대학교(연계),교수,재직,고전시가,고전시가,고려대학교,박사,金承宇,"Kim, Seung-u"
10177737,ok,박상수,남,1974,명지대학교(연계),부교수,재직,문예창작,"현대시, 문학평론",명지대학교,박사,,
10177738,ok,김성희,여,*****,동국대학교,*****,*****,국어교육학,매체언어교육,동국대학교,박사,*****,*****
10177740,ok,이호형,남,1974,동국대학교,연구원,재직,국어교육학,국어교육학,동국대학교,박사,李虎炯,Leehohyung
10177763,ok,함태영,남,1975,(재) 인천문화재단,강사,퇴직,현대소설(국문학),한국 근대소설,연세대학교,박사,咸苔英,Taeyoung Ham
10177773,ok,김인경,여,1972,한성대학교,강사,재직,인문학,현대문학 소설,한성대학교,박사,金仁敬,Kim In Kyung
10177784,ok,신두환,남,1958,국립경국대학교(연계),교수,재직,한시,한시비평,성균관대학교,박사,申斗煥,Doohwan Shin
10177815,ok,김휘택,남,1972,중앙대학교(연계),부교수,재직,기호학(프랑스어학),기호학 및 텍스트학,Univ. de Paris X (Univ. de Paris Nanterre),박사,金暉澤,HUI-TEAK KIM
10177870,ok,박상태,남,1966,성균관대학교(연계),부교수,재직,형이상학,A. N. 화이트헤드의 '유기체 철학',연세대학교,박사,朴相泰,"PARK, SANGTAE"
10177891,ok,엄동섭,남,1967,중앙대학교,기타,미취업,현대시(국문학),"일제강점기, 해방기, 1950년대 시문학 및 문학서지 연구",중앙대학교,박사,嚴東燮,Dongseob Eom
10177995,ok,이영숙,여,1970,경상국립대학교,강사,재직,한시,한시,경상국립대학교,박사,李永淑,Lee Young Suk
10178026,ok,오현진,여,1978,강원대학교(연계),조교수,재직,국어교육학,"표현 교육(화법, 글쓰기)",고려대학교,박사,,
10178050,ok,김현애,여,1961,가톨릭대학교,겸임교수,재직,정보서비스,문헌정보학,경기대학교,박사,金賢愛,kim hyun ae
10178072,ok,이수미,여,*****,국립국어원,*****,*****,통사론(언어학),형태통사론,연세대학교,석사,*****,*****
10178082,ok,김영선,여,1970,성공회대학교(대학별),부교수,재직,사회사/역사사회학,젠더연구,State University of New York at Binghamton,박사,金英善,Young-Sun Kim
10178091,ok,박근영,여,1971,국민대학교(연계),조교수,재직,국어학,문법화론/의미화용론,한국외국어대학교,박사,朴根瑩,"Park, Keun Young"
10178093,ok,황은주,여,1978,,,재직,구비문학(국문학),구전서사,연세대학교,박사,,Eun Ju Hwang
10178097,private,,,,,,,,,,,,
10178290,private,,,,,,,,,,,,
10178345,ok,하윤섭,남,1980,충북대학교(연계),교수,재직,고전시가,고전시가,고려대학교,박사,河允燮,"Ha, Yun-sub"
10178386,ok,손화영,여,*****,부산교육대학교,*****,*****,현대시(국문학),현대시,동의대학교,박사,*****,*****
10178393,ok,조석연,여,1970,대전대학교(연계),조교수,재직,한국음악이론/분석,음악인류학,한양대학교,박사,,Seogyeon Cho
10178482,ok,박찬수,남,1964,배재대학교(연계),교수,재직,인문학,국어국문학,충남대학교,박사,,CHANSOO PARK
10178518,ok,정인혁,남,*****,가톨릭관동대학교(연계),*****,*****,고전산문,고전소설,서강대학교,박사,,*****
10178522,ok,강현주,여,1976,호남대학교,부교수,재직,한국어교육학,한국어교육,고려대학교,박사,,"Kang, Hyun Ju"
10178614,ok,한형구,남,1959,서울시립대학교,교수,퇴직,문학비평(국문학),근대문학비평,서울대학교,박사,韓亨九,Han Hyung Koo
10178636,ok,강진우,남,1969,경북대학교,회원,재직,국어교육학,"현대문학,  비평론, 교육연극, 희곡론, 연극론",경북대학교,박사,姜璡佑,kangjinwoo
10178639,ok,안영희,여,1968,계명대학교(연계),부교수,재직,비교문학(일본문학),"일본근대문학, 비교문학",東京大學,박사,安英姬,"An, Young Hee"
10178744,ok,정진아,여,1968,건국대학교,교수,재직,한국현대사,"경제정책사, 경제사상(지성)사",연세대학교,박사,鄭眞阿,Jinah Chung
10178745,ok,이지영,여,1971,충북대학교(연계),교수,재직,고전산문,고전소설,서울대학교,박사,李智瑛,"Yi, Ji-Young"
10178754,ok,이영식,남,1957,강원대학교 강릉캠퍼스,강사,재직,구비문학(국문학),민요,강원대학교 강릉캠퍼스,박사,李英植,Lee Youngsik
10178814,ok,이현진,여,1975,경기대학교,POST-DOC,재직,현대소설(국문학),"소설사, 소설비평, 여성문학, 고소설과 근대소설 비교",경기대학교,박사,李賢眞,Hyeonjing Lee
10178862,ok,서철원,남,*****,서울대학교(연계),*****,*****,고전시가,향가,고려대학교,박사,*****,*****
10178904,ok,안용희,남,1976,가톨릭대학교(연계),부교수,재직,현대소설(국문학),서사 이론,서울대학교,박사,安用熙,"Ahn, Yonghui"
10178909,ok,이근화,여,1976,단국대학교,초빙교수,재직,현대시(국문학),"1930년대 시, 근대 잡지",고려대학교,박사,李謹華,Geunhwa lee
10178999,ok,김현식,남,1969,소속없음,기타,미취업,고전시가,18세기 고전시가,서울대학교,박사,金炫植,"Kim, hyeonshik"
10179006,ok,김진원,남,1955,고려대학교,교수,퇴직,통사론(러시아어학),"노어학, 슬라브어학",Ruhr - Univ. Bochum,박사,金鎭源,Jinwon Kim
10179008,ok,배정상,남,1976,연세대학교(연계),부교수,재직,현대소설(국문학),근대 미디어와 문학,연세대학교,박사,,JEONG SANG BAE
10179024,ok,박수미,여,1971,동덕여자대학교,조교수,재직,기타인문학,비교문학,성균관대학교,박사,,Sumi Park
10179036,ok,윤혜영,여,*****,한라대학교(대학별),*****,*****,국어사,통사론/근대국어문법론,건국대학교,박사,*****,*****
10179078,ok,권경록,남,*****,선문대학교,*****,*****,한문학,"한시, 한문산문, 한문비평",동국대학교,박사,*****,*****
10179111,ok,원영선,여,1966,서울여자대학교(연계),교수,재직,18/19C영미소설,문화행위와 문화적 조건으로서의 독서,Univ. of Nebraska at Lincoln,박사,元永善,Young Seon Won
10179131,ok,진은경,여,1974,고려대학교,강사,재직,비교문학,비교문학이론,고려대학교,박사,陳恩敬,Chin eun-kyung
10179139,ok,강경숙,여,1967,원광대학교,부교수,재직,특수교육,"지적장애, 발달장애",이화여자대학교,박사,姜景淑,"Kang, KyungSook"
10179166,ok,강호정,남,1963,한성대학교(연계),부교수,재직,현대시(국문학),현대시,고려대학교,박사,康好正,Kang Ho-jung
10179231,ok,정규식,남,1972,동아대학교(연계),부교수,재직,고전산문,고전소설,동아대학교,박사,鄭圭植,CHUNG KU SIK
10179241,ok,이형숙,여,*****,이화여자대학교(연계),*****,*****,영화이론,영화이론 및 역사,University of Southern California,박사,*****,*****
10179255,ok,최정례,여,1955,고려대학교,강사,재직,현대시(국문학),현대시,고려대학교,박사,崔正禮,Jeongrye Choi
10179280,ok,변영수,여,*****,건국대학교,*****,*****,의미론(국어학),어휘의미론,건국대학교,박사,*****,*****
10179334,ok,임규섭,남,1965,경희사이버대학교(연계),교수,재직,중국,중국문화이데올로기/중국문화정책/중국학/대만연구,國立政治大學,박사,林奎燮,LIM KYOO SEOB
10179511,ok,김효정,여,1966,계명대학교(연계),부교수,재직,경영전산처리,정보화교육,계명대학교,박사,金孝貞,Kim Hyo Jung
10179540,ok,이화춘,남,*****,(사) 전통문화연구회,*****,*****,한문교육,중등한문교육,전주대학교,학사,*****,*****
10179631,ok,한상정,여,1969,인천대학교(연계),교수,재직,기타미학/예술학,만화 콘텐츠 연구,University of Paris I Pantheon-Sorbonne,박사,韓尙整,Han Sang-jung
10179760,ok,이종숙,여,1982,주식회사 과학기술전략연구소,POST_MAS,재직,식물발생,식물조직배양,목원대학교,석사,李鐘淑,Jongsuk Lee
10179883,ok,조수진,여,1973,선문대학교,부교수,재직,한국어교육학,외국어로서의 한국어 교육,서울대학교,박사,趙秀珍,Su-Jin Cho
10179901,ok,홍은실,여,1975,성균관대학교,대우교수,재직,한국어교육학,"한국어 표현교육, 교육공학",서울대학교,박사,洪恩實,Eunsil Hong
10179936,ok,김나래,여,1985,고려대학교,대학원생,재직,문학이론,현대문학,고려대학교,석사,,Narae Kim
10179957,ok,김철,남,1964,山東大學,교수,재직,계통론(국어학),국어학,延邊大學,박사,金哲,kimchel
10180000,ok,이광호,남,1974,아주대학교,기타,미취업,형태론(국어학),계량적 방법에 입각한 국어 형태론,서울대학교,박사,李光鎬,Lee Kwang Ho
10180019,ok,조재현,여,1974,국민대학교(연계),부교수,재직,고전산문,국어국문학 고전산문,국민대학교,박사,趙在顯,CHO JAE-HYUN
10180059,ok,김민전,여,1965,경희대학교,교수,퇴직,의회/정당/선거,,The University of Iowa,박사,金玟甸,Kim meengeon
10180064,ok,윤아영,여,1974,서울대학교,연구원,재직,한국음악사,"한국음악이론, 인문예술융복합, 공연예술사, 예술교육",서울대학교,박사,尹娥英,Ahyoung Yoon
10180075,ok,김새미오,남,1973,제주대학교,전임연구원,재직,한문학,한시 한문산문,성균관대학교,박사,金새미오,SaemioKim
10180084,ok,박철주,남,1967,서강대학교,강사,재직,통사론(국어학),고대국어,서강대학교,박사,朴哲柱,Park Cheol-ju
10180131,ok,조경하,여,*****,이화여자대학교,*****,*****,음운론(국어학),음운론,이화여자대학교,박사,*****,*****
10180139,ok,곽효환,남,*****,경남대학교,*****,*****,운문,현대시,고려대학교,박사,*****,*****
10180146,ok,유육례,여,1963,조선대학교(연계),부교수,재직,고전산문,고소설,조선대학교,박사,劉六禮,YOO YEOK RAE
10180154,ok,정경민,여,1973,한국공학대학교(연계),조교수,재직,기타국문학,동서양고전문학,이화여자대학교,박사,鄭京珉,Chung Kyungmin
10180178,ok,강혜숙,여,1978,성신여자대학교,대학원생,재직,현대소설(국문학),현대소설,성신여자대학교,,,
10180202,ok,장병한,남,1956,영산대학교,부교수,퇴직,한문학,동양고전학,고려대학교,박사,張炳漢,Jang-Beoung Han
10180243,ok,홍상언,남,1968,남서울대학교,강사,재직,현대소설(국문학),소설비평,중앙대학교,박사,洪尙言,Hong Sang-eon
10180302,ok,강혜종,여,1978,연세대학교 국학연구원,연구교수,재직,한문학,한문산문,연세대학교,박사,姜慧宗,Hyejong Kang
10180309,ok,강명순,여,1965,나사렛대학교,강사,재직,국어사,형태통사론,충남대학교,박사,姜明淳,Kang Myeongsun
10180328,ok,안정아,여,1975,국립창원대학교,강사,재직,의미론(국어학),어휘 의미론,고려대학교,박사,安貞雅,An Jeong-a
10180377,ok,최종호,남,1961,영남대학교,강사,재직,한시,한국한문학,영남대학교,박사,崔鍾虎,choi jong-ho
10180395,ok,한상언,남,1976,충남대학교 인문과학연구소,기타,재직,영화사,한국영화사,한양대학교,박사,韓相言,HAN SANG EON
10180437,ok,이영금,여,1963,전북대학교,기타,미취업,구비문학(국문학),구비문학,전북대학교,박사,李永金,Lee Young Geum
10180465,ok,김영재,남,1962,한양대학교(연계),교수,재직,상품학,문화콘텐츠,,석사,金榮宰,KIM YOUNG JAE
10180489,ok,신현준,남,1962,성공회대학교(대학별),교수,재직,정치경제학,문화산업,서울대학교,박사,申鉉準,"Shin, Hyunjoon"
10180505,ok,박종훈,남,*****,부산교육대학교(연계),*****,*****,국어교육학,화법교육,서울대학교,박사,*****,*****
10180531,ok,박희본,여,1970,충북대학교(연계),교수,재직,현대영미희곡,현대영미희곡,Univ. of Bristol,박사,,Heebon Park-Finch
10180561,ok,이래호,남,*****,강원대학교(연계),*****,*****,국어사,문법사,한국학중앙연구원,박사,,*****
10180576,ok,신서인,여,1975,한림대학교(연계),교수,재직,통사론(국어학),코퍼스 기반 문법 연구,서울대학교,박사,申瑞仁,Seoin Shin
10180589,ok,이지은,여,1973,한성대학교(연계),교수,재직,컴퓨터그래픽스모델링,3차원 형상 모델링 및 변형,서울대학교,박사,李志銀,Jieun Lee
10180655,ok,노영윤,여,1975,건국대학교,초빙교수,재직,산문,고전문학,건국대학교,석사,盧暎沇,"Noh,Young-Yun"
10180676,ok,이동옥,여,1968,가천대학교,강사,재직,여성학이론,"여성의 나이듦, 노인돌봄, 돌봄의 윤리, 노인여성 문화",이화여자대학교,박사,李東鈺,Dongok Lee
10180737,ok,김하윤,남,1971,배재대학교(연계),부교수,재직,인문학,국어국문학,고려대학교,박사,金夏允,HaYun Kim
10180777,ok,김혜선,여,*****,한국교원대학교,,*****,국어교육학,쓰기 교육,한국교원대학교,박사,*****,*****
10180791,ok,심상민,남,*****,경인교육대학교(연계),*****,*****,한국어교육학,외국어로서의 한국어교육,University of New South Wales,박사,*****,*****
10180832,ok,이가원,여,*****,한국외국어대학교,*****,*****,한국어교육학,문예창작/외국어로서의 한국어교육,한국외국어대학교,박사,*****,*****
10180894,ok,한만수,남,1967,서울여자대학교,강사,재직,문학이론,소설이론 및 창작,중앙대학교,박사,韓萬洙,Hahn Mansoo
10180912,ok,김봉남,남,1971,영남대학교(연계),교수,재직,한시,다산 정약용의 한시를 비롯한 18세기 남인의 한시,고려대학교,박사,金奉楠,KIM BONG NAM
10180978,ok,이은영,여,1961,성균관대학교,초빙교수,재직,한시,20세기 한시,성균관대학교,박사,李恩英,Eunyoung Lee
10180982,ok,장인수,남,1976,제주대학교(연계),교수,재직,현대시(국문학),현대시(국문학),성균관대학교,박사,張 仁 洙,Jang In-su
10181005,ok,김영범,남,1975,광운대학교,강사,재직,현대시(국문학),현대시와 시론,고려대학교,박사,金榮範,Kim Youngbeom
10181024,ok,방영심,여,1969,상명대학교(연계),조교수,재직,의미론(언어학),어휘의미론,이화여자대학교,박사,방영심,
10181036,ok,오규환,남,1980,전북대학교(연계),조교수,재직,형태론(국어학),단어 형성론,서울대학교,박사,,"Oh, Gyu-hwan"
10181062,ok,김도희,여,1974,대전대학교(연계),조교수,재직,현대시(국문학),현대시,대전대학교,박사,金導희,KIM DO HEE
10181072,ok,임지아,여,1970,동아대학교(연계),부교수,재직,기타국어학,한국어 교육,동아대학교,박사,林志娥,JiA Lim
10181078,ok,강동석,남,1976,재단법인 한국학 호남진흥원,책임연구원,재직,작가론,고려시대 한문학,고려대학교,박사,姜東錫,Kang Dong Seok
10181091,ok,조윤정,여,1980,국민대학교(연계),조교수,재직,현대소설(국문학),현대소설,서울대학교,박사,,Jo Yunjeong
10181158,private,,,,,,,,,,,,
10181202,ok,노인환,남,1982,한국학중앙연구원,연구원,재직,기타역사학,고문서학,한국학중앙연구원,박사,魯仁煥,Noh In Hwan
10181265,ok,김용범,남,*****,한양대학교(연계),*****,*****,고전산문,조선조 소설 중 영웅소설,한양대학교,박사,*****,*****
10181280,ok,정동훈,남,*****,서울교육대학교(연계),*****,*****,고려시대사,국제관계사,서울대학교,박사,*****,*****
10181289,ok,남수경,여,1973,명지대학교(연계),교수,재직,통사론(국어학),"문법론, 한국어교육, 글쓰기",서울대학교,박사,南秀坰,NAM SU KYONG
10181307,ok,김동석,남,1963,성균관대학교,초빙교수,재직,한문산문,기행산문-연행록,성균관대학교,박사,金東錫,kim dong suk
10181384,ok,안의정,여,1973,연세대학교,연구원,재직,국어정보학,사전편찬학,연세대학교,박사,,"Eui jeong, Ahn"
10181520,ok,정순영,여,*****,충남대학교,*****,*****,한문교육,"한문문법,한자교육",성신여자대학교,박사,*****,*****
10181527,ok,이경희,여,1963,경일대학교,,재직,,,대구가톨릭대학교,,,
10181603,ok,손진은,남,1960,신경주대학교,부교수,재직,현대시(국문학),,경북대학교,박사,손진은,Jineun Sohn
10181642,ok,이봉상,여,1975,서울여자대학교,초빙교수,재직,중국시,당대시가,北京師範大學,박사,李奉相,Bongsang Lee
10181697,ok,정유미,여,1979,전북대학교,기타,퇴직,현대시(국문학),현대시(국문학),전북대학교,박사수료,丁有美,Jeong Yu Mi
10181750,ok,김정민,남,1971,한국학중앙연구원 어문생활사연구소,전임연구원,퇴직,한국경학,한국 유가 경학사,한국학중앙연구원,박사,金正敏,Jungmin Kim
10181804,ok,이기성,남,1970,한국전통문화대학교(대학별),교수,재직,한국선사고고학,"석기, 선사시대 한일관계, 고고학사",立命館大學,박사,李基星,YI KISUNG
10181861,ok,임태승,남,1963,성균관대학교(연계),교수,재직,동양철학일반,중국/한국 미학,北京大學,박사,林泰勝,"LIM, TAE SEUNG"
10181925,private,,,,,,,,,,,,
10181928,ok,오택현,남,1982,한국학중앙연구원,기타,재직,한국고대사,한국고대사,동국대학교,박사,吳澤呟,taekhyun oh
10182001,ok,엄숙희,여,1972,전북대학교(연계),부교수,재직,현대소설(국문학),현대소설,전북대학교,박사,嚴淑姬,Eom Suk Hui/
10182010,ok,이안나,여,1960,한국외국어대학교,강의교수,퇴직,몽골어문학,몽골 구비문학,Ulaanbaatar university,박사,李安那,"LEE,AN NA"
10182024,ok,이행훈,남,1970,한림대학교(연계),교수,재직,한국철학,"한국철학, 한국근대철학, 유가철학, 동양철학",성균관대학교,박사,李幸勳,Haenghoon Lee
10182038,ok,이경수,여,1969,광운대학교,초빙교수,재직,한국어교육학,"외국어로서의 한국어교육, 한국언어문화",상명대학교,박사,李京修,Yi Kyeong-Soo
10182064,ok,최경환,남,1967,국민대학교,조교수,재직,고전산문,고전소설,서강대학교,박사,崔京桓,Kyunghwan CHOI
10182162,ok,김수진,여,*****,동국대학교,*****,*****,한국어교육학,외국어로서의 한국어교육학,한국외국어대학교,박사,*****,*****
10182166,ok,박은하,여,1972,대구대학교,기타,재직,사회언어학,사회언어학,대구대학교,박사,朴銀河,Eunha Park
10182191,ok,강미영,여,*****,국립국어원,*****,*****,자연언어처리,한국어 정보 처리,부산대학교,박사,*****,*****
10182194,ok,이재훈,남,1972,건양대학교,강의교수,재직,문예창작,한국 현대시,중앙대학교,박사,李在勳,Lee Jae Hoon
10182200,ok,송지혜,여,*****,국립금오공과대학교(연계),*****,*****,국어사,어휘사,경북대학교,박사,,*****
10182222,ok,조위수,여,1974,부산외국어대학교,부교수,재직,한국어교육학,한국어교육,부산외국어대학교,박사,,Cho Wisu
10182227,ok,최성민,남,1975,경희대학교(연계),부교수,재직,현대소설(국문학),서사 이론과 매체 연구,서강대학교,박사,崔聖旼,Choi Sungmin
10182230,ok,강찬모,남,1967,청주대학교,강사,재직,작가론,현대문학(현대 시),청주대학교,박사,,
10182275,ok,이효원,남,1978,인하대학교(연계),부교수,재직,한문산문,한문학,서울대학교,박사,李曉源,LEE HYO WON
10182375,ok,김종태,남,1966,한국고전번역원,선임연구원,재직,한문학,한시/한문산문/회화사,성균관대학교,박사수료,金鍾泰,Kim jong tai
10182397,ok,김서형,여,1972,단국대학교,초빙교수,재직,한국어교육학,"국어학, 한국어교육",고려대학교,박사,,Kim Seo Hyung
10182518,private,,,,,,,,,,,,
10182519,ok,이수미,여,1965,국립중앙박물관,공무원,재직,미술사,한국회화사,서울대학교,박사,李秀美,Soomi  Lee
10182575,ok,송정란,여,1958,건양대학교,부교수,퇴직,운문,"시, 시조",경기대학교,박사,宋貞蘭,songjungran
10182624,ok,강성우,남,*****,청주교육대학교(연계),*****,*****,영어교육학,언어평가,University of Illinois at Urbana - Champaign,박사,*****,*****
10182670,ok,부영근,남,1965,대구한의대학교,강사,재직,한시,유배시,영남대학교,박사,夫英勤,boo young geun
10182700,ok,권유진,여,1973,한국교육과정평가원,연구위원,재직,가정교육학,가정교육 교수-학습 방법,Texas Tech University,박사,權油眞,Yoojin Kwon
10182768,ok,강미선,여,*****,가톨릭대학교,,*****,고전산문,장편소설,가톨릭대학교,박사,*****,*****
10182819,ok,조상현,남,*****,전남대학교 인문융합연구원,*****,*****,기타한국사,지방사,전남대학교,박사,*****,*****
10182822,ok,이명현,남,1972,중앙대학교(연계),부교수,재직,고전산문,"고전서사(고전소설), 문화콘텐츠, 구비문학, 대중서사와 서브컬처",중앙대학교,박사,李明賢,"Lee, Myeoung-hyun"
10182824,ok,박진용,남,1962,한국교육과정평가원,책임연구원,재직,국어교육학,읽기교육,한국교원대학교,박사,朴鎭龍,Jinyong Park
10182830,ok,오선민,여,*****,동국대학교,*****,*****,문학비평(국문학),현대문학(비평),이화여자대학교,박사,*****,*****
10182877,ok,정원주,여,1955,협성대학교,교수,,아동발달,아동발달,건국대학교,박사,鄭苑珠,
10182912,ok,박재승,남,1971,한국연구재단,회원,퇴직,응용언어학(중국어학),중한기계번역,한국외국어대학교,박사,朴宰承,Jaeseung Park
10183004,ok,박민규,남,1973,울산대학교(연계),부교수,재직,현대시(국문학),현대시와 비평,고려대학교,박사,朴민奎,"Park, Min-Kyu"
10183022,ok,김제욱,남,1976,한서대학교,조교수,재직,문예창작,시창작 및 비평,,,金帝旭,Jewook Kim
10183119,ok,홍선미,여,*****,국제사이버대학교,*****,*****,영어교육,교수법,한양대학교,박사,*****,*****
10183152,ok,한길연,여,1973,경북대학교(연계),교수,재직,고전산문,고전소설,서울대학교,박사,韓吉娟,Han Gil-Yeon
10183184,ok,백숙아,여,1962,소속없음,기타,퇴직,운문,고전시가(한시),국립순천대학교,박사,白淑兒,BAEK SuK AH
10183226,ok,권혁명,남,1969,한성대학교(연계),부교수,재직,한문학,한시,고려대학교,박사,權赫明,KWON HYOK MYONG
10183243,private,,,,,,,,,,,,
10183245,ok,김상민,남,*****,한국방송통신대학교(대학별),*****,*****,영상문학,"영상문학, 영화비평사",연세대학교,박사,,*****
10183404,ok,김수연,여,*****,서울여자대학교(연계),*****,*****,고전산문,고전소설,이화여자대학교,박사,*****,*****
10183426,ok,허관무,남,*****,동국대학교,*****,*****,,,동국대학교,박사,,
10183488,ok,류찬열,남,1969,중앙대학교(연계),부교수,재직,현대시(국문학),현대시,중앙대학교,박사,柳讚烈,Ryu Chan Youl
10183506,ok,백지은,여,1973,고려대학교,초빙교수,재직,문학비평(국문학),현대 소설 비평,고려대학교,박사,,
10183521,ok,위햇님,여,*****,中京大學,*****,*****,한국어교육학,한국어문법교육,서울대학교,박사,*****,*****
10183546,ok,서지영,여,*****,한국교육과정평가원,*****,*****,,,고려대학교,박사,*****,*****
10183578,ok,유용욱,남,1969,충남대학교(연계),교수,재직,고고학,"고고학(한국선사고고학, 서양고고학, 구석기고고학,",McGill Univ.,박사,兪鏞郁,YOO YONGWOOK
10183637,ok,이재훈,남,1978,동아대학교 역사인문이미지연구소,객원교수,재직,기타일본문학,한일교류,경희대학교,박사,李在焄,LEEJAEHOON
10183685,ok,이지연,여,1971,연세대학교,연구원,재직,발생학,발생학,이화여자대학교,박사,,Ji-Yeon Lee
10183726,ok,이경화,여,*****,전남대학교(연계),*****,*****,신경병리,"신경종양병리, 퇴행성뇌질환",전남대학교(학동),박사,*****,*****
10183728,ok,류속영,여,*****,부산대학교(연계),*****,*****,고전시가,고전시가,부산대학교,박사,*****,*****
10183749,ok,우영희,여,1973,한국방송통신대학교,책임연구원,재직,교육공학,"이러닝설계, 상호작용전략",The University of Georgia,박사,禹英姬,Younghee Woo
10183838,ok,박명숙,여,1974,蘇州大學,전임강사,재직,구비문학,설화,서울대학교,박사,朴明淑,piaomingshu
10183846,ok,김혁우,남,1980,성균관대학교,기타,퇴직,,,성균관대학교,석사,金爀優,"KIM,HYUGWOO"
10183915,private,,,,,,,,,,,,
10183937,ok,고이즈미가즈오,남,*****,중앙대학교,*****,*****,,,고려대학교,박사수료,*****,*****
10184393,ok,김주수,남,1975,한국연구재단(테스트),기타,미취업,운문,"한시, 고전시가, 현대시 비교연구",한국학중앙연구원,박사,金注秀,kimjoosoo
10184405,ok,와타나베나오키,남,1965,武蔵大學,교수,재직,비교문학(국문학),한일비교문학,동국대학교,박사,渡邊直紀,Naoki Watanabe
10184416,ok,요르그플라센,남,1968,Ruhr - Univ. Bochum,조교수,재직,한국불교철학,"삼론학, 중관학, 화엄학, 한국불교",University of Hamburg,박사,,Joerg Plassen
10184421,ok,요시모토하지메,남,1963,東海大學,교수,재직,국어학,의미론,부산대학교,박사,吉本一,Yoshimoto Hajime
10184433,ok,Michael C. E. Finch,남,1957,계명대학교,교수,퇴직,기타인문학,한국학역사,Univ. of Oxford,박사,,Michael Clive Edward Finch
10184467,ok,Vermeersch Sem Andre C,남,1968,서울대학교(연계),교수,재직,기타역사일반,고려시대불교사,University of London,박사,,Vermeersch Sem Andre C
10184663,ok,구해근,남,*****,University of Hawaii at Manoa,*****,*****,사회계층/계급,계급형성과 계급정치,Northwestern University,박사,*****,*****
10184712,ok,낸시에이블만,여,1959,University of Illinois at Urbana - Champaign,부교수,재직,문화인류학,문화인류학,Univ. of California at Berkeley,박사,,Nancy Abelmann
10184839,private,,,,,,,,,,,,
10184868,ok,오상순,남,1954,中央民族大學,교수,재직,현대소설(국문학),중국조선족문학,中央民族大學,박사,,wu xiangshun
10185108,ok,박향란,여,1981,延邊大學,,재직,,,延邊大學,,朴香蘭,Xianglan Piao
10185157,ok,"Li, Tiegen",남,1957,계명대학교,교수,퇴직,중국현대문학,현대한어어법,上海師範大學,박사,李鐵根,Tiegen Li
10185218,ok,천금매,여,1978,南通大學,부교수,재직,고전산문,"한문산문,고전문헌,한중문화교류",연세대학교,박사,千金梅,QIANJINMEI
10185278,private,,,,,,,,,,,,
10185372,ok,이동배,남,1962,The University of Queensland,조교수,재직,언어교육,교과서와 문화,The University of Queensland,박사,,Dong Bae Lee
10185403,ok,김남길,남,*****,University of Southern California,*****,*****,,,University of Washington,박사,,*****
10185409,private,,,,,,,,,,,,
10185903,private,,,,,,,,,,,,
10186043,ok,박영택,남,*****,경기대학교(연계),*****,*****,미술사,미술평론,성균관대학교,석사,*****,*****
10186416,private,,,,,,,,,,,,
10186444,ok,권병철,남,*****,경동대학교(연계),*****,*****,영어통역번역학,번역학,동국대학교,박사,*****,*****
10186640,ok,서정미,여,1969,안양대학교(연계),조교수,재직,국어사전학,국어국문학,경기대학교(서울),박사,徐貞美,Seo Jeong-mi
10186769,ok,박청호,남,*****,국립순천대학교,*****,*****,소설,문학창작,중앙대학교,박사,,*****
10187191,ok,김승대,남,1969,전라북도청,전문위원,재직,조선후기사,실학,원광대학교,박사,金承大,KIMSEUNGDAE
10188068,ok,Vladimir Hlasny,남,1979,이화여자대학교,부교수,퇴직,수리/미시경제,산업조직론,Michigan State Univ.,박사,,Vladimir Hlasny
10188203,ok,김지영,여,1983,제주대학교 인문과학연구소,전임연구원,재직,한문학,조선후기 한문학,한국학중앙연구원,박사,金智榮,Jiyoung Kim
10188277,ok,김지은,여,1978,부산대학교,강사,재직,한국어교육학,외국어로서의한국어교육,부산대학교,박사,金志恩,Kim Ji Eun
10188384,ok,김미혜,여,*****,청주교육대학교(연계),*****,*****,국어교육학,문학교육(현대시교육),서울대학교,박사,*****,*****
10188412,ok,전용숙,여,*****,대구대학교(연계),*****,*****,소설,현대소설,대구대학교,박사,*****,
10188456,ok,신승모,남,1974,경성대학교,조교수,재직,일본근현대문학,근현대 일본문학문화,名古屋大學,박사,辛承模,Shin Seungmo
10188467,ok,강소산,여,*****,부산외국어대학교,*****,*****,한국어교육학,말하기 교육,부산대학교,박사,,*****
10188483,ok,원해영,여,1965,부산외국어대학교,부교수,재직,한국어교육학,외국어로서의 한국어교육,부산대학교,박사,元海英,Won Haeyoung
10188535,ok,권창섭,남,1981,서울대학교,대학원생,재직,음운론(국어학),국어음운론,아주대학교,학사,權昌燮,Kwon Changseob
10188587,ok,허철,남,1970,부산대학교 점필재연구소,연구원,재직,한자학어학,"한자교육, 교과교육학, 한문교육, 중국어교육,디지털인문학",北京師範大學,박사,,"Heo, Chul"
10188636,ok,함영대,남,1975,경상국립대학교(연계),부교수,재직,한문학,한국경학,성균관대학교,박사,咸泳大,Ham Young Dae
10188644,ok,김세화,여,*****,경희대학교,,*****,,,경희대학교(국제캠퍼스),학사,*****,*****
10188668,ok,김용복,여,1962,성균관대학교 동양철학ㆍ문화연구소,연구원,재직,유교철학,한국무용미학(예악학),성균관대학교,박사,金龍福,Kim Yong Bock
10188761,ok,유유현,여,*****,전북대학교,*****,*****,의미론(국어학),문법의미론,전북대학교,박사,,*****
10188816,ok,최재호,남,1972,육군3사관학교,부교수,재직,고전비평,고전산문,경북대학교,박사,崔宰豪,Jaeho Choi
10188852,private,,,,,,,,,,,,
10188853,ok,이진오,남,1977,고려대학교,강사,재직,구비문학(국문학),"고전문학, 설화, 판소리, 판소리계 소설",고려대학교,박사,李鎭午,"Lee, Jin-O"
10188855,ok,이희경,여,*****,松山大學,,*****,,,인하대학교,박사,*****,*****
10188875,ok,장민정,여,1978,성균관대학교,초빙교수,재직,한국어교육학,한국어교육학,한양대학교,박사,張旻渟,Jang Min Jung
10188929,ok,박성필,남,1977,서울시립대학교,강사,재직,현대시(국문학),1930년대 모더니즘시,서울시립대학교,박사수료,朴成必,Park Sung-pil
10188955,ok,권오민,남,*****,한국한의학연구원,*****,*****,의사학,"의사학, 과학기술사회학",경희대학교,박사,,*****
10188964,ok,김경애,여,*****,목원대학교(연계),*****,*****,현대소설(국문학),,숙명여자대학교,박사,,*****
10188999,ok,조익상,남,1980,서원대학교(연계),조교수,재직,문학비평(국문학),"산문연구, 담론연구",연세대학교,석사,趙益常,"Jo, Ik sang"
10189013,ok,강은모,여,*****,경희대학교,*****,*****,현대소설(국문학),현대소설,경희대학교,박사,*****,*****
10189044,ok,맹승호,남,1970,서울교육대학교(연계),교수,재직,과학교육학,지구과학교육,서울대학교,박사,孟勝鎬,Maeng Seungho
10189061,private,,,,,,,,,,,,
10189126,ok,이형우,남,1957,성결대학교,강사,재직,문학이론,체질시학,한양대학교,박사,李瑩雨,Hyeongwoo Lee
10189170,ok,이경규,남,1961,계명대학교(연계),부교수,재직,기타인문학,독일 계몽주의,Ludwig-Maximilians-Universitaet Muenchen,박사,李慶圭,lee kyung-kyu
10189206,ok,신지영,여,1977,연세대학교(연계),부교수,재직,비교문학(국문학),"한국근현대문학, 동아시아 비교문학 (디아스포라 기록 문학)",一橋大學,박사,,Ji Young Shin
10189210,ok,라기주,여,1960,,,,문예창작,문예창작학과,명지대학교(서울캠퍼스),박사,,
10189251,ok,김재영,남,1969,한국교원대학교,강사,재직,,,한국교원대학교,박사,金載暎,Jaeyoung Kim
10189325,private,,,,,,,,,,,,
10189653,ok,은상현,남,1971,상지대학교,대학원생,재직,,,상지대학교,,殷t尙鉉,Eun Sanghyun
10189703,ok,태평무,남,*****,中央民族大學,*****,*****,사회언어학,사회언어학,김일성종합대학,박사,*****,*****
10189717,ok,김종태,남,1969,한국연구재단(테스트),기타,퇴직,사회변동/발전사회학,사회문화 변동 및 발전,University of Illinois at Urbana - Champaign,박사,金鍾泰,"Kim, Jongtae"
10189794,ok,오상현,남,1958,경북대학교,대학원생,재직,,,경북대학교,박사수료,吳相賢,Oh sang hyun
10189878,ok,황보관,남,1977,서강대학교,대학원생,재직,고전시가,고전시가,서강대학교,석사,皇甫官,HwangBo Kwan
10190294,ok,박미영,여,*****,국립국어원,*****,*****,응용국어학,화법교육,고려대학교,박사,*****,*****
10190336,ok,이지용,남,1981,단국대학교,연구교수,재직,문예창작,문예이론,단국대학교,박사,李知容,Ji-Yong Lee
10190352,ok,오경순,여,1957,가톨릭대학교,겸임교수,재직,기타일본어학,일한번역,고려대학교,박사,吳京順,Kyoungsoon Oh
10190420,ok,안희은,여,1980,고신대학교(연계),조교수,재직,기타국어학,한국어교육,부산대학교,박사,安熙銀,An Hee Eun
10190547,ok,오현숙,여,1976,경희대학교,연구원,재직,현대소설(국문학),아동문학,서울대학교,박사,吳炫淑,"Oh, Hyun Sook"
10190563,ok,전현애,여,1977,서울대학교(연계),부교수,재직,인지신경과학,인지신경과학,서울대학교,박사,全(전)賢(현)愛(애),Hyeon-Ae Jeon
10190581,ok,한연석,남,1954,국립공주대학교,교수,퇴직,고문자학(중국어학),"한자학(간독학), 훈고학",北京師範大學,박사,韓延錫,hanyounsuk
10190599,ok,남상욱,남,*****,인천대학교(연계),*****,*****,비교문학(일본문학),전후 일본의 문화적 변동,東京大學,박사,*****,*****
10190687,ok,송아름,여,*****,경북대학교(연계),*****,*****,현대희곡(국문학),현대희곡(국문학),서울대학교,박사,,*****
10190690,ok,류정민,여,1975,연세대학교(연계),부교수,재직,한문학,"한시. 한문 비평, 비교문학, 디지털인문학, 문헌학",Harvard University,박사,,JAMIE JUNGMIN YOO
10190859,ok,김항,남,1973,연세대학교(연계),교수,재직,문화이론,문화연구,東京大學,박사,,Hang KIM
10190883,private,,,,,,,,,,,,
10190903,ok,박홍근,남,1964,연세대학교,,재직,,,University of Southern California,박사,朴弘根,Hong-Keun Park
10190965,private,,,,,,,,,,,,
10190986,ok,박종훈,남,*****,조선대학교(연계),*****,*****,한문학,한시,한양대학교,박사,*****,*****
10191019,ok,서승희,여,1978,한국학중앙연구원(연계),부교수,재직,한국어와문학,현대문학비평,이화여자대학교,박사,徐承希,"Seo, Seung heui"
10191064,ok,김정은,여,1974,건국대학교,초빙교수,재직,구비문학(국문학),구비문학,건국대학교,박사,金廷恩,Jungeun Kim
10191065,ok,위수광,여,1974,창신대학교(대학별),부교수,재직,중국어교육,중국어교육,부산외국어대학교,박사,魏秀光,Wui SooKwang
10191092,ok,오현아,여,1978,강원대학교(연계),교수,재직,국어교육학,"문법교육, 통사론, 화용론, (한)국어문법(교육)사, 언",서울대학교,박사,,"Oh, Hyeon-ah"
10191112,ok,이동순,여,1968,조선대학교(연계),부교수,재직,현대시(국문학),한국 현대시,전남대학교,박사,李東順,Lee dong soon
10191128,ok,진주영,여,1976,순천향대학교(연계),부교수,재직,비교문학(영문학),미국소설,Indiana University at Bloomington,박사,陳姝暎,"Jin, Ju Young"
10191252,ok,임곤택,남,1968,고려대학교(연계),부교수,재직,학제간연구,문학과 사회과학 융복합,고려대학교,박사,林坤澤,"Kon-Taek, Lim"
10191302,ok,박성호,남,1980,동국대학교,연구원,재직,산문,"고전문학(연행록,한시)",동국대학교,박사,朴成浩,Sungho Park
10191313,ok,김지선,여,1977,우석대학교,연구교수,재직,경찰행정,"경찰학, 범죄학",원광대학교,박사,金智善,Kim Ji-Sun
10191414,ok,김현정,여,1978,대진대학교 인문학연구소,연구원,재직,고전산문,비교문학,성균관대학교,박사,金炫廷,hyunjung kim
10191465,ok,이혜용,여,*****,이화여자대학교(연계),*****,*****,화용론(국어학),"화행, 공손성, 대화분석, 내러티브분석, 의료커뮤니케이션",이화여자대학교,박사,*****,*****
10191500,ok,김해나,여,*****,장로회신학대학교,,*****,,,,,,*****
10191503,ok,조수남,여,1972,서울대학교,강의교수,재직,기타자연과학일반,과학사,서울대학교,박사,趙壽南,Cho Su Nam
10191584,ok,김유권,남,1973,대진대학교,강사,미취업,통사론(언어학),어미중첩구성,건국대학교,박사,金裕權,yougwon kim
10191632,ok,오주리,여,1975,가톨릭관동대학교(연계),부교수,재직,현대시(국문학),국문학 현대시,서울대학교,박사,吳周利,Oh Juri
10191634,ok,이은희,여,1970,성균관대학교,초빙교수,재직,한국어교육학,"한국어화용교육,문법교육",고려대학교,박사,이은희,Lee  Eun Hee
10191641,private,,,,,,,,,,,,
10191746,ok,권두연,여,*****,한세대학교(연계),*****,*****,기타국문학,근대초기한국문학,연세대학교,박사,*****,*****
10191751,ok,정미경,여,*****,국립순천대학교,,*****,,,,,,
10191852,ok,가은아,여,1972,국립공주대학교(연계),부교수,재직,국어교육학,작문교육,한국교원대학교,박사,賈銀我,Ka Euna
10191882,ok,조선영,여,*****,국가유산청,*****,*****,구비문학(국문학),"구비문학, 산문",중앙대학교,박사,*****,*****
10191891,ok,김혜인,여,1982,동국대학교 서사문화연구소,연구교수,재직,현대소설(국문학),현대문학,동국대학교,박사,金慧仁,Hyein Kim
10191901,ok,이상봉,남,1974,부산대학교,강사,재직,한시,한시,부산대학교,박사,李尙峰,Sangbong Lee
10191909,ok,김원규,남,1972,포항공과대학교,대우교수,재직,현대소설(국문학),현대소설,연세대학교,박사,,KIM WON KYU
10191932,ok,정혜정,여,1975,전남대학교 호남학연구원,연구교수,재직,구비문학,판소리,전남대학교,박사,鄭慧晶,"Jung, Hye-jung"
10191970,ok,김창경,남,1960,충남대학교,강사,재직,동양철학일반,성리학,충남대학교,박사,金昌慶,changgyung-kim
10191990,ok,최명석,남,1980,연세대학교,강사,재직,,,,,崔茗舃,"CHOI, MYEONGSEOK"
10192214,ok,남진우,남,*****,명지대학교,*****,*****,문학이론,문학,중앙대학교,박사,*****,*****
10192421,ok,신영미,여,1959,소속없음,기타,미취업,현대소설(국문학),현대소설에 나타난 낭만성과 죽음,인하대학교,박사,申英美,Youngmi Shin
10192507,private,,,,,,,,,,,,
10192526,ok,신로사,여,1977,성균관대학교,강사,퇴직,한문학,"한문산문, 비교문학",성균관대학교,박사,辛로사,Shin Rosa
10192727,ok,이강한,남,*****,한국학중앙연구원(연계),*****,*****,고려시대사,"고려후기경제사, 대외관계사",서울대학교,박사,*****,*****
10192776,ok,신명숙,여,*****,단국대학교,*****,*****,고전시가,"고대가요,악장,",단국대학교,박사,*****,*****
10192794,ok,남재주,남,1970,(재) 한국국학진흥원,전임연구원,재직,한국경학,예학,경성대학교,박사,南在珠,NAMJAEJU
10192797,private,,,,,,,,,,,,
10192813,ok,성아사,여,1983,연세대학교,강사,재직,고전산문,고전소설,연세대학교,박사,成아사,A SA SUNG
10192840,ok,정혜경,여,1979,강남대학교(연계),부교수,재직,기타국문학,고전문학,고려대학교,박사,丁惠京,Jung Hye Kyung
10192951,ok,최유찬,남,1951,연세대학교,교수,퇴직,현대소설(국문학),"현대문학비평, 컴퓨터 게임",연세대학교,박사,,YU CHAN CHOI
10193056,ok,함충범,남,1974,한국영상대학교,조교수,재직,영화사,동아시아영화사,한양대학교,박사,咸忠範,Chungbeom Ham
10193063,private,,,,,,,,,,,,
10193071,ok,조은애,여,1974,숭실대학교,강사,재직,비교문학(일본문학),설화문학,立敎大學,박사,趙恩？,Eun Ae Cho
10193076,ok,이토,남,1981,서울대학교,대학원생,재직,,,서울대학교,석사,伊藤貴祥,ITO Takayoshi
10193086,ok,김지혜,여,1985,한성대학교,강사,재직,고전시가,고전시가,한성대학교,박사,金智慧,Jihye Kim
10193124,ok,서용석,남,1969,한국과학기술원(연계),부교수,재직,정치학사/정치사,거버넌스,University of Hawaii at Hilo,박사,,Yongseok Seo
10193133,ok,장석배,남,1968,Vanderbilt Univ.,강의교수,재직,국어정보학,한국어교육정보학 (Korean Language Education and Informatics),연세대학교,박사,張碩培,Seok Bae Jang
10193144,private,,,,,,,,,,,,
10193150,ok,양재성,남,*****,영남대학교,*****,*****,한문산문,한문산문,영남대학교,박사,*****,*****
10193187,ok,남화숙,여,1959,University of Washington,조교수,재직,,,,,,Hwasook Nam
10193245,ok,박미희,여,1980,고려대학교,강사,미취업,기타인문학,문화콘텐츠,한성대학교,박사,,Park Mi Hee
10193261,ok,권미경,여,1966,동국대학교,강사,재직,교육사회학,교육사회문화,동아대학교,박사,權美卿,Meekyung Kwon
10193328,ok,신지은,여,1977,부산대학교(연계),교수,재직,사회학,문화사회학,Univ. de Paris V (Univ. Rene Descartes),박사,辛智恩,Shin Jieun
10193333,private,,,,,,,,,,,,
10193400,ok,이원영,여,1985,건국대학교,강사,재직,구비문학(국문학),구비문학,건국대학교,박사수료,李元榮,Wonyoung Lee
10193446,ok,조민하,여,1973,경희대학교 인문학연구원,HK연구교수,재직,음운론(국어학),음운론/음성학,고려대학교,박사,曺民河,Jo Min-ha
10193483,ok,김현진,여,1974,경희대학교,강사,재직,언어교육,"한국어 교육, 한국 문화, 국제협력",경희대학교(국제캠퍼스),박사,金賢眞,kim huyn jin
10193507,ok,송병우,남,1968,동명대학교,강사,재직,한문산문,한문산문,동아대학교,박사,宋炳遇,Byungwoo Song
10193557,ok,김민영,여,1983,국립중앙도서관,공무원,재직,현대시(국문학),현대시,경북대학교,박사수료,金旼映,Kim Min Yeong
10193560,ok,한혜선,여,1974,이화여자대학교 한국문화연구원,연구교수,재직,미술사,한국도자사,이화여자대학교,박사,韓惠先,Hyesun Han
10193561,ok,김아름,여,1982,신한대학교(대학별),조교수,재직,현대소설(국문학),현대문학,동국대학교,박사,金아름,Kim A Rum
10193644,ok,정민구,남,*****,전남대학교(연계),*****,*****,현대시(국문학),한국현대시,전남대학교,박사,,*****
10193709,ok,이상옥,남,1979,경북대학교,강사,재직,현대시(국문학),현대문학(현대시),경북대학교,박사,李相沃,"Sang-Ok, Lee"
10193812,ok,김승현,여,1980,홍익대학교(연계),부교수,재직,국어교육,화법교육,서울대학교,박사,,Kim Seunghyun
10193865,ok,조훈성,남,1977,공주교육대학교,강사,재직,희곡,"마당극,탈춤,전통연희극 연구",국립공주대학교,박사,趙訓晟,Hunseong Jo
10193872,ok,신수영,여,1975,가천대학교(연계),조교수,재직,어휘학(중국어학),어휘의미론,复旦大学,박사,申修瑛,Shin Sooyoung
10193875,ok,정민아,여,1970,성결대학교(연계),조교수,재직,영화사,"한국영화, 젠더이론",동국대학교,박사,鄭珉娥,Min Ah Jeong
10193882,ok,박슬기,여,1978,서강대학교(연계),교수,재직,현대시(국문학),한국현대문학,서울대학교,박사,朴슬기,Seulki Park
10193910,private,,,,,,,,,,,,
10193913,ok,구선정,여,1976,선문대학교,강사,재직,고전산문,고전소설전공,이화여자대학교,박사,具善正,koo sun jung
10193936,ok,김진희,여,1975,아주대학교(연계),부교수,재직,고전시가,"고려, 조선시대 시가",연세대학교,박사,金鎭熙,Kim Jinhee
10193966,ok,권희철,남,*****,한국예술종합학교(연계),*****,*****,현대시(국문학),한국현대시,서울대학교,박사,*****,*****
10194012,ok,김종호,남,1981,서강대학교(연계),부교수,재직,동남아사,근현대 화교화인사,National University of Singapore,박사,金鐘湖,JongHo Kim
10194061,ok,김준형,남,*****,고려대학교,*****,*****,,,,,*****,
10194067,ok,박형준,남,*****,부산외국어대학교,*****,*****,문학교육,문학교육/문학비평,부산대학교,박사,*****,*****
10194159,ok,이채경,여,1963,한국연구재단,기타,미취업,한문산문,조선후기 야담,성균관대학교,박사,李埰慶,Chaegyeong Lee
10194196,ok,임영걸,남,1983,성균관대학교(연계),조교수,재직,한문학,한문산문,성균관대학교,박사,林永杰,"RIM, YOUNG GUL"
10194250,ok,이정용,남,1952,국립창원대학교,강사,퇴직,형태론(언어학),고대국어,국립창원대학교,박사,李正龍,Jeonglyong-Lee
10194259,ok,여상임,여,1970,동국대학교,강사,재직,현대시(국문학),"현대시, 해방기 시, 비평",경북대학교,박사수료,呂想任,Sangim Yeo
10194315,ok,노성미,여,1963,경남대학교,부교수,재직,고전산문,"고소설, 구비문학, 민속, 기타",경남대학교,박사,盧聖美,Seong Mi Noh
10194327,ok,박수진,여,1980,경일대학교(대학별),조교수,재직,한국어교육학,"한국어 문법, 서사, 담화",영남대학교,박사,朴秀珍,Sue Jin Park
10194399,ok,손시은,여,1973,원광대학교,HK연구교수,재직,고전시가,가사,전북대학교,박사,孫施恩,SON SIEUN
10194508,ok,강애경,여,1980,,강사,미취업,현대소설(국문학),대중문학,전남대학교,박사,姜愛京,Aegyeong Kang
10194516,ok,황혜순,여,1977,건국대학교,기타,퇴직,현대소설(국문학),"아동문학,문학치료,통일인문학(언급학과 석박사 중복졸업)",건국대학교 GLOCAL(글로컬)캠퍼스,석사,黃惠淳,hwang hye soon
10194543,private,,,,,,,,,,,,
10194565,ok,박용국,남,1962,경상국립대학교,연구교수,재직,기타한국사,"지역사(지방사), 신라사",경북대학교,박사,朴勇國,"Park, Yong-guk"
10194598,ok,윤지양,여,1983,인천대학교(연계),부교수,재직,중국문화학,"중국고전문학, 동아시아문화교류사",서울대학교,박사,尹智楊,Yoon Jiyang
10194607,ok,이봉순,여,1964,성균관대학교,대학원생,재직,번역,한중고전번역,,,李鳳順,Bongsun Lee
10194728,ok,이주영,남,1976,고려대학교,강사,재직,구비문학,신화,고려대학교,박사,李周泳,Jooyoung Lee
10194734,ok,김인숙,여,1973,한국교육과정평가원,연구위원,재직,교육평가,"Research, Evaluation, Measurement, and Statistics",The University of Georgia,박사,金仁淑,Insuk Kim
10194763,ok,김동규,남,1980,연세대학교,객원교수,재직,현상학,프랑스 현상학,서강대학교,박사,,Kim Dongkyu
10194771,ok,김현진,남,1977,경상국립대학교,강사,재직,한시,누정 문학,경상국립대학교,박사,金炫鎭,KIM HYUN JIN
10194778,ok,함돈균,남,1973,고려대학교,HK연구교수,재직,문학비평(국문학),현대문학비평/시/소설,고려대학교,박사,,"Hahm, Donkyoon"
10194863,ok,정기문,남,1981,동아대학교,강사,재직,현대소설(국문학),한국현대소설,동아대학교,석사,,
10194997,ok,백채원,여,*****,원광대학교(연계),*****,*****,국어사,문법사,서울대학교,박사,*****,*****
10195000,ok,조무숙,여,1971,,,미취업,한국어와문학,외국어로서의 한국어교육,충남대학교,박사,趙茂淑,cho mu sook
10195004,ok,고선희,여,1960,서울예술대학교,교수,재직,영상문학,"영상문학, 스토리텔링, 문화연구",성균관대학교,박사,高先希,Ko Seon Hee
10195057,ok,주민재,남,1973,명지대학교(연계),부교수,재직,국어교육,작문(글쓰기) 교육,연세대학교,박사,朱旻在,JOO MINJAE
10195232,ok,백두산,남,*****,서울시립대학교(연계),*****,*****,현대희곡(국문학),한국현대희곡,서울대학교,박사,*****,*****
10195256,private,,,,,,,,,,,,
10195313,ok,김미랑,여,1967,초당대학교(연계),부교수,재직,중국,중국지역학,중앙대학교,박사,金美娘,Kim Mi Lang
10195333,ok,임유경,여,1982,연세대학교(연계),부교수,재직,현대소설(국문학),"한국현대소설, 문학비평, 북한문학, 문화연구",연세대학교,박사,,Yukyung Lim
10195423,private,,,,,,,,,,,,
10195426,ok,이진숙,여,1970,경성대학교 한국한자연구소,연구교수,재직,비교문학,영미소설,부산대학교,박사,李眞淑,lee jin sook
10195428,ok,백경선,여,1976,한양대학교,강사,재직,현대희곡(국문학),텔레비전드라마,한양대학교,박사,白敬善,Kyungseon Baek
10195430,ok,김도경,여,1981,경북대학교,초빙교수,재직,소설,현대소설,경북대학교,박사,,kimdokyoung
10195438,private,,,,,,,,,,,,
10195457,private,,,,,,,,,,,,
10195467,ok,서세정,여,*****,연세대학교,*****,*****,한국어교육학,한국어교육학 문법,,,,
10195468,ok,한승규,남,1979,홍익대학교(연계),조교수,재직,응용국어학,국제정치,연세대학교,박사,,Han Seungkyu
10195477,ok,김은주,여,1975,이화여자대학교 이화인문과학원,연구교수,재직,서양철학일반,"윤리학, 정치 사회 철학, 여성주의 철학",이화여자대학교,박사,金銀柱,eun-joo kim
10195483,ok,조보로,여,1985,배재대학교(연계),조교수,재직,인문학,중국언어문학,배재대학교,박사,趙寶？,BAOLU ZHAO
10195489,ok,주현식,남,1978,한성대학교(연계),조교수,재직,현대희곡(국문학),"퍼포먼스(연행론), 현대희곡, 연극 및 TV 드라마, 시각 문화 분석",서강대학교,박사,,
10195505,ok,조정민,여,1979,이화여자대학교,강사,재직,의미론(국어학),"의미, 화용론",이화여자대학교,박사,曺廷旼,CHO JUNGMIN
10195618,ok,강희철,남,1977,경성대학교,강사,재직,문학이론,현대문학 비평이론연구,경성대학교,석사,康僖哲,Hee-Chul Kang
10195620,ok,이내관,남,1975,배재대학교,강사,재직,현대소설(국문학),현대소설,배재대학교,박사,李來官,Lee Nae-kwan
10195626,private,,,,,,,,,,,,
10195699,ok,이난수,여,1976,한국전통문화대학교,연구교수,재직,예술철학,동양미학,성균관대학교,박사,李蘭洙,Lee nan su
10195703,ok,정미혜,여,1961,경희대학교,강사,재직,한국어교육학,한국어 교육과정,경희대학교(국제캠퍼스),박사,鄭美惠,Mihye Jeong
10195930,ok,이수진,여,1974,弘前大學,부교수,재직,가족여성,가족학 및 생활경영,お茶の水女子大學,박사,李秀眞,SUJIN LEE
10195982,ok,이영,여,1978,안양대학교(연계),교수,재직,대조언어,한중 문법 비교,,박사,李穎,LIYING
10196052,ok,김예경,여,1965,홍익대학교(연계),부교수,재직,미학일반,미학 및 예술학,L'Université Paris 1,박사,,Kim Yea Gyung
10196075,ok,김상한,남,1977,한국교원대학교(연계),교수,재직,초등교육,아동문학교육,한국교원대학교,박사,金常漢,Kim Sanghan
10196109,private,,,,,,,,,,,,
10196112,ok,하승완,남,*****,경북대학교(연계),*****,*****,통사론(언어학),통사론,Boston University,박사,,
10196150,ok,성은실,여,*****,서울대학교,*****,*****,,,,,,
10196173,ok,김미희,여,1984,한양대학교,,재직,,,,,金美希,mihui Kim
10196206,ok,고강일,남,1977,연세대학교(연계),부교수,재직,현대영미소설,20세기 미국문학,State University of New York at Stony Brook,박사,,KANGYL KO
10196250,ok,김경연,여,1968,한국공학대학교,연구교수,재직,교수이론/교육방법/교수법,"교육방법, 교육심리,",고려대학교,박사,金璟姸,"KIM, KYUNG YUN"
10196297,ok,정다운,여,1977,한국학중앙연구원(연계),책임연구원,재직,한국어교육학,한국어 쓰기 교육,고려대학교,박사,鄭茶韻,Chung Da-Woon
10196325,ok,서은영,여,1976,한양대학교(ERICA캠퍼스) 문화콘텐츠전략연구소,연구교수,재직,기타국문학,만화평론,고려대학교,박사,徐殷永,Eunyoung Seo
10196509,ok,이송희,여,1976,전남대학교,강사,재직,현대시(국문학),현대시,전남대학교,박사,이송희,Songhee Lee
10196564,ok,문정우,여,1973,경상국립대학교,강사,재직,한문학,한시,경상국립대학교,박사,文靘釪,Moon jung woo
10196812,ok,박선양,여,*****,군장대학교,*****,*****,현대소설(국문학),"재미한인문학, 성장소설, 문학교육, 글쓰기교육",전북대학교,박사,*****,*****
10196880,ok,김진욱,남,1972,명지대학교,교수,재직,아동보육,운영관리 교사교육 영아,서울대학교,박사,金鎭郁,Kim Jinwook
10196888,ok,이현정,여,1977,Nanyang Technological University,조교수,재직,,,,,,Hyunjung Lee
10196901,ok,이명기,남,1981,고려대학교,,재직,,,,,,
10197079,ok,김영은,여,*****,한양대학교,*****,*****,한시,조선시대 한문학,한양대학교,박사,*****,*****
10197098,ok,송상헌,남,1977,고려대학교(연계),부교수,재직,통사론(언어학),"전산문법론, 실험통사론, 코퍼스",University of Washington,박사,宋相憲,Sanghoun Song
10197127,ok,고춘화,여,*****,경북대학교(연계),*****,*****,국어교육,문법교육,경북대학교,석사,,
10197161,ok,최창헌,남,*****,상지대학교(연계),*****,*****,국어교육학,국어교육학,강원대학교,박사,*****,*****
10197188,ok,심혜령,여,1967,배재대학교(연계),교수,재직,한국어교육학,"한국어교육, 한국어학, 어휘교육",연세대학교,박사,沈惠玲,HYERYEONG SHIM
10197413,ok,김소정,여,1974,(주)나라지식정보,연구위원,재직,정보기술관리,MIS,서강대학교,박사,金昭呈,sojung lucia KIM
10197438,ok,혼다 토모쿠니,남,*****,서일대학교,*****,*****,한국어교육학,한국어교육,서울대학교,박사수료,*****,*****
10197659,ok,강성률,남,1970,광운대학교(연계),교수,재직,영화이론,"영화사 연구, 영화비평",동국대학교,박사,,Kang Seung Ryul
10197681,ok,제니 펑,여,*****,서경대학교,*****,*****,,,"Rutgers, The State University of New Jersey",학사,,*****
10197707,ok,심혜경,여,1972,동국대학교,강사,재직,고전산문,불교문학/고전소설,동국대학교,박사,沈惠暻,hyekyung shim
10197722,ok,김영미,여,1960,연세대학교,강사,재직,통사론(언어학),중간태 동사,연세대학교(미래캠퍼스),석사,,YoungMi Kim
10197760,ok,원미진,여,1966,연세대학교(연계),부교수,재직,한국어교육학,한국어교육,Texas Tech University,박사,,Mi Jin Won
10197863,private,,,,,,,,,,,,
10197899,ok,원용준,남,1969,충북대학교(연계),부교수,재직,중국철학,유교 및 중국 고대 사상사,東京大學,박사,,
10197980,ok,신광희,여,1968,충북대학교(연계),조교수,재직,미술사,불교미술사,동국대학교,박사,辛廣姬,KWANGHEE SHIN
10198112,ok,진철용,남,1969,한국한자한문교육학회,,재직,,,,,陳哲鏞,Cheol Yong Jin
10198142,ok,권현주,여,*****,영남대학교,*****,*****,고전시가,고전시가,영남대학교,박사,*****,*****
10198206,private,,,,,,,,,,,,
10198213,ok,이승현,남,1971,한국한자한문교육학회,,재직,,,,,李昇絃,leeseunghyun
10198215,ok,이돈석,남,1977,한국고전번역원,연구원,재직,교과교육학,한문교육학 전공,성균관대학교,박사,李敦錫,Don Suk Lee
10198316,private,,,,,,,,,,,,
10198337,private,,,,,,,,,,,,
10198365,ok,안인숙,여,1969,대진대학교,강사,재직,의미론(언어학),의미론,중앙대학교,박사,安仁淑,Insuk An
10198402,ok,민진영,여,1968,연세대학교,객원교수,재직,한국어교육학,외국어로서의 한국어교육,연세대학교,박사,閔珍英,Jinyoung Min
10198422,ok,김종곤,남,1977,건국대학교,HK연구교수,재직,심리철학,역사적 트라우마,건국대학교,박사,金鍾坤,jonggon kim
10198490,ok,하영준,남,1964,동방문화대학원대학교(대학별),교수,재직,동양화/한국화,현대문인화,성균관대학교,박사,河榮埈,Ha young jun
10198578,ok,박보현,여,1981,고려대학교,초빙교수,재직,국어교육학,문법교육학,,,朴甫賢,PARK BO HYUN
10198588,ok,정주아,여,1974,강원대학교(연계),교수,재직,현대소설(국문학),소설론 및 문학사상사,서울대학교,박사,鄭珠娥,"Joung, Ju A"
10198686,ok,고경태,남,1974,고려대학교,강의교수,재직,한국어교육학,문법 및 어휘 교육,고려대학교,박사,高京泰,Kyoungtae Koh
10198687,ok,정의진,남,1968,상명대학교(연계),부교수,재직,비평(프랑스문학),현대 문학 예술 이론 및 프랑스 현대 소설,Univ. de Paris VIII (Vincennes-Saint-Denis),박사,鄭義鎭,Jung Eui-Jin
10198870,ok,최건아,여,1984,청주대학교(연계),부교수,재직,국어교육학,국어교육,고려대학교,박사,崔建我,Geon-ah Choi
10198877,ok,김주상,남,1978,아주대학교,강사,재직,국어학사,문법론,서울대학교,박사,金周祥,Jusang Kim
10198966,ok,김화경,여,*****,국민대학교,*****,*****,현대소설(국문학),근대소설,국민대학교,박사,*****,*****
10199251,ok,염재웅,남,1972,건국대학교,교수,재직,중국어사,聲韻學,北京大學,박사,廉載雄,Yum Jaeung
10199301,ok,김영은,여,1966,인천대학교,강사,재직,희곡(프랑스문학),프랑스 현대희곡,Univ. d'Aix - MarseilleⅠ(Univ. de Provence),박사,,Kim Young-eun
10199330,ok,윤기미,여,1975,경동대학교,부교수,퇴직,기타국문학,국문학,한국학중앙연구원,박사,尹基美,Yin JiMei
10199337,ok,곽상인,남,1976,서울시립대학교,객원교수,재직,소설,현대문학(소설),서울시립대학교,박사,郭相仁,Sangin Gwak
10199383,ok,홍승아,여,1983,단국대학교(연계),조교수,재직,한국어교육학,외국인을 위한 한국어 교육,이화여자대학교,박사,,HONG SEUNGAH
10199400,ok,전긍,여,1971,국민대학교(연계),교수,재직,중국어와문학,중국어학,上海師範大學,박사,錢兢,"CHUN,KEUNG"
10199437,private,,,,,,,,,,,,
10199444,ok,김현수,남,1971,고려대학교,대학원생,재직,문학교육,시교육,고려대학교,박사수료,金賢洙,Hyeon-Su
10199645,ok,서승아,여,1971,한국연구재단,회원,미취업,국어교육학,논증교육,동국대학교,박사,徐承我,Seo Seung Ah
10199679,ok,이종훈,남,1974,동국대학교(대학별),조교수,재직,기타예술일반,문화콘텐츠,동국대학교,박사,,Lee JongHoon
10199702,ok,전한성,남,*****,동국대학교(대학별),*****,*****,국어교육학,"국어교육(문학교육, 소설교육, 현대문학)",동국대학교,박사,*****,*****
10199715,ok,박마리아,여,1967,대진대학교(연계),조교수,,기타중문학,중국현당대문학,南京大學,박사,朴馬利阿,MARIA PARK
10199790,ok,전지은,여,1982,연세대학교,강사,재직,코퍼스,어휘 의미와 전산처리 방법론,고려대학교,박사,全智恩,Jieun Jeon
10199834,ok,송미경,여,1983,한국항공대학교,조교수,재직,고전산문,"구비문학(판소리), 문화콘텐츠, 고전소설, 전통연희, 고전문학교육",고려대학교,박사,宋美敬,Song Mikyoung
10199862,ok,김효진,여,*****,서울대학교(연계),*****,*****,도시및산업인류학,문화인류학,Harvard University,박사,*****,*****
10199868,ok,강구섭,남,1972,전남대학교(연계),교수,재직,평생교육,통일교육,Humboldt - Univ. zu Berlin,박사,姜求燮,Kang Gu Sup
10199904,ok,곽미선,여,*****,延邊大學,*****,*****,한문학,"한중문학교류, 연행록 연구",연세대학교,박사,*****,*****
10199910,ok,이상현,남,1983,High Energy Accelerator Research Organization,POST-DOC,재직,결정학,고체물리,성균관대학교(자연과학캠퍼스),박사,李相賢,Lee Sanghyun
10199955,ok,박일우,남,1974,광주대학교(대학별),부교수,재직,현대소설(국문학),한국근대문학,국민대학교,박사,朴壹愚,"Park, il-woo"
10199960,ok,허재홍,남,1983,가천대학교,강사,재직,현대희곡(국문학),희곡,서강대학교,박사,許宰弘,"Heo, Jaehong"
10200016,ok,이중진,남,1973,전북대학교,대학원생,재직,,,,,李重振,yijoongjin
10200059,ok,김홍백,남,1977,나사렛대학교(대학별),조교수,재직,한문산문,조선 중기 한문학,서울대학교,박사,,"Hong-baek, Kim"
10200084,ok,류진희,여,1978,성균관대학교,초빙교수,재직,현대소설(국문학),한국근현대소설 여성문학 동아시아학 비교문학,성균관대학교,박사,柳眞熙,Jinhee Ryu
10200301,ok,박민철,남,1979,건국대학교 인문학연구원,HK교수,재직,한국현대철학,"20세기 한국 지성사 및 사상사, 통일인문학",건국대학교,박사,朴慜喆,Park Min Cheol
10200499,ok,앤드류 에드워드 핀치,남,1950,경북대학교,교수,퇴직,영어교육,영어교육,,박사,Andrew Edward Finch,Andrew Edward Finch
10200568,ok,박재석,남,1974,연세대학교,강사,재직,현대소설(국문학),한국현대소설,연세대학교,석사,朴在石,Jaesuk Park
10200571,ok,이한길,남,1962,강원대학교 강릉캠퍼스,강사,재직,,,,,李漢吉,Han-Kil Lee
10200574,ok,신윤경,여,1968,가천대학교(연계),부교수,재직,한국어교육학,외국어로서의한국어교육,고려대학교,박사,申潤卿,Shin Yoon Kyeong
10200636,ok,김태호,남,1972,부산대학교(연계),교수,재직,언어학,"사회언어학, 담화분석, 응용언어학, 기능언어학",State University of New York at Buffalo,박사,金泰昊,Taeho Kim
10200657,ok,하정원,남,1977,성균관대학교,대학원생,재직,,,,,河廷沅,Jung Won Ha
10200711,ok,곽병창,남,1960,우석대학교(대학별),교수,재직,,,,,곽병창,Gwak Byeong Chang
10200822,ok,조상현,남,1975,울산대학교,강사,재직,한시,선시,울산대학교,박사,曺尙賢,Sanghyun Jo
10200973,ok,배지혜,여,1980,선문대학교,부교수,재직,컴퓨터시스템,임베디드시스템,선문대학교,박사,裵芝慧,Ji-Hye Bae
10200986,ok,이은희,여,1978,강원대학교,전임연구원,퇴직,구비문학(국문학),한국 고전문학,강원대학교,박사,,"LEE, EUN-HEE"
10200997,ok,이정배,남,1961,강원대학교,초빙교수,재직,현대시(국문학),문학비평,강원대학교,박사,李正培,Jungbae Lee
10201079,ok,김동현,남,1963,강원대학교,강사,재직,소설,현대소설과 문학이론,강원대학교,박사,金東鉉,dong hyeon kim
10201082,ok,신동도,여,1964,인천대학교,강사,재직,문예학(독일문학),고전주의,Freie Univ. Berlin,박사,申東桃,Dongdo Shin
10201093,ok,양민호,남,1972,국립부경대학교 인문사회과학연구소,조교수,재직,사회언어학,언어지리학,東北大學(JA),박사,梁敏鎬,MINHO YANG
10201133,ok,김복순,여,1966,강원대학교,강사,재직,구비문학,"고전문학, 구비문학",강원대학교,박사,,Kim Boksun
10201172,private,,,,,,,,,,,,
10201208,ok,김효진,여,1972,강원대학교,강사,재직,소설,현대소설,강원대학교,박사,金孝珍,KIM HYO JIN
10201217,ok,김상열,남,1962,대전대학교(연계),교수,재직,현대희곡(국문학),희곡,,,김상열,kim sang youl
10201268,private,,,,,,,,,,,,
10201672,private,,,,,,,,,,,,
10201676,ok,최진오,남,1972,국립창원대학교(연계),교수,재직,특수교육,학습 및 정서행동장애,Southern Illinois University,박사,崔鎭伍,"Choi, Jinoh"
10201693,ok,센슈민,남,1958,Univ. of Waterloo,교수,재직,,,"Rutgers, The State University of New Jersey",박사,,XueMin Shen
10201832,ok,서종훈,남,1973,대구가톨릭대학교,교수,재직,국어교육학,기능교육,경상국립대학교,박사,,
10202076,ok,정진석,남,*****,강원대학교(연계),*****,*****,국어교육학,문학교육(현대소설),서울대학교,박사,*****,*****
10202356,ok,이정덕,여,1980,서울대학교 언어교육원,,재직,언어교육,한국어교육,이화여자대학교,박사,李貞德,Jeongdeok Lee
10202471,ok,남미정,여,1973,서강대학교,대우교수,재직,형태론(언어학),국어사,서강대학교,박사,南美貞,Mijeong Nam
10202548,private,,,,,,,,,,,,
10202566,ok,홍덕구,남,1983,국립군산대학교,초빙교수,재직,현대소설(국문학),"식민지시기 문학, 문화연구",동국대학교,박사,洪德玖,Hong Duck-Gu
10202631,ok,정혜경,여,1961,동의대학교(연계),부교수,재직,의미론(국어학),소설,부산대학교,박사,鄭惠京,Chung hey kyong
10202801,ok,황희선,여,*****,중앙대학교(연계),*****,*****,의미론(국어학),텍스트의미론,중앙대학교,박사,*****,*****
10202805,ok,정영찬,남,1982,숭실대학교 한국기독교문화연구원,연구원,재직,문화이론,문화콘텐츠 / 문화원형 / 창작소재개발,,,鄭永燦,Youngchan Jung
10202842,ok,우츠기 아키라,남,1977,名古屋大學,교수,재직,,,,,宇都木昭,Akira Utsugi
10202891,ok,김태웅,남,1979,국립경국대학교(연계),조교수,재직,고전시가,"시조, 가집",성균관대학교,박사,金泰雄,"Kim, Tai-woong"
10202942,ok,홍현성,남,1980,한국국학진흥원,책임연구원,재직,고전산문,고전소설,한국학중앙연구원,박사,洪鉉成,Hyunsung Hong
10203070,ok,정현정,여,1973,東北大學,교수,재직,응용언어학,신경언어학,東北大,박사,,Hyeonjeong JEONG
10203130,ok,김가람,남,1982,전북대학교(연계),조교수,재직,한국어교육학,한국어교육,서울대학교,박사,,Kim garam
10203135,ok,최승기,남,1972,강원대학교 강릉캠퍼스,강사,재직,텍스트언어,텍스트언어학,강원대학교 강릉캠퍼스,박사,崔乘起,seoungki Choi
10203151,ok,Carl J. Saxer,남,*****,한양대학교(연계),*****,*****,정치학사/정치사,정치학,Univ. of Oxford,박사,,*****
10203248,ok,윤은경,여,1963,충남대학교,강사,재직,작가론,현대문학,충남대학교,박사,尹恩卿,eunkyung yoon
10203436,ok,김혜영,여,*****,공주교육대학교(연계),*****,*****,응용국어학,"국어 문법론, 번역학, 국어교육",고려대학교,박사,*****,*****
10203517,ok,김소진,여,1979,중부대학교,조교수,재직,장애인복지,사회복지실천,성균관대학교,박사,金邵珍,sojin kim
10203591,ok,이준호,남,*****,경인교육대학교(연계),*****,*****,한국어교육학,한국어문화교육학,고려대학교,박사,*****,*****
10203721,ok,안주현,남,*****,대구한의대학교(연계),*****,*****,음운론(언어학),방언학(사회방언학),경북대학교,박사,*****,*****
10203776,ok,박용규,남,1965,고려대학교,연구교수,재직,한국근대사,"일제시대 사상사, 독립운동사",고려대학교,박사,朴龍圭,Park yong-kyu
10203843,ok,정연주,여,1983,홍익대학교(연계),부교수,재직,통사론(국어학),"통사론, 의미론",고려대학교,박사,,Jeong Yeonju
10203877,ok,정진희,여,1973,연세대학교,연구교수,재직,구비문학(국문학),신화학,서울대학교,박사,鄭眞熙,
10203895,ok,김종두,남,1974,동방문화대학원대학교(대학별),조교수,재직,기타의약학,상한론,北京中醫藥大學,박사,金鍾斗,Kim Jong Du
10203911,ok,김지니,여,1977,건국대학교,연구원,재직,기타사회과학,북한 정치 사회 문화,건국대학교,박사,金지니,"KIM, JINI"
10204005,ok,김주석,남,1970,성균관대학교,대학원생,,고전시가,시조,경희대학교,석사,金周碩,KIM JUSEOK
10204014,ok,이정환,남,1971,서울대학교(연계),교수,재직,비교미학,"동양미학, 성리학, 중국지성사, 및 유교문화",Harvard University,박사,李定桓,Junghwan Lee
10204140,private,,,,,,,,,,,,
10204483,ok,김보성,여,1983,원광대학교 한문번역연구소,연구교수,재직,기타인문학,한국한문학,성균관대학교,박사,金甫省,Bosung Kim
10204484,ok,고재석,남,1974,성균관대학교(연계),교수,재직,동양철학일반,"원시유학, 성리학, 심학, 한국유학",北京大學,박사,高在錫,"GO, JAE SUK"
10204548,ok,신혜선,여,1964,한양대학교 중국문제연구소,기타,재직,신문방송학일반,영상커뮤니케이션,淸華大學,박사,申惠善,Shin Hyesun
10204603,ok,고태우,남,*****,서울대학교(연계),*****,*****,한국근대사,"식민지시기 사회사, 정책사, 20세기 생태환경사",연세대학교,박사,*****,*****
10204652,ok,양정연,남,1966,한림대학교(연계),교수,재직,지역불교및불교사연구,"티벳불교, 대승불교",동국대학교,박사,,"Yang, Jeong Yeon"
10204697,ok,김대진,남,1973,경상국립대학교,대학원생,재직,,,,,金大晋,Daejin Kim
10204704,ok,김진철,남,1981,제주대학교 탐라문화연구원,연구원,재직,학제간연구,스토리텔링 / 문화콘텐츠,숭실대학교,박사,金鎭鐵,Kim Jin-Chul
10204741,private,,,,,,,,,,,,
10204839,ok,김희성,여,1960,동신대학교(연계),조교수,,,,전남대학교,박사,金姬成,Kim Hee Sung
10204907,ok,심형진,여,1963,성신여자대학교(연계),조교수,재직,교육사학,한국교육사상사,중앙대학교,박사,沈亨珍,"SHIM, HYUNG JIN"
10204969,ok,허선익,남,1968,,,재직,국어교육,읽기/쓰기교육,경상국립대학교,박사,許瑄益,Seonik Heo
10204982,ok,고현혜,여,1974,국민대학교,강사,퇴직,현대소설(국문학),이상문학,국민대학교,박사,,Go Hyeon Hye
10204998,ok,김성준,여,1970,부산대학교,,재직,,,,,金成駿,Sungjun Kim
10205232,ok,김효진,여,1980,서울대학교,강사,미취업,의미론(언어학),의미론,서울대학교,박사,金孝眞,Hyojin Kim
10205248,ok,곽택용,남,1973,용인대학교,,재직,기타예술체육,스포츠사회학,성균관대학교,박사,郭宅榕,kwak taek-yong
10205253,ok,장재천,남,1956,용인대학교,부교수,재직,교육사학,한국교육사,성균관대학교,박사,張在天,jaecheon chang
10205785,ok,이옥선,여,1973,서울대학교(연계),교수,재직,스포츠교육,"체육 교사교육, 교수법, 청소년 교육",Univ. of North Carolina at Greensboro,박사,李玉仙,"Lee, Okseon"
10205831,private,,,,,,,,,,,,
10206060,ok,김윤희,여,1982,광주대학교,조교수,재직,한국어교육학,한국어문화교육학,고려대학교,박사,金允姬,Kim Yoon-Hee
10206064,private,,,,,,,,,,,,
10206248,private,,,,,,,,,,,,
10206371,ok,황민선,여,1981,전남대학교,강사,재직,운문,한국한문학,전남대학교,박사,,
10206430,ok,구영산,여,1974,충남대학교(연계),교수,재직,국어교육학,국어교육,서울대학교,박사,具英山,"Goo, Youngsan"
10206453,ok,김민선,여,1983,연세대학교,연구교수,재직,현대소설(국문학),한국소설,동국대학교,박사,金旼宣,Kim Minsun
10206473,ok,현순영,여,1971,전주교육대학교,강사,재직,현대소설(국문학),1930년대 문학,고려대학교,박사,玄順英,"Hyeon, Sun-Yeong"
10206521,ok,김청환,남,1966,충북보건과학대학교,강사,재직,중국문화학,"중국고대문화, 문학",전북대학교,박사,金淸煥,CHUNG HWAN KIM
10206604,ok,김평원,남,1973,인천대학교(연계),교수,재직,국어교육학,국어표현교육,서울대학교,박사,金坪源,Kim Pyoung Won
10206709,ok,안지영,여,1972,한국학중앙연구원(연계),,재직,중국,중국경제,한국외국어대학교,박사,安志英,Ahn ji young
10206772,private,,,,,,,,,,,,
10206801,ok,양재훈,남,1980,국립군산대학교,강사,재직,문학비평(국문학),한국문학,인하대학교,박사,梁宰熏,Yang Jae hoon
10206813,ok,염인수,남,1975,고려대학교,연구교수,재직,문학비평(국문학),한국현대소설 및 현대비평이론,고려대학교,박사,,
10206823,ok,최은지,여,*****,고려대학교(연계),*****,*****,한국어교육학,"언어 기능 교육, 문법 교육, 어휘 교육",고려대학교,박사,*****,*****
10206913,ok,방금단,여,1965,성신여자대학교,초빙교수,재직,현대소설(국문학),현대소설의 유랑성 연구,성신여자대학교,박사,方錦丹,bang-geumdan
10206921,ok,정재윤,여,1978,한국학중앙연구원(연계),책임연구원,재직,교육학,교육과정,고려대학교,박사,鄭載潤,
10206954,ok,유광석,남,1969,경희대학교,연구교수,재직,종교사회학,종교문화이론,University of Ottawa,박사,劉 光 錫,Yoo Kwang Suk
10207334,ok,김진희,여,1964,숙명여자대학교,강사,재직,현대시(국문학),현대시,숙명여자대학교,박사,金眞禧,Kim Jin Hee
10207427,private,,,,,,,,,,,,
10207461,ok,김계자,여,1971,한신대학교(연계),부교수,재직,일본근현대문학,"일본근현대문학문화, 재일코리안문학, 한일문학의 관련양상",東京大學,박사,金季？,KIM GAEJA
10207463,ok,한봉석,남,*****,국립부경대학교(연계),*****,*****,한국현대사,"냉전문화, 미국의 대한원조, 인도주의 구호",성균관대학교,박사,*****,*****
10207495,ok,구교령,여,1984,고려대학교,연구교수,재직,국내마케팅,마케팅,고려대학교,박사,,KAY RYUNG KOO
10207577,private,,,,,,,,,,,,
10207605,ok,김미선,여,*****,국립부경대학교,*****,*****,,,국립부경대학교,박사,*****,*****
10207665,ok,권대호,남,*****,서원대학교,*****,*****,국어교육학,"표현교육, 논증교육",한양대학교,박사,,*****
10207808,ok,고지혜,여,1981,신라대학교(연계),조교수,재직,현대소설(국문학),현대소설,고려대학교,박사,,Ko Jihye
10207821,ok,박혜민,여,1983,연세대학교,POST-DOC,미취업,한문산문,고전문학,연세대학교,박사,朴惠珉,haemin Park
10207838,ok,이영준,남,1983,고려대학교,대학원생,미취업,한문학,한문학,,,李泳俊,"Young-june, Lee"
10208296,ok,전주희,여,1981,동아대학교(연계),조교수,재직,구비문학,신화와 문화,서강대학교,박사,全珠熙,JEON JU-HEE
10208316,ok,신샛별,여,1986,동국대학교,대학원생,미취업,현대소설(국문학),현대소설,동국대학교,석사,申샛별,Shin saet-byeol
10208454,ok,고경민,남,1979,건국대학교,조교수,재직,한국어교육학,외국어로서의 한국어교육,건국대학교,박사,高庚敏,Kyoungmin Ko
10208815,private,,,,,,,,,,,,
10208857,ok,정경미,여,1974,고려대학교,초빙교수,재직,통사론(국어학),의미통사론,고려대학교,박사,鄭京美,Jung Kyeongmi
10209211,ok,손자영,여,1976,이화여자대학교,대학원생,재직,,,,,,
10209819,private,,,,,,,,,,,,
10210111,ok,민병관,남,1967,한국시조학회,회원,재직,현대시(국문학),"현대시, 현대시조",부산대학교,박사,閔丙官,MinByeongKwan
10210119,ok,심아정,여,1972,한국방송통신대학교,강사,미취업,기타정치외교학,한일관계 및 현대일본정치,法政大學,박사,沈雅亭,Ajung Sim
10210120,ok,배은희,여,1975,인천대학교,강사,재직,고전시가,근대시조,인천대학교,박사,裵銀熙,BAE EUN HEE
10210208,ok,최흥열,남,1948,중앙대학교,대학원생,재직,고전시가,고시조,,,최흥열,Heung yeol choi
10210613,ok,김영,여,1972,전북대학교,강사,재직,중국고전문학,중국경학,전북대학교,박사,金英,Kim Yeong
10210711,ok,서조원,남,1974,전북대학교,대학원생,재직,,,,,徐照源,Seo Jo Won
10210726,ok,박옥실,여,1954,아주대학교,강사,재직,현대시(국문학),현대시,아주대학교,박사,朴玉實,"Park, Ok-Sil"
10210732,ok,강윤형,여,1968,전북대학교,연구원,퇴직,기타인문학,무형유산정보학,전북대학교,박사,姜允炯,kang yun hyung
10211015,ok,신춘호,남,1969,한국방송통신대학교,기타,재직,기타인문학,문화콘텐츠학,한국외국어대학교,박사,申春浩,Chunho Shin
10211916,ok,박필현,여,1978,국민대학교(연계),조교수,재직,인문학,국어국문,이화여자대학교,박사,朴畢賢,Pil-Hyeon Park
10216008,ok,이정현,남,1978,한국외국어대학교,강사,재직,현대소설(국문학),현대문학,중앙대학교,박사,李政炫,Rhiejounghyun
10216014,ok,이미숙,여,*****,청주대학교,*****,*****,고려시대사,고려시대사,상명대학교,박사,*****,*****
10217010,ok,김병문,남,1974,연세대학교(연계),부교수,재직,사회언어학,"언어사상사, 국어학사",연세대학교,박사,,BYUNGMOON KIM
10219308,ok,배준영,남,1980,고려대학교,초빙교수,재직,국어사,국어사/어휘사/한국어교육/한글문헌학,경북대학교,박사,裵埈瑩,BAE JUN YOUNG
10221211,ok,윤정아,여,1984,청주대학교,대학원생,재직,형태론(국어학),형태론,청주대학교,박사,尹정아,Jeonga Yun
10223511,ok,조남민,여,1974,한국기술교육대학교,부교수,재직,음운론(국어학),음성학과 한국어 교육,이화여자대학교,박사,趙南敏,Nammin Cho
10226009,ok,황병홍,남,1978,중앙대학교,강사,재직,소설,고전소설,중앙대학교,박사,黃炳弘,Byeonghong Hwang
10227210,ok,신현욱,남,1968,한양대학교,연구교수,재직,기타인문학,문화콘텐츠 창작/기획,한양대학교,박사,申鉉旭,Hyunwook Shin
10227611,ok,이은실,여,1978,한양대학교,겸임교수,재직,운문,시,한양대학교,박사,李恩實,lee eun sil
10230408,ok,백준오,남,1975,Brigham Young Univ.,조교수,재직,응용언어학,한국언어문화교육,경희대학교,박사,白埈旿,Juno Baik
10231508,ok,서은경,여,1966,충남대학교,강사,퇴직,고전산문,구비문학,충남대학교,박사,徐恩慶,"EunKyung, Seo"
10233814,ok,박재인,여,1982,건국대학교,HK연구교수,재직,구비문학(국문학),"구술생애담, 문학치료",건국대학교,박사,朴載廴,Jaiin Park
10237231,ok,지용신,여,1983,한남대학교,강사,재직,현대소설(국문학),1970-80년대 한국 현대 소설,한남대학교,박사,池容信,JI YONG SIN
10237237,ok,김홍매,여,1975,延邊大學,전임강사,재직,국제관계/협력,"동북아 국제관계, 국제이주",전남대학교,박사,金紅梅,HongMei Jin
10237308,ok,윤지환,남,1972,이화여자대학교(연계),교수,재직,정치경제,동아시아 시장개혁 및 노동,Univ. of California at Berkeley,박사,尹智煥,Ji-Whan Yun
10237810,ok,김종규,남,*****,울산대학교(연계),*****,*****,서양철학일반,독일현대문화철학,성균관대학교,박사,*****,*****
10238908,ok,정솔미,여,1984,고려대학교(연계),조교수,재직,고전산문,한문소설,서울대학교,박사,鄭솔미,Solmi Chung
10239409,ok,조수일,남,1982,한림대학교(연계),조교수,재직,비교문학(일본문학),재일조선인문학,東京大学,박사,趙秀一,"CHO, Su-il"
10243308,ok,이경근,남,1974,서울대학교(연계),강의교수,재직,고전산문,작가론,서울대학교,박사,李慶根,Kyungkun Lee
10245009,ok,이선영,여,1964,이화여자대학교,강사,재직,문학이론,현대시,이화여자대학교,박사,李宣령,Sunyeong Lee
10245308,ok,김희주,여,1968,국립공주대학교,강사,재직,현대소설(국문학),"개화기문학, 식민지 문학",고려대학교,박사,金熙珠,HeeJoo Kim
10249108,ok,조용호,남,1961,숭실대학교,전문위원,재직,고전시가,"아리랑 연구, 고려가요 후렴구",숭실대학교,박사,趙容晧,"Cho, Yong-ho"
10254123,ok,김형복,여,1973,인제대학교(연계),조교수,재직,국어교육,한국어교육,부산대학교,박사,金亨福,Kim Hyoung-Bok
10254408,ok,천영미,여,1976,성신여자대학교,강사,재직,유교정치학,춘추시대 공자의 사상-책임적 자아론,성신여자대학교,박사,千英美,Young-mi Chun
10254608,ok,우정덕,여,1982,국민대학교,대학원생,미취업,소설,현대소설,국민대학교,박사수료,禹正德,Jung-duk Woo
10255209,ok,김혜림,여,1985,동국대학교,대학원생,재직,음운론(국어학),음운론,이화여자대학교,석사,金惠林,Hyerim Kim
10255308,ok,강수진,여,1982,이화여자대학교 한국문화연구원,연구교수,재직,한문산문,한문산문,이화여자대학교,박사,姜秀珍,Soojin Kang
10256111,ok,이해영,여,*****,공주교육대학교(연계),*****,*****,역사교육,역사교육,한국교원대학교,박사,,*****
10261210,ok,박은정,여,1971,영남대학교,조교수,재직,고전산문,고전산문,영남대학교,박사,,
10262011,private,,,,,,,,,,,,
10263908,ok,손대현,남,1969,경북대학교,강사,퇴직,고전시가,고전시가,경북대학교,박사,孫大鉉,"Son, Daehyun"
10265509,ok,김준경,남,1957,남서울대학교,부교수,퇴직,한국사회복지,한국사회복지,평택대학교,박사,,KIM JOON KYOUNG
10266108,ok,박혜숙,여,1963,상명대학교,강사,재직,현대시(국문학),현대시 비평,아주대학교,박사,朴惠淑,Hyesuk Park
10267308,ok,송효정,여,1976,대구대학교(연계),부교수,재직,현대소설(국문학),한국근대문학,고려대학교,박사,宋孝貞,SONG HYO JOUNG
10267608,ok,왕단,남,1971,北京大學,교수,재직,한국어교육학,"한국어 습득, 한중대조언어",서울대학교,박사,王丹,Wang Dan
10267823,ok,박상환,남,1983,기타기관,책임연구원,재직,한문학,한국한문학,성균관대학교,박사,朴相奐,"Park, Sang-hwan"
10273019,ok,류훈,남,1972,성결대학교,부교수,퇴직,영화연출/연기,영화연출 시나리오,Academy of Art University,석사,柳勳,Hoon Ryoo
10273118,ok,조별,여,1982,성신여자대학교,초빙교수,재직,현대시(국문학),현대시,성신여자대학교,박사,趙별,Byul Cho
10273508,ok,박상철,남,1982,서울대학교(연계),부교수,재직,역사/비교언어학,만주-퉁구스어학,서울대학교,박사,朴相澈,SANGCHUL PARK
10274511,ok,이윤종,여,*****,연세대학교 국학연구원,*****,*****,영화,영화이론 및 영화사,Univ. of California at Irvine,박사,*****,*****
10277414,private,,,,,,,,,,,,
10278218,ok,유수정,여,1976,숙명여자대학교 인문학 연구소,연구교수,재직,일본근현대문학,식민지문학,筑波大學,박사,柳水晶,Yu SuJeong
10278608,ok,박선영,여,1970,서울신학대학교(대학별),교수,재직,현대시(국문학),현대시비평,숭실대학교,박사,,Park Sunyoung
10281108,ok,김민정,여,1978,순천향대학교 인문학진흥원,연구원,재직,고전산문,고전소설,고려대학교,박사,金玟廷,"Min-Jung, Kim"
10282309,ok,유현조,남,*****,충남대학교(연계),*****,*****,전산언어학,전산언어학,서울대학교,박사,*****,*****
10283108,ok,장해순,여,1965,전북대학교,강사,재직,휴먼커뮤니케이션,"소통, 스피치와 토론",경희대학교,박사,,Haesoon Jang
10284509,ok,김기택,남,1981,서울대학교(연계),교수,재직,언어습득,제2언어습득,University of Hawaii at Manoa,박사,金奇澤,Kitaek Kim
10284523,ok,유재연,남,1972,호남대학교,조교수,재직,언어치료교육,음성장애,대구대학교,박사,,"Yoo, Jae-Yeon"
10285609,ok,홍윤표,남,1974,성신여자대학교(연계),교수,재직,일본근현대문학,일본근현대문학,筑波大學,박사,洪潤杓,HONG YUN PYO
10286536,ok,이국환,남,1966,동아대학교(연계),교수,재직,문학교육,"독서학, 독서교육",동아대학교,박사,李國煥,LEE KOOKHWAN
10286809,ok,전문기,남,1973,건국대학교,교수,재직,인지/언어심리,인지심리,University of Memphis,박사,全汶基,Moongee Jeon
10289108,ok,한성례,여,1954,전북대학교,전임연구원,미취업,기타일본문학,고대시문학,세종대학교,석사,韓成禮,Han Sungrea
10290614,ok,장정아,여,1969,부산대학교,강사,재직,시(프랑스문학),말라르메. 프랑스 상징주의,부산대학교,박사,張禎娥,Jang Jung  A
10295608,ok,박선,남,1973,경기대학교,강사,재직,영화이론,영미영화사 및 비평이론,Univ. of Kansas,박사,朴繕,Sun Park
10298114,ok,정슬아,여,1983,성신여자대학교,초빙교수,재직,현대시(국문학),현대시,성신여자대학교,박사,鄭슬아,SeulA Chung
10301608,ok,김훈기,남,1965,홍익대학교(연계),부교수,재직,과학기술정책학,생명공학 정책,고려대학교,박사,,Kim Hoon Gi
10303609,ok,김경미,여,1976,고려대학교,대학원생,재직,비교문학,비교문학이론,고려대학교,석사,金敬美,Kyoungmi Kim
10303610,ok,오선주,남,1976,전북대학교,강사,재직,고전시가,고전시가,전북대학교,석사,,
10303708,ok,강이경,여,1982,경북대학교,강사,재직,국어사,국어사 문헌,경북대학교,박사수료,,kang lee kyung
10304210,ok,이종옥,여,1963,영남대학교,강사,재직,현대시(국문학),현대시,영남대학교,박사,李鍾玉,Lee jong ok
10306308,ok,박형서,남,1972,고려대학교(연계),교수,재직,문예창작,소설창작,고려대학교,박사,朴馨瑞,Park Hyoung su
10309009,ok,주근옥,남,1944,충북대학교,강사,재직,현대시(국문학),현대시,대전대학교,박사,朱根玉,Keunok Joo
10309409,ok,권경순,남,1978,한국고전번역원,선임연구원,재직,한문학,"한문소설, 고전번역",고려대학교,박사,權經淳,Kyongsoon Kwon
10309920,private,,,,,,,,,,,,
10310029,private,,,,,,,,,,,,
10310112,ok,강재헌,남,1971,충남대학교,강사,재직,고전시가,국문시가,충남대학교,박사,姜載憲,Jaeheon Kang
10310209,private,,,,,,,,,,,,
10310809,ok,김향남,여,1963,조선대학교,강사,,고전산문,고전산문,조선대학교,박사,金香男,Hyangnam Kim
10310821,ok,황임경,남,1972,제주대학교(연계),교수,재직,의학철학,"의료인문학, 의철학, 의사학, 의료윤리",서울대학교(연건캠퍼스),박사,黃任慶,Im Kyung Hwang
10311118,private,,,,,,,,,,,,
10314401,ok,김마이클,남,1967,연세대학교(연계),교수,재직,국제정치경제,국제정치경제,Harvard University,박사,,MICHAEL KIM
10314566,ok,샤틀한스,남,*****,연세대학교(연계),*****,*****,국제관계/협력,Cosmoplitanism and International Political Theory,Univ. of Oxford,박사,,*****
10314568,ok,이헬렌,여,1968,연세대학교(연계),교수,재직,일본근현대문학,식민지주의 연구,"University of California, Irvine",박사,,HELEN LEE
10316712,ok,정선영,여,1983,부산대학교,대학원생,재직,,,,,鄭璿永,Sunyoung Jung
10317909,ok,남명옥,여,1973,,조교수,재직,의미론(국어학),의미론,전남대학교,박사,南明玉,Mingyu Nan
10320813,private,,,,,,,,,,,,
10321409,ok,주지연,여,1983,영남대학교(연계),부교수,재직,어휘론(국어학),어휘론,서울대학교,박사,朱？涓,Ju Jiyoun
10321508,ok,김수경,여,1979,연세대학교,,재직,,,,,,
10322408,ok,김성철,남,1963,세한대학교(대학별),교수,재직,현대영미희곡,영어와문학,한국외국어대학교,박사,金成哲,"Kim, Sung Chul"
10323418,ok,함종호,남,1970,서울시립대학교,객원교수,재직,현대시(국문학),"시, 영화, 이미지, 글쓰기",서울시립대학교,박사,咸鍾皓,Jong-Ho Ham
10324332,ok,함계임,여,,서정대학교(대학별),조교수,재직,한국어교육학,문법교육,한국외국어대학교,박사,,Ham Kye Im
10325716,ok,박영기,여,1968,한국외국어대학교,조교수,재직,문학교육,"독서논술교육, 아동문학교육",한국외국어대학교,박사,박영기,Park Young gi
10327015,ok,지승학,남,1974,고려대학교,연구교수,재직,문화/기술철학,영상문화학,고려대학교,박사,池昇鶴,지승학
10327020,ok,최준,남,1980,전남대학교(연계),조교수,재직,국어정보학,말뭉치언어학,경북대학교,박사,,Choi Jun
10327209,private,,,,,,,,,,,,
10327708,ok,임영길,여,1984,성균관대학교,연구교수,재직,한문학,"한문산문, 사행문학, 한중교류사",성균관대학교,박사,林映吉,"YIM, YOUNGGIL"
10328119,ok,손미란,여,1982,영남대학교,연구교수,재직,현대소설(국문학),현대소설,영남대학교,박사,孫美蘭,Miran Son
10328913,ok,이승용,남,1981,단국대학교 동양학연구원,연구교수,재직,한문학,한국 한시,성균관대학교,박사,李承容,LEE SEUNG YONG
10337014,ok,한희수,남,1961,한남대학교,초빙교수,재직,문학비평(국문학),문학비평(국문학),한남대학교,박사,韓熙洙,han hui su
10339310,ok,김명신,여,1965,서울대학교,기타,미취업,응용미학,"일상미학, 조경미학, 도시연구, 미학, 미술이론, 한국학",서울대학교,박사,金明信,"Kim, Myeong-Shin"
10340508,ok,우문영,남,1972,국립공주대학교,대학원생,재직,문학교육,문학비평교육,국립공주대학교,박사,,
10341109,ok,정종화,남,1974,중앙대학교,겸임교수,재직,영화사,한국영화사,중앙대학교,박사,鄭琮樺,CHUNG CHONGHWA
10347808,ok,권동우,남,1981,영남대학교,강사,재직,현대소설(국문학),식민지기 근현대문학,영남대학교,박사,權東羽,Kwon Dong Woo
10348908,ok,이영제,남,1979,고려대학교(연계),부교수,재직,통사론(국어학),한국어 문법론,고려대학교,박사,李英濟,"Lee, Youngje"
10352910,ok,엄미리,여,1978,고려대학교,초빙교수,퇴직,교수이론/교육방법/교수법,교육공학,고려대학교,박사,嚴美里,Miri Eom
10354908,ok,윤구희,남,1975,고려대학교,대학원생,재직,국어교육,"국어교육 및 문법교육, 국어 평가",고려대학교,석사,尹구熙,Guhui-Yun
10356808,ok,박양리,여,1982,부산대학교,강사,재직,고전산문,고전산문,부산대학교,박사,朴陽理,park yang ri
10357108,ok,전수경,여,1985,부산대학교 점필재연구소,연구교수,미취업,한문학,한국한문학,성균관대학교,박사,田繡耿,Jun Su Kyung
10359308,ok,한수희,여,1983,성균관대학교,,재직,한문산문,18~19세기조선통신사,,,韓受熺,Suhee Han
10359408,ok,김종민,남,1983,성균관대학교,연구교수,재직,한문산문,조선후기 산문,성균관대학교,박사,金鍾旼,KIM JONG MIN
10360809,ok,홍달오,남,1978,중앙대학교,조교수,재직,의미론(국어학),인지의미론,중앙대학교,박사,洪達五,Hong Dal Oh
10362709,ok,유승환,남,1980,서울시립대학교(연계),부교수,재직,현대소설(국문학),한국현대소설,서울대학교,박사,劉承桓,Yoo Sung Hwan
10370709,ok,임경섭,남,1981,경희대학교,대학원생,재직,현대시(국문학),현대시창작,경희대학교,석사,林暻燮,Kyungseop Lim
10374508,ok,송철호,남,1966,경남대학교,강의교수,재직,고전산문,고전소설,부산대학교,박사,宋哲皓,Chulho Song
10381512,private,,,,,,,,,,,,
10382308,ok,이금희,여,1972,성균관대학교(연계),부교수,재직,통사론(국어학),국어학/한국어교육,성균관대학교,박사,李錦姬,"LEE, KEUM-HEE"
10385308,ok,함욱,남,1972,한국외국어대학교,대학원생,재직,한국어교육학,외국어로서의 한국어교육,경인교육대학교,석사,咸旭,Ham Uk
10389308,ok,김태진,남,1977,동국대학교(대학별),조교수,재직,동양정치사상,국제정치사상,서울대학교,박사,金泰鎭,Kim Taejin
10389909,ok,왕보하,남,1981,고려대학교,연구원,재직,의미론(국어학),의미론,가천대학교,석사,王寶霞,Baoxia Wang
10392608,ok,문현수,남,*****,수원대학교(연계),*****,*****,국어사,국어문법사,고려대학교,박사,*****,*****
10393208,ok,박지해,여,1987,한국외국어대학교,강사,재직,현대시(국문학),현대시,한국외국어대학교,박사,,PARK JI HAI
10400349,ok,이대형,남,1970,한림대학교,부교수,퇴직,소아종양/혈액종양,소아혈액종양,가톨릭대학교(성의교정),박사,이대형,Dae Hyoung Lee
10408009,ok,박민호,남,1985,서울대학교,강사,재직,교육학일반,교육측정평가,서울대학교,박사,朴民鎬,Minho Park
10408917,private,,,,,,,,,,,,
10410436,ok,연민희,여,1969,충남대학교,연구교수,재직,산문,산문,충남대학교,박사,,Yeon minhee
10411161,ok,신요한,남,1979,충남대학교,공무원,재직,한문학,한문산문,국립공주대학교,박사,申耀翰,SHIN YOHAN
10411452,ok,한미현,여,*****,충남대학교,,*****,함수해석/작용소론,작용소론,충남대학교,박사수료,,*****
10412243,ok,이경우,남,1961,국립공주대학교(연계),교수,재직,미술교육,조소,홍익대학교,석사,李慶雨,lee kyung woo
10412468,ok,이다운,여,1982,국립군산대학교(연계),부교수,재직,영상문학,"드라마, 영화, 시나리오",충남대학교,박사,,
10412513,ok,명평자,여,1969,충남대학교,강사,재직,한문학,한문학,충남대학교,박사,明平孜,Myoungpyoungja
10413908,ok,이윤빈,여,1977,덕성여자대학교(연계),조교수,재직,교양기초교육,대학작문교육,연세대학교,박사,李允彬,LEE YUN BIN
10415410,ok,김예태,남,1983,충남대학교,연구원,재직,,,,,金叡泰,Kim ye-tae
10423508,ok,신제원,남,1982,세종대학교,초빙교수,재직,현대소설(국문학),현대소설,고려대학교,박사,申制沅,"SHIN, CHEWON"
10425308,ok,구슬아,여,1984,계명대학교(연계),조교수,재직,한문산문,고전문학,서울대학교,박사,具瑟？,"Koo, Seul-Ah"
10431608,ok,김정아,여,1980,Universita di Napoli,조교수,재직,의미론(언어학),"의미론, 한국어교육",경북대학교,박사,金貞我,Junga Kim
10440109,ok,정효진,여,1979,대구가톨릭대학교,연구교수,재직,,,,,鄭孝眞,jeong hyo jin
10443627,ok,황영경,여,1959,신한대학교,부교수,재직,문학장르,현대소설,명지대학교,박사,黃英敬,Hwang Young-Kyung
10444508,ok,이동민,남,1974,국립공주대학교,대학원생,재직,,,,,李東敏,Dongmin Lee
10451508,ok,오대혁,남,1970,동국대학교,강사,재직,고전산문,고전소설,동국대학교,박사,吳大赫,Daehyeok Oh
10453608,ok,김영만,남,1962,신구대학교(대학별),조교수,재직,광고/홍보산업,"문화콘텐츠, 국가상징(무궁화)",한양대학교,박사,金永滿,KIM YOUNG MANN
10464108,ok,방인석,남,1972,경희대학교,강사,재직,현대시(국문학),현대시,경희대학교,박사,方仁錫,Bang In-Seok
10472908,ok,기준성,남,1975,디지털서울문화예술대학교(대학별),부교수,재직,응용국어학,한국어교육,상명대학교,박사,,Ki Jun Sung
10481714,ok,마크윌딩,남,1980,가톨릭대학교,조교수,퇴직,산업/노동사회학,Labour Studies,Univ. of Manchester,박사,마크윌딩,Mark Wilding
10485459,ok,이지은,여,1982,서강대학교 서강국제한국학선도센터,책임연구원,재직,통사론(언어학),통사론,University of Otago,박사,李知恩,Jieun Lee
10485460,ok,PANG JIAN CHUN,여,1974,한양대학교,겸임교수,재직,민속학(인류학),민속학,北京師範大學,박사,龐建春,Pang Jian Chun
10485972,private,,,,,,,,,,,,
10486209,ok,최혜미,여,1985,고려대학교,연구교수,미취업,한문학,한문 산문,고려대학교,박사,崔蕙美,"Choi, Hemi"
10487436,ok,도태근,남,1969,신라대학교(연계),조교수,재직,미술,조각,동아대학교,석사,,"Do, Tae-Keun"
10501808,ok,문상명,여,1978,동북아역사재단,연구위원,재직,역사지리,"백두산, 간도, 독도 영토지리 연구",성신여자대학교,박사,文相明,Sangmyeoung Moon
10505845,ok,La Shure Charles,남,1973,서울대학교(연계),교수,재직,구비문학(국문학),한국설화,서울대학교,박사,나수호,La Shure Charles
10513308,ok,김남시,남,1970,이화여자대학교(연계),부교수,재직,예술학,미술이론,Humboldt - Univ. zu Berlin,박사,金楠時,Nam-See Kim
10523508,ok,Robert J. Fouser,남,*****,서울대학교,*****,*****,,,University of Dublin Trinity College,박사,,*****
10534408,private,,,,,,,,,,,,
10535908,ok,서영진,여,1980,국립순천대학교(연계),교수,재직,국어교육학,국어교육학,부산대학교,박사,,"Seo, Young Jin"
10536408,ok,박혜경,여,1978,성균관대학교,강사,재직,한국어교육학,한국어교육,경희대학교,박사,朴惠敬,park hye kyung
10537408,ok,서경숙,여,1978,서울대학교,,,통사론(국어학),"국어 통사-화용론, 한국어 교육(어휘 교육, 문법 교육 등)",한국외국어대학교,박사,徐庚淑,Suh Kyoung Sook
10537915,ok,박희,남,*****,대림대학교,*****,*****,,,세종대학교,박사,,*****
10541309,ok,최윤정,여,1970,영남대학교(연계),부교수,재직,현대시(국문학),식민시기 문학,서강대학교,박사,崔允貞,Choi Yun Jung
10551712,ok,김은기,남,1961,고려대학교(연계),교수,재직,문화/종교사회학,종교사회학,University of Toronto,박사,金恩基,"KIM, Andrew Eungi"
10551713,private,,,,,,,,,,,,
10554808,ok,김태훈,남,1974,四國學院大學,교수,재직,국제관계사(역사학),한일근대종교사,立命館大學,박사,金泰勳,Kim Taehoon
10555228,ok,전지니,여,*****,한경국립대학교(연계),*****,*****,현대희곡(국문학),"희곡, 영화",이화여자대학교,박사,*****,*****
10556708,ok,양승호,남,1980,경북대학교,연구원,재직,,,,,,SeungHoYang
10571108,ok,우보의,여,1984,고려대학교,강사,재직,기타동양어문학,한국어학,University of Hawaii,박사,,Boeui Woo
10571912,ok,신경남,여,1978,가천대학교,대학원생,재직,고전산문,고소설연구,가천대학교,박사,申京男,kyungnam shin
10573308,private,,,,,,,,,,,,
10573725,ok,조세린,여,1970,배재대학교(연계),조교수,재직,동아시아,,Harvard University,박사,,JOCELYN CLARK
10574211,private,,,,,,,,,,,,
10575508,private,,,,,,,,,,,,
10581351,ok,박동춘,여,1953,한국전통문화대학교,강사,재직,종교철학,응용선학전공,동국대학교,박사,朴東春,parkdongchoon
10581365,ok,남영진,여,1975,한양대학교,,재직,,,,,南泳珍,youngjin nam
10581372,ok,이수희,여,1981,서강대학교,대학원생,재직,,,,,,
10581379,ok,김미선,여,1979,고려대학교,대학원생,재직,,,,,金美璿,Miseon Kim
10582608,ok,김선혜,여,1984,연세대학교 언어정보연구원,연구교수,재직,통사론(국어학),말뭉치언어학,연세대학교,박사,金仙慧,"Kim, Sun-hye"
10586008,ok,이정은,여,*****,한국외국어대학교,*****,*****,미술사,일본 및 동양미술사,University of Pittsburgh,박사,*****,*****
10586908,private,,,,,,,,,,,,
10590608,ok,노채환,남,1980,사이버한국외국어대학교(대학별),부교수,재직,음운론(국어학),국어학,한국외국어대학교,박사,,Roh Chaehwan
10590709,ok,윤상용,남,1971,충북대학교(연계),교수,재직,사회복지정책,장애인복지정책,연세대학교,학사,尹相龍,"Yoon, Sang-yong"
10590719,ok,이병금,여,1960,경희대학교,,재직,현대시(국문학),현대시,경희대학교,박사,,
10590722,ok,서순옥,여,*****,인하대학교,*****,*****,,,이화여자대학교,석사,*****,*****
10602308,ok,송안나,여,*****,강원대학교(연계),*****,*****,고전시가,고전시가,성균관대학교,박사,,
10603214,ok,김위경,여,1972,동국대학교,초빙교수,재직,고전산문,고전소설,경북대학교,박사,金渭慶,Kim Wikyoung
10603808,ok,김성조,여,1957,한양대학교,강사,퇴직,현대시(국문학),현대시,한양대학교,박사,金成祚,kim sung jo
10603908,ok,정병철,남,1976,경남대학교,교수,재직,의미론(국어학),"문법교육, 인지언어학, 언어습득",경북대학교,박사,,Byongcheol Jeong
10604113,ok,이관성,남,1967,원광대학교,강사,재직,한문학,한시,원광대학교,박사,李官聖,Kwansung-Lee
10604511,ok,윤보은,여,1980,국민대학교(연계),부교수,재직,국어학,한국어교육,국민대학교,박사,尹寶恩,"Boeun,Yoon"
10604720,ok,정해권,남,1972,조선대학교(연계),조교수,재직,한국어교육학,외국어로서의 한국어 교육,한국외국어대학교,박사,丁海權,"Jeong, Haegwon"
10604915,ok,이규필,남,*****,경북대학교(연계),*****,*****,기타인문학,조선후기 한문학,성균관대학교,박사,,
10604932,ok,김효정,여,1980,부산대학교,전임연구원,재직,교육공학,교육공학,부산대학교,박사,金孝貞,Hyojeong Kim
10605014,ok,김영옥,여,1974,고려대학교,강사,퇴직,한자학어학,한문교육,고려대학교,박사,金永玉,"Kim, Young-og"
10605020,ok,박수진,여,1983,한국교원대학교,강사,재직,국어교육학,고전서사,한국교원대학교,박사,朴秀晋,Park sujin
10606423,ok,최지녀,여,1975,홍익대학교(연계),부교수,재직,고전산문,고전소설 및 산문,서울대학교,박사,,Choi Ji Nyeo
10606563,ok,김순아,여,1966,국립부경대학교,강사,재직,운문,현대시,국립부경대학교,박사,金順雅,kim  Soon-A
10607022,ok,오영이,여,1967,경성대학교,강사,재직,현대소설(국문학),현대소설,국립부경대학교,박사수료,吳永伊,youngyi oh
10608378,ok,제민경,여,*****,춘천교육대학교(연계),*****,*****,국어교육학,문법교육,서울대학교,박사,*****,*****
10612920,ok,박성우,남,1971,원광대학교,강사,재직,,,,,朴城佑,Sungwoo Park
10613674,private,,,,,,,,,,,,
10615920,private,,,,,,,,,,,,
10618520,ok,봉미경,여,1975,연세대학교,연구교수,재직,어휘론(국어학),어휘의미론,연세대학교,박사,奉美慶,Mikyung Bong
10620559,ok,김문경,남,1952,성균관대학교,,퇴직,,,,,,"KIN, BUNKYO"
10620663,ok,신영지,여,1969,배재대학교 주시경교양교육연구소,초빙교수,재직,현대소설(국문학),1970년대 여성소설,성균관대학교,박사,辛英知,Youngji Shin
10624822,ok,박은희,여,1963,한국고전번역원,,재직,한시,한시비평,연세대학교,석사,朴殷嬉,Eunhee Park
10624846,ok,고영희,여,*****,한국농수산대학교,*****,*****,중국문화학,중국근현대문화,성균관대학교,박사,*****,*****
10624891,ok,배성민,남,*****,연세대학교,*****,*****,성(sexuality),"젠더, 트랜스젠더, 퀴어, 성노동, 몸변형, 기술",연세대학교,박사,,*****
10624903,ok,조동범,남,1970,중앙대학교,강사,재직,문예창작,문학창작,중앙대학교,박사,趙東釩,Cho Dong Beom
10627820,ok,나선희,여,1963,성균관대학교,초빙교수,퇴직,아동문학,아동문학교육,성균관대학교,박사,羅善姬,Sunhee Ra
10628820,ok,박형숙,여,1966,소속없음,강사,미취업,문예창작,문학창작,중앙대학교,박사,朴亨淑,Hyoungsook Park
10628920,ok,김주희,여,1980,덕성여자대학교(연계),조교수,재직,성(sexuality),여성주의 정치경제학,이화여자대학교,박사,金姝熺,Joohee Kim
10633521,private,,,,,,,,,,,,
10633634,ok,김언조,여,1966,단국대학교(연계),교수,재직,영어교육학,영어교육,단국대학교,박사,金 彦助,EUN JEO KIM
10633664,ok,왈쉬켈리,남,1978,연세대학교(연계),부교수,재직,기타영문학,English Literature/History,University of Washington,박사,,KELLY S. WALSH
10633699,ok,채윤미,여,*****,한양대학교(연계),*****,*****,한국어교육학,외국인을 위한 한국어 교육,한양대학교,박사,*****,*****
10634272,private,,,,,,,,,,,,
10634289,ok,안미경,여,1972,한국외국어대학교,교수,재직,인지언어학,화용론,한국외국어대학교,박사,安美慶,Ahn Mikyung
10635120,ok,권세영,남,1979,아주대학교,대학원생,재직,,,,,權世暎,Seyoung Kwon
10635559,ok,Werner Sasse,남,*****,한양대학교,*****,*****,문화인류학,문화인류학,Ruhr - Univ. Bochum,박사,,*****
10635622,ok,최낙기,남,1959,,,,풍수지리,풍수지리,선문대학교,석사,崔洛畿,Nakki choi
10635720,ok,김민국,남,*****,경상국립대학교(연계),*****,*****,국어학,통사론(국어학),연세대학교,박사,,*****
10639720,ok,장선우,여,1975,고려대학교 민족문화연구원,연구교수,재직,통사론(중국어학),현대한어,北京大學 中國語言文學系,박사,張仙友,Chang Sun Woo
10639820,ok,조은정,여,1972,부산대학교 인문학연구소,전임연구원,재직,인지언어학,인지 언어학,경상국립대학교,박사,,Eun Jung Cho
10641024,ok,이정숙,여,1971,경북대학교,초빙교수,재직,현대희곡(국문학),근현대희곡,경북대학교,박사,李貞淑,Lee Jeong Sook
10641533,ok,정한데로,남,1982,가천대학교(연계),교수,재직,형태론(국어학),단어형성론,서강대학교,박사,丁한데로,Jeong Handero
10641726,ok,김경선,여,1975,고려대학교 두뇌동기연구소,연구교수,재직,교육평가,측정평가,연세대학교,박사,,"KIM, KYUNG SUN"
10641932,ok,김정욱,남,1982,경희대학교,,,,,,,金柾旭,Kim Jeong uk
10641934,ok,한래희,남,1972,숭실대학교(연계),부교수,재직,문학비평(국문학),한국현대비평,연세대학교,박사,韓來熙,Laehee Han
10642035,ok,이영월,여,1953,,,,소설,고전문학,,,李永월,lee young weol
10642120,ok,김봉철,남,1976,한국외국어대학교,교수,재직,국제경제법,국제상사법/경제법/국제통상법,King's College London,박사,,Bongchul Kim
10642878,private,,,,,,,,,,,,
10643274,ok,김태경,남,1980,서울대학교,대학원생,재직,,,,,,Taegyeong Kim
10643464,ok,남궁윤,여,1977,민족문학사연구소,전임연구원,재직,고전산문,고전서사,동국대학교,박사,南宮潤,Yoon NamGung
10643474,ok,박은정,여,1984,한국외국어대학교,강사,재직,응용국어학,텍스트언어학,한국외국어대학교,박사,朴恩姃,Park Eun Jeong
10643537,ok,오세현,남,1974,경상국립대학교(연계),조교수,재직,조선후기사,조선시대 사상사,서울대학교,박사,오세현(吳世炫),Oh Sehyun
10643689,ok,강부원,남,1980,성균관대학교,연구원,재직,현대소설(국문학),한국근현대문학,성균관대학교,박사수료,姜富元,Kang Buwon
10645696,ok,박상석,남,1973,동아대학교(연계),조교수,재직,고전산문,고전소설,연세대학교,박사,朴相錫,PARK SANGSEOK
10645862,private,,,,,,,,,,,,
10647434,ok,주현희,여,*****,부산대학교,*****,*****,국어학사,국어학,국립부경대학교,박사,*****,*****
10647459,ok,한유진,여,1981,국민대학교(연계),조교수,재직,구비문학(국문학),설화,이화여자대학교,박사,,Han Yujin
10647472,ok,유형동,남,1982,한신대학교(연계),조교수,재직,구비문학(국문학),구비설화 야담 민속학,중앙대학교,박사,兪 亨 東,Yoo Hyoung dong
10647495,private,,,,,,,,,,,,
10647583,ok,김기완,여,1983,연세대학교,강사,재직,한문학,"(한시) 시학, 시론, 문학론 / 한문학과 전통회화의 상호관계성 연구",연세대학교,박사,金起妧,Kim Ki-wan
10647584,ok,조은정,여,1975,충북대학교(연계),부교수,재직,중국어사,중국어어법사,北京大學,박사,曺銀晶,"CHO, EUN-JEONG"
10647590,ok,이은선,여,*****,경상국립대학교(연계),*****,*****,기타행정학,"사회적경제, 시민사회, 거버넌스",고려대학교,박사,*****,*****
10647690,ok,장문석,남,1984,경희대학교(연계),부교수,재직,문학비평(국문학),비교문학 및 문예이론,서울대학교,박사,張紋碩,Jang Moon-seok
10647695,ok,박지영,여,1972,연세대학교,강사,미취업,통사론(언어학),방위사,이화여자대학교,박사,朴智英,JeeYoung Park
10647812,ok,서정현,남,1982,경북대학교,강사,재직,고전산문,고전소설,경북대학교,박사,徐政鉉,Seo Jeong-hyeon
10647826,ok,백승한,남,1979,부산대학교(연계),부교수,재직,건축 역사 및 이론,건축이론,The Ohio State Univ.,박사,白承翰,Seunghan Paek
10647827,ok,김익균,남,1975,동국대학교,강사,재직,현대시(국문학),현대시와 문학장의 형성,동국대학교,박사,金益均,Igkyun Kim
10647833,ok,강민규,남,1981,서울대학교(연계),부교수,재직,국어교육학,현대시교육,서울대학교,박사,姜民奎,"Kang, Min-kyu"
10647861,ok,이형진,여,*****,소속없음,*****,*****,현대소설(국문학),현대소설,서울대학교,박사,,*****
10647916,ok,곽미라,여,1985,부산대학교 점필재연구소,전임연구원,재직,고전산문,한문학,동국대학교,박사,郭美羅,KWAK MIRA
10650095,ok,최정연,여,1981,대구교육대학교(연계),조교수,재직,한국유가철학,조선 후기 유학,한국학중앙연구원,박사,崔禎娟,
10650778,ok,김태호,남,1975,전북대학교(연계),부교수,재직,과학기술사,한국 근현대 과학기술사,서울대학교,박사,金兌豪,Tae-Ho Kim
10653078,ok,옥현진,남,1973,이화여자대학교(연계),교수,재직,국어교육학,"작문교육, 매체문식성, 매체 작문",University of Texas at Austin,박사,玉賢眞,Hyounjin Ok
10653087,ok,이옥희,여,*****,국립목포대학교,*****,*****,구비문학,"고전시가, 구비시가",전남대학교,박사,*****,*****
10653398,ok,김혜경,여,1950,대구가톨릭대학교,강사,재직,동양철학일반,동양철학문화사,영남대학교,박사,金惠經,"Kim,Hyekyung"
10653479,ok,김영숙,여,1964,순천향대학교,강사,재직,현대소설(국문학),현대소설,상명대학교,박사,金英淑,Youngsook Kim
10653588,ok,서덕순,여,1960,경희대학교,부교수,퇴직,현대소설(국문학),소설,경희대학교,박사,徐德順,null null
10653803,ok,이용승,남,1973,대구대학교(연계),부교수,재직,정치사회/문화,비교정치,고려대학교,박사,李容承,
10654790,ok,박희현,여,1983,서울시립대학교,강사,재직,소설,현대소설,서울시립대학교,박사,朴禧賢,Heehyun Park
10655078,ok,서왕모,남,1966,동국대학교(대학별),부교수,재직,선학,선종사,동국대학교,박사,,WangMo Seo
10655094,ok,정종성,남,*****,청주교육대학교(연계),*****,*****,기타교육학,학습장애,University of Illinois at Urbana - Champaign,박사,*****,
10655611,private,,,,,,,,,,,,
10655629,ok,코스케가와테이지,남,1956,富山大學,교수,재직,일본어사,한문훈독사,北海道大學,석사,小助川貞次,Teiji Kosukegawa
10655652,ok,김용기,남,1970,중앙대학교,강사,재직,고전산문,"설화 및 고전산문, 고전소설",중앙대학교,박사,金鏞基,Kim Yong Ki
10655656,ok,박경선,여,1961,국립부경대학교,강사,미취업,희곡,극단사,국립부경대학교,박사,朴敬善,Kyoungseon-Park
10655811,ok,이시즈카하루미치,남,1942,北海道大學,,,일본어사,한문훈독,東京大學,석사,石塚晴通,Ishizuka Harumichi
10655821,private,,,,,,,,,,,,
10656041,ok,장철환,남,*****,연세대학교,*****,*****,현대시(국문학),현대시,연세대학교,박사,*****,*****
10656284,private,,,,,,,,,,,,
10656289,ok,강미영,여,*****,인하대학교,*****,*****,국어교육,쓰기교육,인하대학교,박사,*****,*****
10656291,ok,김태언,여,*****,인하대학교,*****,*****,,,,,*****,*****
10656509,ok,신현아,여,1987,부산대학교 한국민족문화연구소,연구교수,미취업,현대소설(국문학),현대소설(국문학),동아대학교,박사,申賢娥,HYEONA Shin
10656513,ok,하정수,남,1974,동국대학교,강사,재직,통사론(국어학),조사와 어미의 형태와 의미 및 사적 변화,동국대학교,박사,河正秀,"Ha, Jeongsoo"
10656517,ok,윤은애,여,1980,상지대학교,,,,,,,,yun eun ae
10656579,ok,강송아,여,1985,전남대학교,,,,,,,姜송아,Songa Kang
10656612,ok,박시언,여,1982,건국대학교,초빙교수,미취업,구비문학,"구비문학, 문학치료",건국대학교,박사,朴是彦,Park Si Eon
10656630,ok,이용군,남,1972,숭실대학교,,,소설,현대 소설,숭실대학교,박사,李龍君,Yonggun Lee
10656643,ok,조정희,여,1975,소속없음,강사,퇴직,영상문학,연극영화,국립부경대학교,박사,趙貞姬,Jeunghee Cho
10656741,ok,김영호,남,1973,東北學院大學,교수,재직,일본고전산문,근세초기소설,金澤大學,박사,金永昊,Young-ho Kim
10656742,ok,박소영,여,1985,부산교육대학교,강사,재직,희곡,현대영화,고려대학교,박사,朴炤映,Soyoung Bak
10656765,ok,연남경,여,1975,이화여자대학교(연계),교수,재직,문학비평(국문학),현대문학비평,이화여자대학교,박사,延南京,Namkyung Yeon
10656781,ok,이준규,남,1972,한국외국어대학교,교수,재직,응용언어학,"제2언어습득, 심리언어학, 영어교육",Michigan State Univ.,박사,,Junkyu Lee
10656807,ok,홍성덕,남,1964,전주대학교(연계),교수,재직,지역사,한일관계사,전북대학교,박사,洪性德,Hong  Seong-duk
10656936,ok,김정한,남,1970,경희대학교,강사,재직,한국정치사회,"정치사상, 정치철학, 사회운동",서강대학교,박사,金廷翰,Kim Jung Han
10656978,ok,하신애,여,*****,연세대학교,*****,*****,현대소설(국문학),근현대소설,연세대학교,박사,*****,*****
10657080,ok,지은희,여,1963,한양대학교,강사,재직,국어교육학,언어교육,한양대학교,박사,池恩希,Chi Eunhee
10657091,ok,정진경,여,1962,국립부경대학교,기타,퇴직,운문,현대문학 시,국립부경대학교,박사,鄭鎭璟,Jeong  Jin  Kyung
10657283,ok,김현아,여,1972,광주대학교(대학별),조교수,재직,현대영미소설,영어권소설/아프리카,전남대학교,박사,,HyunAh Kim
10657379,ok,손희정,여,1977,경희대학교(국제캠퍼스) 비교문화연구소,전임연구원,재직,영화비평,한국 당대 영화,중앙대학교,박사,孫希定,Hee-jeong Sohn
10657896,ok,김남희,여,*****,경북대학교(연계),*****,*****,기타언어학,통번역학,Johannes Gutenberg Univ. Mainz,박사,*****,*****
10657998,ok,강만진,남,1967,호서대학교(연계),부교수,재직,영화작가/대본,시나리오,서강대학교,박사수료,姜萬珍,Kang Man-jin
10658008,private,,,,,,,,,,,,
10658089,ok,박종덕,남,1970,경상국립대학교,강사,재직,문학이론,현대시비평,충남대학교,박사,,
10658682,ok,윤경욱,남,1983,서울대학교,,,,,,,尹景煜,Yoon Kyeong Wook
10658697,ok,김소영,여,1983,광운대학교(연계),조교수,재직,음운론(국어학),음운론,서울대학교,박사,金素榮,Kim So-yeong
10658880,ok,이세경,여,1964,단국대학교,조교수,퇴직,문예창작,현대시,단국대학교,박사,李世瓊,Lee Sei Kyung
10659378,ok,이소연,여,1974,동아대학교(연계),부교수,재직,현대시(국문학),현대시,경희대학교,박사,李昭姸,SoYeon Lee
10659671,ok,김형기,남,1961,대진대학교(연계),부교수,재직,기타역사일반,역사학,한양대학교,박사,金炯基,KIM HYEONGKI
10660984,ok,임지혜,여,1983,재단법인 안산미래연구원,연구위원,재직,학제간연구,문화정책/문화유산/문화관광,인하대학교,박사,任智慧,Jihye Lim
10661483,ok,정태섭,남,1962,한라대학교,조교수,재직,한국어교육학,한국어 교육과정,한국외국어대학교,박사,,Jeong Taeseop
10661587,private,,,,,,,,,,,,
10661792,ok,한경숙,여,1967,서울신학대학교(대학별),조교수,재직,기타중국어학,중국어학 전공,단국대학교,박사,韓京淑,han keungshuk
10661882,ok,박혜정,여,*****,부산대학교,*****,*****,응용언어학,응용언어학,The Ohio State Univ.,박사,,*****
10664039,ok,김우철,남,1969,성균관대학교,초빙교수,재직,동양철학일반,문화철학,성균관대학교,박사,金又哲,"Kim, Woo Cheol"
10664178,ok,김난희,여,1961,순천향대학교,강사,재직,현대시(국문학),현대시,서강대학교,박사,金蘭姬,kimNanhee
10665105,ok,임의진,여,*****,진주교육대학교(연계),*****,*****,교육평가,교육측정통계,The University of Iowa,박사,*****,*****
10667415,ok,한양하,여,1968,경상국립대학교,강사,재직,문학이론,고전문학,경상국립대학교,박사,韓陽河,hanyangha
10667479,ok,장수희,여,1979,동아대학교,강사,재직,현대소설(국문학),현대소설(국문학),동아대학교,박사,張秀熙,Soohee Jang
10667480,ok,송대헌,남,1981,김천대학교(대학별),조교수,재직,형태론(국어학),문법론,청주대학교,박사,宋大憲,Dae Heon Song
10667782,ok,정대영,남,*****,서울대학교,*****,*****,국어교육학,현대산문교육,서울대학교,석사,*****,*****
10669355,ok,지문건,남,1971,전남대학교,강사,재직,한국어교육학,한국어교육,전남대학교,박사,,Moongun Ji
10669582,ok,박나리,여,1974,한국교통대학교(연계),교수,재직,한국어교육학,외국인을 위한 한국어교육,이화여자대학교,박사,朴나리,Park Na-ri
10669909,ok,김지혜,여,1982,연세대학교,,재직,,,,,,
10669922,ok,목지선,여,1974,경상국립대학교,연구교수,재직,통사론(국어학),어미,경상국립대학교,박사,睦智善,Jiseon Mok
10670385,ok,김주현,여,1975,경북대학교,기타,재직,건축계획 및 설계,건축계획및도시설계,경북대학교,박사,金柱玄,Joohyun Kim
10670800,ok,장철문,남,1967,국립순천대학교(연계),교수,재직,문예창작,현대시,연세대학교,박사,,Jang Chealmun
10670824,ok,양세희,여,1979,우석대학교(대학별),조교수,재직,국어교육학,문법교육,고려대학교,박사,梁世熙,Yang Se hui
10671094,ok,문선영,여,1976,한국공학대학교(연계),조교수,재직,현대희곡(국문학),방송극,고려대학교,박사,文善暎,Moon Sunyoung
10671289,ok,신현단,여,1982,서울대학교,강사,퇴직,한국어교육학,한국어문법교육,서울대학교,박사,申賢丹,Shin Hyeon-dan
10671308,ok,장문정,여,1979,성균관대학교,초빙교수,재직,한국어교육학,한국어학,경희대학교,박사,張文禎,Jang Moon-jeong
10671317,ok,장유정,여,1983,성균관대학교 비교문화연구소,연구교수,재직,고전산문,고전소설,성균관대학교,박사,張有廷,"Jang, You Jeong"
10671325,ok,김경남,여,1977,영남대학교,대학원생,미취업,희곡,식민지 시기 국문학,영남대학교,석사,,
10671338,ok,안부영,여,1978,대구교육대학교,강사,미취업,국어교육학,읽기교육,,,安富榮,An Boo Young
10671417,ok,김옥선,여,1975,경성대학교,조교수,재직,문학비평(국문학),"문학, 소설, 문화이론",경성대학교,박사,金玉善,Kim Ok Sun
10671459,ok,정서경,여,1965,국립목포대학교,연구교수,미취업,구비문학(국문학),차문화학,국립목포대학교,박사,鄭書京,jung-seokyeong
10671480,ok,이윤주,여,1979,경희대학교,강사,재직,현대소설(국문학),현대소설,경희대학교,박사수료,李允周,leeyunju
10671882,ok,황현우,남,*****,동아대학교,*****,*****,한문산문,대일 사행문학,동아대학교,박사,*****,*****
10671884,ok,강주영,여,1973,영남대학교,대학원생,미취업,소설,현대소설,한국방송통신대학교,학사,,
10671902,ok,양정애,여,1972,경희대학교,강사,재직,현대소설(국문학),현대소설,경희대학교,박사수료,,
10671905,ok,이용희,남,1977,성균관대학교,,미취업,소설,식민지 대중소설,,,李容熙,"Lee, Yonghee"
10671906,ok,김남희,여,1981,성균관대학교,대학원생,미취업,현대소설(국문학),현대문학,성균관대학교,석사,金南姬,Namhee Kim
10671911,ok,김남영,남,1972,동아대학교,강사,재직,현대시(국문학),현대시(국문학),,,金男英,kim nam young
10671930,ok,정보라미,여,1982,부산대학교 점필재연구소,전임연구원,재직,고전산문,야담 한문산문 고전소설,서울대학교,박사,鄭보라미,Chung Borami
10671932,ok,김지윤,여,1982,연세대학교,연구교수,미취업,고전산문,고전소설,서울대학교,박사,金智潤,Kim Ji Yoon
10671992,ok,오혜진,여,1984,성균관대학교,기타,미취업,소설,"문학비평, 문학사",성균관대학교,박사,吳慧珍,"Oh, hye-jin"
10671998,ok,손동국,남,*****,서강대학교,*****,*****,고전산문,17세기 삼대록계 소설,,,,
10672008,ok,이은선,여,1979,경상국립대학교,연구교수,재직,현대소설(국문학),근대문학,이화여자대학교,박사,李恩仙,Eunseon Lee
10672011,ok,김영미,여,*****,한남대학교,*****,*****,현대소설(국문학),현대소설,서울대학교,박사,*****,*****
10672012,ok,임미진,여,1980,한남대학교,부교수,재직,현대소설(국문학),현대문학,서울대학교,박사,林美晉,Mijin Lim
10672015,ok,오자은,여,1983,덕성여자대학교(연계),조교수,재직,현대소설(국문학),현대소설,서울대학교,박사,,"Oh, Ja-eun"
10672032,ok,이규범,남,1983,충북대학교(연계),조교수,재직,국어교육,문법사,고려대학교,박사,李奎範,Lee Kyubum
10672038,ok,김미영,여,1976,영남대학교,연구원,재직,구비문학,불교설화,영남대학교,석사,金美永,kim mi young
10672039,ok,이슬비,여,*****,서울대학교,,*****,한국어교육학,문법교육,서울대학교,석사,*****,*****
10672066,ok,김영주,여,1980,경북대학교,강사,재직,구비문학,구비문학,경북대학교,박사,金映姝,kim young ju
10672067,ok,한동현,남,1972,한국학중앙연구원 현대한국연구소,전임연구원,재직,기타인문학,문화콘텐츠학,한국외국어대학교,박사,韓東賢,Dong Hyun Han
10672078,ok,홍혜란,여,1971,배재대학교(연계),조교수,재직,한국어교육학,한국어교육,연세대학교,박사,,Hong Hyeran
10672087,ok,박다원,여,1982,영남대학교,강사,재직,구비문학,설화,영남대학교,박사,朴茶婉,PARK DAWON
10672096,private,,,,,,,,,,,,
10672101,ok,정하늬,여,*****,강원대학교,*****,*****,현대소설(국문학),한국 현대 소설,서울대학교,박사,*****,*****
10672136,ok,조지형,남,1979,전남대학교(연계),부교수,재직,고전시가,고전시가,고려대학교,박사,,Jo Ji-hyeong
10672137,ok,김세호,남,1979,경상국립대학교(연계),조교수,재직,한문학,한국한문학콘텐츠,성균관대학교,박사,,Kim Se Ho
10672153,ok,이은하,여,1978,경북대학교,기타,미취업,현대희곡(국문학),한국현대희곡,경북대학교,석사,李殷河,Eun-Ha Lee
10672158,ok,추제협,남,1974,계명대학교(연계),조교수,재직,한국유가철학,동양철학,계명대학교,박사,秋制協,Chu Jehyeop
10672181,ok,백주희,여,*****,성균관대학교,*****,*****,한문학,동아시아고전문학,성균관대학교,박사,*****,*****
10672183,ok,김윤정,여,1978,이화여자대학교(연계),부교수,재직,현대소설(국문학),현대소설,이화여자대학교,박사,金？訂,Kim Youn-Jung
10672202,ok,정지현,여,1987,고려대학교,강사,재직,국어교육학,문법교육,고려대학교,박사,鄭智炫,Jung Ji Hyun
10672384,ok,장경우,여,1973,숭실대학교,강사,재직,통사론(국어학),통사습득,숭실대학교,박사,張敬又,"Jang, Gyeong-woo"
10672481,ok,김종구,남,1976,경북대학교 퇴계연구소,전임연구원,재직,한문학,"일기, 기행 및 유람문화, 선비문화(독서, 풍류, 생활사), 근대전환기, 심학",경북대학교,박사,金鍾求,Kim Jong-Gu
10672879,ok,서강선,남,1965,부산대학교,기타,퇴직,기타인문학,한문학,경북대학교,박사,徐康善,seokangseon
10672987,ok,박상철,남,1972,한양대학교,강사,미취업,국어교육학,문학교육,한양대학교,박사,朴相哲,"Park, Sang-Chul"
10673192,ok,권이은,여,1983,고려대학교 한국어문교육연구소,연구교수,재직,국어교육학,국어교육,고려대학교,박사,權이은,Kwon E-En
10673209,ok,이형식,남,*****,고려대학교(연계),*****,*****,일본근대사,"식민지관료, 식민지 지배정책사",東京大學,박사,*****,*****
10673592,ok,손영은,여,1981,남서울대학교(연계),조교수,재직,구비문학,구비문학,건국대학교,박사,,Son Youngeun
10674081,ok,황규수,남,1963,,,미취업,현대시(국문학),현대시 작품론,인하대학교,박사,,"Hwang, Kyoo-Su"
10674278,ok,Heemin Kim,남,1958,서울대학교,교수,퇴직,의회/정당/선거,"정치제도, 민주주의",Washington University in St. Louis,박사,金熙民,Heemin Kim
10674482,ok,서정민,남,1968,연세대학교(연계),교수,재직,지역정치,비교정치,Univ. of Chicago,박사,,Seo Jungmin
10675081,ok,김혜연,여,*****,동국대학교(대학별),*****,*****,국어교육,"국어교육(작문교육, 표현교육)",서울대학교,박사,,*****
10675094,ok,김세진,여,1979,단국대학교(천안캠퍼스) 마음건강연구소,연구교수,재직,건강/재활심리,응용심리학,충남대학교,박사,金世珍,Kim Se jin
10676019,ok,호스위린,여,*****,가톨릭대학교,*****,*****,지역연구,"일본사회,문화의 변화",Univ. of Oxford,박사,,*****
10676478,ok,김현강,여,*****,연세대학교,*****,*****,,,연세대학교,박사,*****,*****
10677399,ok,이진아,여,1978,동아대학교(연계),조교수,재직,사회사/역사사회학,"한국사회사, 역사사회학",한국학중앙연구원,박사,李眞我,LEE JIN-A
10677797,private,,,,,,,,,,,,
10677830,ok,정수연,여,1971,대림대학교,조교수,퇴직,언론·정보,정보경영,호서대학교,박사,鄭 守 娟,chung soo-yun
10678879,ok,이토 다카요시,남,1981,위덕대학교,전임강사,퇴직,언어학사,역사언어학,서울대학교,박사수료,伊藤貴祚,ITO Takayoshi
10678886,ok,한지형,여,1977,부산가톨릭대학교 신앙과삶연구소,연구교수,재직,비교역사문법(러시아어학),러시아어사와 교회슬라브어,Moscow State University,박사,韓知亨,Han Ji Hyoung
10680178,ok,김성은,여,1963,우송대학교,초빙교수,재직,고전시가,가사,경북대학교,박사,金成恩,Sung Eun Kim
10681018,ok,진력위,남,1959,成城大學,조교수,재직,일본어사,명치기 일본어,,,,
10681073,ok,김재룡,남,1956,원광대학교,강사,재직,고전시가,금석학 (한문학),원광대학교,박사,金在龍,kim jae ryung
10681322,ok,정지아,여,1984,경북대학교,강사,재직,한문산문,한문산문,경북대학교,박사,鄭智雅,Ji Ah Jeong
10682090,ok,이상아,여,1967,대동문화연구원,,재직,,,성균관대학교,박사,李霜芽,LEE SANG AH
10682136,private,,,,,,,,,,,,
10682284,ok,장은화,남,1961,소속없음,기타,미취업,선학,선학,동국대학교,박사,張銀化,jang eunhwa
10682479,ok,전선영,여,*****,부산대학교 점필재연구소,*****,*****,고전산문,불교산문,동국대학교,박사,*****,*****
10682780,ok,이정찬,남,*****,한국교육과정평가원,*****,*****,국어교육학,쓰기교육,서울대학교,박사,*****,*****
10682881,ok,강경미,여,*****,,,*****,한문산문,조선 후기 한문 산문,고려대학교,석사,*****,*****
10682883,ok,오영식,남,1955,기타기관,기타,재직,고전산문,서지학,중앙대학교,석사,吳榮植,young shik Oh
10682941,ok,LIUJINGZI,여,1981,동서대학교,조교수,재직,현대소설(국문학),중한현대소설비교,서울대학교,박사,柳京子,류경자
10682997,ok,Jae-Hoon Jung,남,1960,The University of Queensland,교수,재직,응용언어학,외국어교육,중앙대학교,석사,,Jae-Hoon Jung
10683026,ok,전성규,여,1987,가천대학교(연계),조교수,재직,기타국문학,"근대 매체 연구, 디지털인문학",성균관대학교,박사,全誠奎,Jeon Seong Kyu
10683137,ok,정동경,여,1979,소속없음,기타,퇴직,국어사,국어사(형태론 및 어휘론),서울대학교,박사,鄭東暻,"Jung, Dongkyong"
10683380,ok,김용현,남,1981,신라대학교,기타,재직,한국어교육학,"한국어 교육과정, 한국어 쓰기 교육, 학문 목적 한국어",배재대학교,박사,金容炫,KIM YONG HYUN
10684018,ok,가메이미도리,여,1985,중앙대학교,대학원생,미취업,,,중앙대학교,박사수료,龜井みどり,MIDORI KAMEI
10684208,ok,이찬구,남,1956,인하대학교 이오고대사연구소,기금교수,재직,한국전통철학,동학,대전대학교,박사,李讚九,"Lee, Chan Goo"
10684217,ok,최경훈,남,1976,계명대학교,기타,재직,기타문헌정보학,서지학,경북대학교,박사,崔敬勳,"Choi, Kyung Hun"
10684419,ok,구인서,여,1981,연세대학교,대학원생,미취업,기타국문학,현대소설,연세대학교,석사,具仁瑞,Koo Yinseo
10685082,ok,박철상,남,1967,성균관대학교,강사,재직,한문산문,한문학/문헌학/금석학,계명대학교,박사,朴徹庠,park chul sang
10685427,ok,배준,남,1983,연세대학교,,미취업,,,,,裵準,BAE JUN
10685703,ok,HIRANAKAYUKARI,여,*****,부산외국어대학교,*****,*****,일본어교육,이중언어교육,부산외국어대학교,박사,*****,*****
10685879,ok,유인선,여,*****,한림대학교(연계),*****,*****,고전산문,고전소설,서울대학교,박사,*****,*****
10686000,ok,김수영,,*****,한국학중앙연구원(연계),,,,,,,,
10686001,ok,성민규,남,1973,울산과학기술원(연계),교수,재직,신문방송학,영상 미디어,The University of Iowa,박사,成旻奎,Sung Minkyu
10686014,ok,이건식,남,1960,단국대학교(연계),초빙교수,재직,국어사,국어사,단국대학교,박사,,Lee KeonSik
10686790,ok,다지리히로유끼,남,1961,가야대학교,강사,퇴직,일본근현대문학,현대문학,고려대학교,박사,다지리히로유끼,TAJIRI HIROYUKI
10687496,ok,김영학,남,1963,조선대학교(연계),부교수,재직,희곡,한국현대희곡,조선대학교,박사,金永學,Kim Young Hag
10687606,ok,REN JUAN,여,1978,한림대학교,조교수,퇴직,서비스경영,-,동국대학교,석사,,REN JUAN
10687617,ok,정세권,남,1975,경희대학교,HK연구교수,재직,과학기술사,19-20세기 미국 의학사/생물학사,서울대학교,박사,鄭世權,Se-Kwon Jeong
10687982,ok,이철우,남,1970,경운대학교,조교수,재직,의미론(국어학),화용론 및 담화분석,영남대학교,박사,李哲雨,Lee Chul-woo
10689034,ok,박상익,남,1981,국립공주대학교,강사,재직,문학비평(국문학),비평/수사학,서강대학교,박사,朴相翊,Park Sang-ik
10689122,ok,이민호,남,1983,조선대학교 인문학연구원,연구원,미취업,,,,,李珉鎬,Lee min ho
10689159,ok,오세란,여,1967,충남대학교,강사,재직,아동문학,청소년문학,충남대학교,박사,吳世蘭,Seran Oh
10690483,private,,,,,,,,,,,,
10690487,ok,서민정,여,1975,한국교원대학교,대학원생,재직,,,한국교원대학교,박사,徐旻廷,"Seo,Min-jung"
10690797,ok,왕 가,남,1984,국립공주대학교,대학원생,재직,,,,,王珂,wangga
10691078,ok,장정태,남,1960,동국대학교,강사,퇴직,응용불교학,"한국종교와 민간신앙 혼합,습합,신크리티즘 현상",동국대학교,박사,張正泰,jangjeongtae
10691288,ok,김민정,여,1974,국립창원대학교(연계),교수,재직,유아교육,과학교육,중앙대학교,박사,金珉靜,"Kim, Min-jung"
10691459,ok,전소영,여,1983,충북대학교,계약교수,재직,현대소설(국문학),현대소설 및 비평,서울대학교,박사,全昭映,Jeon so young
10691779,ok,권경준,남,*****,성균관대학교(연계),*****,*****,통사론(러시아어학),통시 통사론,Harvard University,박사,*****,*****
10691831,ok,리홍란,여,1981,숭실대학교,대학원생,퇴직,,,,,李紅蘭,li honglan
10691903,ok,김진규,남,1981,가천대학교(연계),조교수,재직,현대소설(국문학),"비교문학, 전후소설",서울대학교,박사,,JINGYU KIM
10691908,ok,최호영,남,1982,강원대학교(연계),부교수,재직,현대시(국문학),한국현대시,서울대학교,박사,崔虎永,"Choi, Ho-young"
10692114,ok,배혜진,여,*****,경일대학교(대학별),*****,*****,음운론(언어학),방언 음운,영남대학교,박사,*****,*****
10692497,ok,이승연,여,1972,삼육대학교,조교수,재직,한국어교육학,"응용언어학, 언어습득",고려대학교,박사,李承姸,Lee Seungyeon
10692909,ok,이하나,여,1981,私立中國文化大學,조교수,재직,학제간연구,"문화콘텐츠, 고전문화콘텐츠, 유교문화콘텐츠",고려대학교,박사,李하나,"LEE,HANA"
10693090,ok,유재빈,여,1977,홍익대학교(연계),부교수,재직,미술사,한국회화사,서울대학교,박사,,Yoo Jae Bin
10693099,ok,조병영,남,*****,한양대학교(연계),*****,*****,국어교육학,학습,Univ. of Maryland at College Park,박사,*****,*****
10693380,private,,,,,,,,,,,,
10694099,ok,이미진,여,*****,경북대학교(연계),*****,*****,한시,한국한시,경북대학교,박사,,
10694684,private,,,,,,,,,,,,
10694800,ok,박정민,여,*****,경북대학교,*****,*****,한문산문,한문산문,경북대학교,박사,*****,*****
10694891,ok,이소영,여,1971,성균관대학교,초빙교수,재직,한국어교육학,외국어로서의 한국어교육,건국대학교,박사,李素暎,Lee So Young
10695193,ok,김동현,남,1967,부산대학교,기타,재직,,,,,金東鉉,Kim Donghyun
10695194,ok,장순희,여,1966,부산대학교,,재직,국어교육,고전소설,부산대학교,석사,張順姬,changsoonhee
10695500,ok,하채현,여,1972,우석대학교(대학별),조교수,재직,국어교육학,"국어교육, 한국어교육, 문학교육, 매체교육",고려대학교,박사,,"HA, CHAE HYUN"
10695911,ok,강석,남,1975,계명대학교,강사,미취업,문학교육,시교육,한국교원대학교,박사,姜錫,Kang Seok
10695951,ok,김현숙,여,1960,경기대학교,POST-DOC,미취업,기타미학/예술학,전각미학,성균관대학교,박사,金賢淑,kim hyun-sook
10695961,ok,김우필,남,1974,덕성여자대학교,초빙교수,재직,문화이론/대중문화론,문화콘텐츠,경희대학교,박사,金優泌,KimUpil
10695970,ok,김은경,여,1979,충남대학교,강사,퇴직,음운론(국어학),발음,충남대학교,박사,,Kim Eun Kyung
10697906,private,,,,,,,,,,,,
10698086,ok,김성철,남,1974,국립목포해양대학교(연계),부교수,재직,고전산문,"고전소설, 근대소설, 설화, 한국설화",고려대학교,박사,金聖哲,"Kim, sungchul"
10698191,ok,배선윤,여,1969,경북대학교,강사,재직,기타인문학,문학치료학,경북대학교,박사,,"Bae, Seonyun"
10698193,ok,윤인선,남,1982,국립한밭대학교(연계),부교수,재직,고전산문,실기문학,서강대학교,박사,,"In-sun, Yoon"
10698478,ok,김경수,남,1978,경북대학교 퇴계연구소,HK연구교수,재직,한국철학일반,한국유가철학,경북대학교,박사,金慶洙,Kyungsoo Kim
10698725,ok,김주연,여,1970,소속없음,강사,재직,기타교육학,연극교육/교육연극,Birmingham City University,박사,金株淵,Kim Jooyon
10699791,ok,최진실,여,1982,계명대학교(연계),부교수,재직,영어통역번역학,번역학(영어학),Univ. of Leicester,박사,崔眞實,JINSIL CHOI
10700140,ok,강창규,남,1984,부산대학교(연계),조교수,재직,인문학,한문학,부산대학교,박사,姜彰圭,"Kang, Changkyu"
10700384,ok,윤희진,여,1986,청강문화산업대학교,초빙교수,재직,학제간연구,문화경영학,인하대학교,박사,尹禧軫,HEEJIN YUN
10701578,ok,곽지영,여,*****,세명대학교(대학별),*****,*****,재무회계,재무회계,연세대학교,박사,*****,*****
10701581,ok,조연,여,*****,세명대학교,*****,*****,비교문학(중문학),중한문학비교,中央民族大學,박사,*****,*****
10701681,ok,오인규,남,*****,關西外國語大學,*****,*****,사회학,Economic Sociology,Univ. of Oregon,박사,*****,*****
10701779,ok,정선모,남,1967,성균관대학교,,재직,한문학,"한시, 한중일 문학교류",京都大學,박사,鄭墡謨,JUNG SUNMO
10702585,private,,,,,,,,,,,,
10702591,private,,,,,,,,,,,,
10702609,ok,손혜민,여,1982,연세대학교,강사,재직,현대소설(국문학),현대소설,연세대학교,박사,,
10703188,ok,이선영,여,*****,고려대학교,*****,*****,현대소설(국문학),현대소설,중앙대학교,석사,*****,*****
10703879,ok,강우진,남,1970,경북대학교(연계),교수,재직,한국정치과정,선거와 정당,Florida State University,박사,,Kang WooJin
10704080,ok,오지혜,여,1975,세명대학교(대학별),부교수,재직,한국어교육학,"문학교육, 문화교육",서울대학교,박사,吳智惠,"OH, JI-HYE"
10705078,ok,이정란,여,1976,한국학중앙연구원(연계),교수,재직,한국어교육학,한국어습득론,이화여자대학교,박사,李貞蘭,Jungran Lee
10705680,private,,,,,,,,,,,,
10708079,ok,정형근,남,1972,국립공주대학교(연계),부교수,재직,한국어교육학,"한국문학교육, 재외동포 교육, 대학글",국립공주대학교,박사,정형근,JUNG HYUNG GEUN
10709398,ok,박은석,여,1970,충남대학교,연구원,재직,기타중국어학,현대 중국어 어법,北京大學 中國語言文學系,박사,朴恩石,"PARK, EUN SOK"
10709411,ok,김경,남,1975,고려대학교,연구교수,재직,한문산문,산문비평,고려대학교,박사,金景,kim kyung
10709558,ok,이상훈,남,1977,한국한의학연구원,책임연구원,재직,경혈학,경혈학,원광대학교,박사,李相勳,Lee Sanghun
10709623,ok,전종욱,남,1970,전북대학교(연계),부교수,재직,기타한의학,분자한의과학,한국과학기술원,박사,,Jeon Jong Wook
10709648,ok,허상희,여,1979,부산대학교,강사,재직,사회언어학,"화용론, 사회언어학",부산대학교,박사,許晌喜,Hur sanghee
10709679,ok,조용준,남,1968,吉林大學校,조교수,재직,중국고대사,"고문자학, 선진사(先秦史)",淸華大學,박사,趙容俊,CHO YONG JUN
10709987,ok,박소영,여,*****,부산대학교,*****,*****,국어교육학,문학교육,부산대학교,박사,*****,*****
10710122,ok,안지영,여,*****,경기대학교(연계),*****,*****,한국어와문학,현대시,서울대학교,박사,,
10710263,ok,임지연,여,1968,건국대학교,조교수,재직,현대시(국문학),현대시/ 비평,건국대학교,박사,任智姸,Jiyeon Im
10710387,ok,김소영,남,1943,성균관대학교,강사,재직,한문산문,조선후기 산문 및 한시,성균관대학교,박사,金昭泳,Soyoung Kim
10711001,ok,유민호,남,1971,한국방송통신대학교,강사,재직,국어사,문법사,고려대학교,박사,兪珉豪,Yu Min-ho
10711082,ok,한승훈,남,1985,한성대학교,대학원생,재직,고전산문,고전소설,한성대학교,석사,韓昇勳,Han Seung Hoon
10711584,ok,방정민,남,1971,국립부경대학교,강사,재직,문학이론,현대시 전공,국립부경대학교,박사,方正珉,bang jeongmin
10711681,ok,박상완,남,1983,전남대학교,강사,재직,영상문학,현대문학 현대희곡,충남대학교,박사,,Park Sang Wan
10715881,ok,민병갑,남,*****,Queens College,*****,*****,,,,,*****,*****
10717681,ok,Adam Clarence Bohnet,남,1973,Univ. of Western Ontario,부교수,재직,조선후기사,조선후기 향화인,University of Toronto,박사,,Adam Clarence Bohnet
10732881,ok,신성철,남,1963,University of New South Wales,부교수,재직,,,,,,Seong-Chul Shin
10759883,ok,TSENG TIEN FU,남,1958,한양대학교,교수,재직,,,,,曾天富,TSENG TIEN FU
10778083,ok,왕해동,남,1980,上海社會科學院,연구원,재직,도시개발/계획,지역문화디자인전공,千葉大學,박사,王海冬,wanghaidong
10778084,ok,후쿠이 레이,남,1957,東京大學,교수,재직,국어사,국어음운사,東京大學,석사,福井　玲,Fukui Rei
10778189,ok,김성은,남,1964,동국대학교 불교학술원,조교수,재직,한국종교일반,한국불교,서울대학교,박사,金盛恩,Sung-Eun Thomas Kim
10791552,ok,장단,여,1987,조선대학교,연구원,미취업,,,,,張丹,ZHANGDAN
10791626,ok,WANG FEIYAN,여,1978,鲁东大学,부교수,재직,고전산문,고전소설,고려대학교,박사,王飛燕,왕비연
10792917,ok,장람,여,*****,,,*****,한시,한문학,,,*****,*****
10796386,ok,WADA Tomomi,여,*****,富山大學,*****,*****,현대소설(국문학),20세기문학,서울대학교,박사,*****,*****
10800485,ok,여채려,여,*****,경희대학교,*****,*****,국어사,"어휘사, 한자어",경희대학교,박사,*****,*****
10800988,ok,최병구,남,1980,경상국립대학교(연계),부교수,재직,인문학,국어국문학,성균관대학교,박사,,"Choi, Byounggoo"
10801038,ok,강소희,여,1979,전남대학교,강사,재직,문학비평(국문학),현대문학비평,전남대학교,박사,姜昭姬,Kang So hee
10811789,ok,종결,여,1977,山東師範大學,전임강사,재직,의미론(국어학),어휘의미론,전북대학교,박사,鍾潔,JONGJIE
10826065,ok,이영숙,여,1956,중앙대학교,강사,퇴직,,,중앙대학교,박사,李英淑,LEE YOUNG SOOK
10829889,ok,정의준,남,1971,건국대학교,교수,재직,인터넷커뮤니케이션,Interactive Media & Cognitive Science,Michigan State Univ.,박사,,Eui Jun Jeong
10832401,ok,황효성,여,1983,서울대학교,강사,재직,음성학(언어학),"제2언어습득, 발음교육",서울대학교,박사,黃斅省,Hwang Hyosung
10833485,ok,장정우,여,1985,한국과학기술원(연계),부교수,재직,인터넷커뮤니케이션,컴퓨터 매개 커뮤니케이션,Michigan State Univ.,박사,,Jeong-woo Jang
10838888,ok,김세라,여,1978,전북대학교,강사,재직,한문산문,고전문학,전북대학교,박사,金細羅,Kim Sera
10841063,ok,이영태,남,*****,한국교육과정평가원,*****,*****,교육공학,교육공학,서울대학교,박사,,*****
10842064,ok,박병주,여,*****,인하대학교,*****,*****,기타국문학,애국계몽기 식민지기 번역물 연구,인하대학교,박사,*****,*****
10854469,ok,우연경,여,1982,한국교육과정평가원,연구원,재직,교육심리학,"교육심리학, 학습동기",고려대학교,박사,禹姸景,Yeon-kyoung Woo
10854872,ok,임수종,남,1971,한국전자통신연구원,책임연구원,재직,자연언어처리,한국어정보처리,연세대학교,박사,,
10855957,ok,이명숙,여,1968,계명대학교(연계),부교수,재직,기타사회과학일반,컴퓨터네트워크,계명대학교,박사,李明淑,Lee Myungsuk
10862959,ok,김은빈,여,1984,서울대학교,기타,미취업,휴먼커뮤니케이션,뉴미디어와 인간커뮤니케이션,서울대학교,박사,,Eunbin Kim
10864312,private,,,,,,,,,,,,
10865012,ok,이재호,남,1975,덕성여자대학교(연계),부교수,재직,무선통신,WPAN/WBAN,고려대학교,박사,李宰鎬,Jaeho Lee
10874546,ok,김영욱,여,*****,인하대학교,,*****,기타인문학,문화콘텐츠,,,*****,*****
10875670,ok,이은정,여,1975,대구경북과학기술원부설한국뇌연구원,선임연구원,재직,임상심리,임상신경심리,대구대학교,박사,李恩政,"Eun Jeong, Lee"
10897455,ok,박찬,남,1981,서울시립대학교(연계),교수,재직,도시개발/계획,기후변화대응,서울대학교,박사,朴燦,Park Chan
10906445,ok,신희권,남,1970,서울시립대학교(연계),부교수,재직,역사학,고고학,中國社會科學院,박사,申熙權,Shin Hee-Kweon
10906670,ok,최은경,여,*****,경북대학교(연계),*****,*****,의학사,"질병사, 의료사",서울대학교,박사,*****,*****
10912497,ok,변태진,남,*****,광주교육대학교(연계),*****,*****,물리교육,"교사교육,융합교육,영재교육,문제해결",서울대학교,박사,*****,*****
10924256,ok,윤지혜,여,1980,한림대학교(연계),교수,재직,언어치료교육,신경언어장애,연세대학교,박사,尹知惠,Yoon Ji Hye
10924992,ok,마성은,남,1984,浙江師範大學,부교수,재직,북한어문학,"북한문학, 아동청소년문학",인하대학교,박사,马圣恩,"Ma, Sungeun"
10930495,ok,박대민,남,*****,광운대학교(연계),*****,*****,,,서울대학교,박사,,*****
10935172,ok,곽문석,남,1973,안양대학교(연계),조교수,재직,신약학,신약학,안양대학교,박사,郭文錫,"Kwak, Moonseok"
10940151,ok,김현수,여,1978,정보통신정책연구원,연구위원,재직,상법,경제법,고려대학교,박사,金炫秀,Hyeon Soo Kim
10942023,ok,이강선,여,1960,성균관대학교,초빙교수,재직,현대영미소설,20세기 미국소설,성균관대학교,박사,李康仙,"Lee, Kang Sun"
10954730,ok,윤설희,여,1983,성균관대학교,강사,,고전시가,고전시가,성균관대학교,박사,尹雪姬,YOUN SEOL HEE
10963371,ok,최혜진,여,*****,한국교통연구원,,*****,한국어교육학,한국어교육과정,한국외국어대학교,박사수료,*****,*****
10963821,ok,우신영,여,1984,인천대학교,부교수,퇴직,국어교육학,문학교육,서울대학교,박사,,Woo Shinyoung
10963840,private,,,,,,,,,,,,
10963842,ok,이연경,여,1982,숙명여자대학교,,재직,,,,,李姸京,LEE YEON KYUNG
10963953,ok,전성건,남,1973,국립경국대학교(연계),부교수,재직,한국철학일반,다산의 예치사상,고려대학교,박사,全聖健,"Jeon, Sungkun"
10963962,ok,염승준,남,*****,원광대학교(연계),*****,*****,서양근대독일철학,"독일관념론, 한국종교일반, 원불교학",Humboldt - Univ. zu Berlin,박사,*****,*****
10963983,ok,임태성,남,1980,계명대학교,연구교수,재직,의미론(국어학),국어학,경북대학교,박사,林泰星,Lim Tae Sung
10964012,ok,박명숙,여,1968,국립창원대학교,강사,재직,현대희곡(국문학),스토리텔링,국립창원대학교,박사,朴明淑,ParkMyungSuk
10964071,ok,신우봉,남,1981,제주대학교(연계),부교수,재직,방언학(국어학),방언음성학,고려대학교,박사,申 羽 鳳,"Shin, WooBong"
10964281,ok,윤기덕,남,*****,한국방송통신대학교 통합인문학연구소,*****,*****,음성/음운론(중국어학),실험음성학,北京大學 中國語言文學系,박사,*****,*****
10964287,ok,오숙희,여,*****,고려대학교,*****,*****,인구/노인/지역사회학,도시 사회학,,,*****,*****
10964509,ok,정연정,여,1958,동국대학교,초빙교수,재직,현대시(국문학),문학비평,숭실대학교,박사,鄭燕丁,"Jung, yeon-jung"
10964674,ok,윤은경,여,1973,대구사이버대학교(대학별),교수,재직,언어교육,음성학,한국외국어대학교,박사,,YOON EUN KYUNG
10964707,ok,김수정,여,*****,경남대학교,*****,*****,국어교육학,문법교육,영남대학교,박사,*****,*****
10964725,ok,채숙희,여,1977,인천대학교(연계),교수,재직,통사론(국어학),"국어통사론, 한국어교육",서울대학교,박사,蔡淑熙,CHAE SOOK HEE
10964737,ok,윤송아,여,1971,경희대학교,강사,재직,현대소설(국문학),재일조선인 문학 연구,경희대학교,박사,尹頌雅,"Yoon, Song Ah"
10964826,ok,우정연,여,1977,한국학중앙연구원(연계),교수,재직,고고학이론,권력과 사회변동,Univ. of Cambridge,박사,禹姃延,"Woo, Jung-Youn"
10964852,ok,윤원식,남,1966,신라대학교,대학원생,재직,현대소설(국문학),소설작품,신라대학교,석사,尹源植,yoon won sik
10964872,ok,김수은,여,1983,전북대학교(연계),조교수,재직,한국어교육학,한국어문화교육학,고려대학교,박사,,
10964893,ok,김윤희,여,1979,국립경국대학교(연계),교수,재직,고전시가,고전시가,고려대학교,박사,金允姬,KIM YUN HEE
10964945,ok,최선영,여,1969,연세대학교,객원교수,재직,영상커뮤니케이션,영상미디어,이화여자대학교,박사,崔善英,"Choi,SunYoung"
10965068,ok,이준광,남,1982,(재) 삼성문화재단,연구원,재직,미술사,한국미술사,홍익대학교,박사,李準光,"Lee,Jun-kwang"
10965118,ok,이수향,여,1981,고려대학교,강사,재직,현대희곡(국문학),현대문학,서울대학교,박사,李壽䅨,Lee suhyang
10965202,ok,유진아,여,1979,한국학중앙연구원,기타,미취업,구비문학,구비문학,한국학중앙연구원,박사,柳眞雅,Jin Ah RU
10965208,ok,김은경,여,*****,고려대학교(연계),*****,*****,미술사,"동양미술사,  동서미술교류사",고려대학교,박사,*****,*****
10965284,ok,김청우,남,1983,국립부경대학교(연계),부교수,재직,현대시(국문학),한국현대시,전남대학교,박사,,Kim Chung Woo
10965386,ok,서연주,여,1983,충남대학교(연계),조교수,재직,중국시,중국 고전시와 민가,서울대학교,박사,,Seo Yeon ju
10965410,ok,정보람,여,1983,이화여자대학교,강사,재직,현대소설(국문학),한국 현대소설,이화여자대학교,박사,鄭보람,"JEONG, Boram"
10965559,ok,채지수,여,1986,단국대학교,연구교수,재직,한문학,조선후기 한문학,한국학중앙연구원,박사,蔡知秀,CHAE Jee Soo
10965567,ok,강지희,여,1986,한신대학교(연계),부교수,재직,현대소설(국문학),현대소설,이화여자대학교,박사,姜 知 希,KangJiHee
10965670,ok,배성봉,여,1979,영남대학교,연구교수,재직,인지/언어심리,인지심리학,영남대학교,박사,裵成鳳,BAE SUNGBONG
10965820,ok,이경림,여,1984,서울대학교,강사,재직,현대소설(국문학),현대소설,서울대학교,박사,李京林,Lee Kyungrim
10965941,ok,장수경,여,1970,목원대학교(연계),부교수,재직,현대소설(국문학),현대소설,고려대학교,박사,,Jang Su Kyung
10966000,ok,윤향기,여,1953,경기대학교,강사,재직,운문,현대시,경기대학교(서울),박사,尹香基,yoonhyangki
10966017,ok,양명심,여,1977,건국대학교,HK연구교수,재직,일본문화학,재일한국인 문학,神戶大學,박사,梁明心,YANG MYUNGSIM
10966061,ok,최미선,여,*****,경상국립대학교,*****,*****,아동문학,현대문학,경상국립대학교,박사,*****,*****
10966065,ok,홍세영,여,1973,대진대학교(연계),부교수,재직,사회복지정책,사회복지 정책,성균관대학교,박사,洪世榮,"Hong, SaeYoung"
10966071,ok,이은미,여,1969,중앙대학교,강사,재직,국어교육,"읽기와 쓰기 교육, 자서전 교육",동국대학교,박사,李恩美,Lee Eunmi
10966074,ok,강철수,남,1968,대림대학교,강사,재직,운문,"시, 희곡",한양대학교,박사,강철수,Kang chull su
10966092,ok,오은엽,여,1971,명지대학교(연계),,재직,문학비평(국문학),"현대비평, 현대소설",이화여자대학교,박사,吳恩葉,OH EUN YEOP
10966121,ok,정미진,여,1980,인천대학교,객원교수,재직,한국어교육학,한국어교육학,가톨릭대학교,박사,,
10966124,ok,성승은,여,1969,한국외국어대학교,교수,재직,통역번역,통역번역,한국외국어대학교,박사,,"Sung, Seung-eun"
10966186,ok,이혜정,여,1956,성균관대학교,,미취업,구비문학(독일문학),구비문학,성균관대학교,박사,李惠貞,Lee Hea Jeong
10966192,ok,이규진,여,*****,경남대학교,*****,*****,식문화,"음식문화, 외식산업",이화여자대학교,박사,*****,*****
10966222,ok,허영무,남,1957,남부대학교,조교수,재직,채권법,"가족법, 친족법, 채권법",아주대학교,박사,許 榮 武,HUH Youngmoo
10966264,ok,배화순,여,*****,부산교육대학교(연계),*****,*****,사회교육학,일반사회교육(법교육),서울대학교,박사,*****,*****
10966292,ok,유해준,남,1976,경상국립대학교(연계),부교수,재직,한국어교육학,한국어교육(문법교육),중앙대학교,박사,,Yoo haejun
10966303,ok,안현심,여,1957,한남대학교,강사,재직,현대시(국문학),현대시,한남대학교,박사,安賢心,"An, Hyun-Sim"
10966304,ok,노연숙,여,1979,서울대학교,강의교수,재직,현대소설(국문학),20세기 초 한국문학,서울대학교,박사,,ROH YEON SOOK
10966312,ok,박혜민,여,1983,단국대학교,강사,재직,고전산문,고전문학,고려대학교,박사,朴惠旻,parkhyemin
10966322,ok,김지혜,여,*****,건국대학교 서사와문학치료연구소,*****,*****,고전산문,고전소설,건국대학교,박사,*****,*****
10966429,ok,이정은,여,1971,연세대학교,강사,재직,사회언어학,담화화용론(내러티브분석),연세대학교,박사,李姃恩,Jeongeun Lee
10966439,ok,엄상현,남,1956,단국대학교,교수,퇴직,교육행정/경영학,교육정책,University of Pittsburgh,박사,嚴尙鉉,umsangheon
10966465,ok,최지혜,여,1980,서강대학교,강사,재직,국문학사,고전시가,이화여자대학교,박사,崔智惠,CHOI JIHYE
10966498,ok,음영철,남,1968,삼육대학교,부교수,재직,현대소설(국문학),한국 근현대소설,건국대학교,박사,,Eum Yeong-cheol
10966709,ok,이현원,남,*****,계명대학교,*****,*****,현대시(국문학),한국현대시,계명대학교,박사,*****,*****
10966740,ok,이성준,남,1962,제주대학교,강사,재직,현대소설(국문학),소설과 영화,단국대학교,박사,李成俊,Yi Sungjun
10966791,ok,김우영,여,1981,홍익대학교(연계),조교수,재직,현대소설(국문학),여성문학/ 소설연구,서울대학교,박사,,Kim Woo Young
10966811,ok,김가연,여,1983,고려대학교,강사,퇴직,한국어교육학,한국어문화교육학,고려대학교,박사,金佳娟,Kim Gayeon
10966823,ok,이기범,남,1966,성균관대학교 동양철학ㆍ문화연구소,연구원,재직,한시,논서시,성신여자대학교,박사,李起範,Lee Gi Bum
10966857,ok,서성은,여,1976,한경국립대학교(연계),교수,재직,기타인문학,문화콘텐츠,이화여자대학교,박사,徐晟銀,Seongeun Seo
10966957,ok,정혜린,여,*****,서울대학교,,*****,국어사,국어문법사,,,*****,*****
10966989,ok,김미미,여,1987,고려대학교,대학원생,미취업,국어교육학,국어교육,고려대학교,박사,金美美,Kim Mi MI
10967113,ok,TASAKA MASANORI,남,1963,선문대학교,교수,재직,비교문학,일본고전문학,고려대학교,박사,田阪正則,TASAKA MASANORI
10967230,ok,한춘희,여,1981,한국외국어대학교,강사,재직,통사론(국어학),외국어로서의한국어교육,한국외국어대학교,박사,,HAN CHOUNHEE
10967410,private,,,,,,,,,,,,
10967417,ok,권혁산,남,*****,국립중앙박물관,*****,*****,미술사,한국회화사,홍익대학교,석사,*****,*****
10967605,private,,,,,,,,,,,,
10967786,ok,김주은,여,*****,연세대학교 언어연구교육원 한국어학당,,*****,한국어교육학,한국어교육,연세대학교,박사,*****,*****
10967868,private,,,,,,,,,,,,
10967876,private,,,,,,,,,,,,
10967923,ok,양선미,여,1967,목원대학교,강사,재직,현대소설(국문학),현대문학,고려대학교,박사,梁善美,"Yang, seon-mi"
10968215,ok,이현승,남,1973,가천대학교(연계),조교수,재직,현대시(국문학),현대문학,고려대학교,박사,李炫承,Lee Hyun seung
10968459,ok,정주연,여,1984,고려대학교 민족문화연구원,선임연구원,재직,통사론(국어학),통사론,고려대학교,박사,鄭周娟,Jeong Ju Yeon
10968568,ok,강경현,남,1982,성균관대학교(연계),조교수,재직,한국유가철학,한국유가철학,연세대학교,박사,姜卿顯,"KANG, KYUNG HYUN"
10968571,ok,이동원,남,1978,서울대학교(연계),부교수,재직,한국현대사,한국현대사,서울대학교,박사,李東遠,Dongwon Lee
10968572,ok,이주영,남,1980,대진대학교(연계),조교수,재직,현대희곡(국문학),근대희곡/영화,고려대학교,박사,李柱咏,"Yi, Jooyoung"
10968575,ok,김선현,여,1982,숙명여자대학교,부교수,재직,고전산문,"고전소설, 설화, 문화콘텐츠, 스토리텔링",숙명여자대학교,박사,金善賢,Kim Sun Hyun
10968576,private,,,,,,,,,,,,
10968591,ok,문은혜,여,1974,경성대학교,강사,재직,문학비평(국문학),서사담론,경성대학교,박사,文恩惠,Moon Eun Hye
10968646,ok,오금희,여,*****,수원대학교,*****,*****,의미론(국어학),의미론(국어학),충남대학교,박사,,*****
10968665,ok,이유진,여,1984,서울대학교 규장각한국학연구원,선임연구원,재직,조선후기사,조선후기사회경제사,서울대학교,박사,李柔珍,Lee Youjin
10968666,ok,유진아,여,1970,국립부경대학교,강사,퇴직,소설,현대소설,국립부경대학교,박사,柳珍娥,Ryu jin a
10968668,ok,박산향,여,1968,동아대학교(연계),조교수,재직,현대소설(국문학),"현대소설, 여성문학, 문학비평",국립부경대학교,박사,朴山香,PARK SANHYANG
10968750,private,,,,,,,,,,,,
10968900,ok,송현지,여,1984,고려대학교 한국어문교육연구소,연구교수,재직,현대시(국문학),현대시,고려대학교,박사,宋炫知,송현지
10968924,ok,선민서,여,1986,전북대학교,연구교수,재직,현대소설(국문학),현대소설,고려대학교,박사,宣旼序,SEON MINSEO
10970047,ok,이성호,남,1963,,,재직,사상사(역사학),사상사,부산대학교,박사수료,李聲昊,Lee seong ho
10970202,ok,김지영,여,1983,한국교육과정평가원,부연구위원,재직,,,서울교육대학교,석사,金芝營,KIM JIYEONG
10970296,ok,김지은,여,1974,중앙대학교,기타,재직,고전시가,고전시가,중앙대학교,박사,金芝恩,kim ji eun
10970299,ok,심호남,남,1984,중앙대학교(연계),부교수,재직,한문산문,한국한문학,중앙대학교,박사,沈昊男,SHIM HO NAM
10970636,ok,정고운,여,*****,고려대학교(연계),*****,*****,가족/성(gender)의사회학,"초국적 가족, 다문화가족, 성소수자, 청년연구, 종교인 연구",State University of New York at Albany,박사,*****,*****
10970709,ok,임신희,여,1968,,,미취업,,,,,林信姬,Lim Sin Hee
10970752,ok,박광희,여,1956,대전과학기술대학교(대학별),조교수,재직,동양철학일반,한국성리학,충남대학교,박사,朴光熹,Park Kwang Hee
10970808,ok,김민옥,여,1974,부산외국어대학교,조교수,재직,현대소설(국문학),현대소설,충북대학교,박사,金旼玉,Kim Min-Ok
10970936,ok,박혜란,여,1984,건국대학교,초빙교수,재직,음운론(국어학),음운론,건국대학교,박사,朴惠蘭,park hye ran
10970937,ok,한승주,남,1962,백석대학교,강사,재직,국어교육,"국어학, 의사소통",국립공주대학교,박사,韓承周,Han seung ju
10971001,ok,이영준,남,1974,한국학중앙연구원(연계),책임연구원,재직,통사론(러시아어학),러시아어 재귀동사에 나타나는 비대격성 분석,고려대학교,박사,李永濬,Lee Young Jun
10971045,ok,최대희,남,1973,제주대학교(연계),교수,재직,국어사,통사론,건국대학교,박사,崔大熙,Choi Dae Hee
10971149,ok,김현주,여,1974,단국대학교,,재직,한문학,한시,단국대학교,박사,金賢珠,kimhyunjoo
10971531,ok,최형우,남,*****,대구한의대학교(연계),*****,*****,고전시가,고전시가,경북대학교,박사,*****,
10971672,ok,최선영,여,1970,대구보건대학교(대학별),부교수,재직,언어치료교육,언어치료학,대구대학교,박사,,Choi Sun Young
10971707,ok,채춘옥,여,*****,국민대학교(연계),*****,*****,인문학,한중언어대조,서울대학교,박사,,*****
10971880,ok,양윤의,여,1978,고려대학교(연계),조교수,재직,현대소설(국문학),현대소설,고려대학교,박사,梁允？,Yang Yun Eui
10971936,ok,주회민,남,*****,원광대학교,*****,*****,기타국어학,중국어회화,원광대학교,박사,*****,*****
10971941,ok,박연옥,여,*****,남서울대학교,*****,*****,정치교육,정치교육,延邊大學,석사,,*****
10971998,ok,임보연,여,1985,대진대학교(연계),조교수,재직,한시,한국고전문학,경희대학교,박사,,boyoun Lim
10972010,ok,Zuo Simin,남,1957,고려대학교,교수,퇴직,통사론(중국어학),통사론(중국어학),上海師範大學,박사,左思民,Zuo Simin
10972087,ok,정유미,여,1986,전남대학교,대학원생,미취업,,,전남대학교,석사,,
10972089,private,,,,,,,,,,,,
10972106,ok,김혜영,여,1964,성균관대학교,초빙교수,재직,한국어교육학,다문화/한국어 교육,부산대학교,박사,金慧瑛,Kim Hyeyoung
10972122,ok,서영희,여,1964,계명대학교(연계),조교수,재직,문학이론,현대시,영남대학교,박사,徐英姬,Seo Younghee
10972142,ok,강민정,여,1971,한국고전번역원,교수,재직,기타역사학,한문 고전 번역,성균관대학교,박사,姜珉廷,Kang Min-jeong
10972180,ok,서수정,여,1965,홍익대학교,강사,미취업,예술철학,동양미학,성균관대학교,박사,徐水晶,sesujeng
10972195,ok,조희창,남,1947,성신여자대학교,강사,재직,한시,한국한시,성신여자대학교,박사,曺喜昌,CHOheachang
10972296,ok,김혜경,여,1965,충남대학교,강사,재직,소설,이공계 글쓰기,충남대학교,박사,金寭耿,"Haekyung, Kim"
10972364,ok,홍명희,여,1972,한국해양대학교,강사,퇴직,일본근현대문학,"다자이오사무, 기독교",關西學院大學,박사,洪明嬉,HONG MyungHee
10972550,ok,김순자,여,1965,재단법인 제주연구원,기타,퇴직,방언,제주도방언,제주대학교,박사,金順子,Kim Soon Ja
10972754,ok,심윤진,여,1983,이화여자대학교,,재직,,,,,沈允眞,SHIM YUNJIN
10972915,ok,박진희,여,1971,대전대학교,강의교수,재직,운문,현대시,대전대학교,박사,朴珍嬉,Park JinHee
10972995,ok,정규희,여,1968,고려대학교,강사,재직,현대소설(국문학),한국현대소설에 나타난 소외양상,동아대학교,박사,鄭奎熙,Jeong Kyu Hee
10973000,ok,엄상희,여,1974,경희대학교,강사,재직,소설,한국근현대소설,고려대학교,박사,嚴相姬,"Aum, Sang-Hee"
10973034,ok,한용국,남,1971,건국대학교,강사,재직,운문,현대시,건국대학교,박사,韓龍國,han yong guk
10973036,ok,김지연,여,1968,제주대학교,강사,재직,현대시(국문학),현대시,제주대학교,박사,金志姸,Kim Ji Yeon
10973074,private,,,,,,,,,,,,
10973126,ok,양희제,남,1967,신경주대학교,조교수,재직,문화재보존과학,"문화재학, 벽화, 석재보존",국립공주대학교,박사,梁熙堤,Yang Hee Jae
10973862,ok,유창민,남,1975,동의대학교(연계),부교수,재직,국문학,현대시,건국대학교,박사,劉昶旼,Yoo Chang Min
10974172,ok,황아영,여,1982,성신여자대학교,강사,재직,한문학,한국한문산문,성신여자대학교,박사,黃娥英,Hwang ah young
10975141,private,,,,,,,,,,,,
10975225,ok,김억조,남,1971,동국대학교(대학별),부교수,재직,의미론(국어학),인지언어학,경북대학교,박사,,Eok jo Kim
10975235,ok,김종방,남,1984,세종대학교,대학원생,재직,현대소설(국문학),현대소설,세종대학교,석사,金鍾方,Kim Jong Bang
10975318,ok,양예슬,여,1987,연세대학교,대학원생,미취업,통사론(국어학),통사론,,,梁예슬,"YANG, YE SEUL"
10975391,ok,서덕민,남,*****,원광대학교(연계),*****,*****,운문,현대시,원광대학교,박사,*****,
10975572,ok,박우,남,1982,한성대학교(연계),조교수,재직,사회변동/발전사회학,시민권. 이주. 도시,서울대학교,박사,朴佑,Piao-You
10975619,ok,윤신원,여,*****,경기대학교(연계),*****,*****,텍스트언어,독서학,가톨릭대학교,박사,*****,*****
10975658,ok,이황진,남,1971,단국대학교(연계),조교수,재직,고전시가,한중비교문학,廣西師範大學,박사,李黃振,Lee Hwang Jin
10975689,ok,이강하,남,1976,전북대학교,강사,미취업,문학이론,한국현대시론,전북대학교,박사,李康河,"Lee, Kang-Ha"
10975733,ok,이금영,여,1967,충남대학교(연계),교수,재직,국어사,국어사,The University of Iowa,박사,李金泳,"Lee, Kum Young"
10975781,ok,한숙향,여,*****,중앙대학교,,*****,,,,,*****,*****
10975788,private,,,,,,,,,,,,
10975821,ok,정일균,남,1955,전북대학교,강사,재직,,,전북대학교,박사,,
10975837,ok,김남혁,남,1978,국민대학교(연계),부교수,재직,현대소설(국문학),현대 문학,고려대학교,박사,金南赫,Kim Nam Hyuk
10975870,ok,김민숙,여,1972,건국대학교,회원,미취업,현대시(국문학),현대시,건국대학교,박사,金敏淑,"Kim, min-suk"
10976050,ok,이승철,남,1973,전북대학교,강사,미취업,현대시(국문학),현대시,전북대학교,박사,李承哲,"Yi, SeungCheol"
10976080,ok,신지원,여,1978,전북대학교,강사,재직,현대시(국문학),한국 현대 문학,전북대학교,박사,申識援,Shin Jee One
10976276,ok,김준수,남,1977,한국교원대학교(연계),교수,재직,고문자학(중국어학),"고대한자학, 현대한자학, 중국어음운론",國立臺灣師範大學,박사,金俊秀,Kim Jun-soo
10976286,private,,,,,,,,,,,,
10976384,ok,최은경,여,1969,동국대학교(대학별),조교수,재직,한국어교육학,외국어로서의 한국어교육,동국대학교,박사,崔恩慶,"Choi, Eun-Kyung"
10976424,ok,정지형,남,*****,재단법인 제주연구원,*****,*****,국가별경제,정치경제,中國人民大學,박사,*****,*****
10976441,ok,남신혜,여,1983,경희대학교(연계),부교수,재직,응용국어학,"국어정보학, 말뭉치언어학, 한국어교육",연세대학교,박사,,Nam Sin-hye
10976475,ok,박종임,여,1984,한국교육과정평가원,연구위원,재직,국어교육학,작문교육,한국교원대학교,박사,,"Park, Jong-im"
10976496,private,,,,,,,,,,,,
10976598,ok,조해진,남,1969,가톨릭관동대학교(연계),부교수,재직,미디어산업,문화콘텐츠학,한양대학교,박사,曺海鎭,Cho haejin
10976638,ok,김동욱,남,1979,한국학중앙연구원(연계),조교수,재직,고전산문,고전소설,서울대학교,박사,,"Kim, Dongwook"
10976701,ok,다니엘종스베켄디크,남,1975,성균관대학교(연계),교수,재직,기타경제학,한국경제,University of Tubingen,박사,"SCHWEKENDIEK,DANIEL","SCHWEKENDIEK, DANIEL"
10976789,ok,허인영,남,1984,인하대학교(연계),조교수,재직,국어사,음운사 및 형태사,고려대학교,박사,許仁寧,Inyeong Heo
10976836,ok,김도일,남,1962,조선대학교,초빙교수,재직,현대희곡(국문학),연극과 희곡,조선대학교,박사,金道一,Kim Doil
10976845,ok,이승현,남,*****,경북대학교,*****,*****,현대희곡(국문학),현대희곡,경북대학교,박사,*****,*****
10976883,ok,신정인,여,1968,대구대학교,겸임교수,재직,상담심리/심리치료,상담심리,대구대학교,박사,申靜仁,Shin Jeongin
10976921,ok,고재봉,남,1979,인하대학교,강사,재직,현대시(국문학),한국문학 현대시,인하대학교,박사,高載奉,KO JAEBONG
10976985,ok,김효주,여,1981,국립경국대학교(연계),교수,재직,현대소설(국문학),현대소설,영남대학교,박사,金孝珠,Kim Hyo joo
10977004,ok,김지안,여,1977,성산효대학원대학교(대학별),부교수,재직,한국어와문학,외국어로서의한국어교육,인하대학교,박사,,kim Ji An
10977031,ok,윤은미,여,1980,전주기전대학,겸임교수,재직,음성언어의학,다문화언어치료,전북대학교,박사,,EUN MI
10977056,ok,문봉석,남,1978,국립국악원,,재직,한국음악이론/분석,한국음악이론,한양대학교,박사,文奉錫,Mun Bong seok
10977066,ok,이훈,남,1973,강원대학교,강사,재직,한문학,한시,강원대학교,박사,李焄,Lee Hoon
10977071,ok,김은애,여,*****,서울대학교,*****,*****,기타인문학,불어음성학,이화여자대학교,박사,*****,*****
10977081,ok,곽지영,여,1964,연세대학교 언어연구교육원 한국어학당,교수,재직,,,연세대학교,박사,郭芝英,"Kwak, Ji Young"
10977133,ok,정지은,여,1983,충남대학교,강사,재직,국어교육학,독서/읽기 교육,고려대학교,박사,鄭至恩,Jung Ji Eun
10977401,ok,채효정,여,*****,경희대학교,*****,*****,서양정치사상,"서양고대정치사상, 정치경제사상",경희대학교,석사,*****,*****
10977439,ok,김수연,여,1964,전남대학교,기타,퇴직,현대소설(국문학),현대소설비평,전남대학교,박사,金秀衍,"Kim, Suyeon"
10977574,ok,유용태,남,1976,연성대학교,조교수,재직,현대소설(국문학),문학사회학,단국대학교,박사,,Yongtae Yu
10977777,ok,이영자,여,1962,성균관대학교,,미취업,,,,,이영자,"Lee, Young Ja"
10977785,ok,강민정,여,1982,단국대학교,조교수,재직,문예창작,현대시,단국대학교,박사,姜旼廷,Kang MinJung
10978154,ok,김미숙,여,1960,아주대학교,강사,재직,구비문학,설화,아주대학교,박사,金美淑,"Kim, Misook"
10978209,ok,박지학,남,1982,전북대학교,강사,재직,문학이론,현대시,전북대학교,박사,朴智鶴,PARK JI HAK
10978240,ok,한하림,여,1985,국립한밭대학교(연계),부교수,재직,한국어교육학,한국어문화교육학,고려대학교,박사,,HanHaLim
10978288,ok,김지혜,여,1986,한신대학교(연계),조교수,재직,통사론(국어학),통사론,성균관대학교,박사,金智惠,KimJihye
10978291,ok,김정배,남,1977,원광대학교,부교수,재직,운문,"현대시, 문예창작",원광대학교,박사,金正培,Kim Jeong Bae
10978292,ok,최선영,여,1984,한국기술교육대학교,강사,재직,소설,한국소설,이화여자대학교,박사,崔善映,Choi sunyoung
10986916,ok,김자혜,여,1985,가천대학교,강사,,언어교육,외국어로서의한국어교육,,,金慈惠,KIM JAHYE
11003034,ok,김다혜,여,1983,Northwestern University,조교수,재직,,,McGill Univ.,박사,,Dahye Kim
11003053,ok,이은선,여,1985,전북대학교,강사,재직,방언학(국어학),"음운론, 형태론",전북대학교,박사,李恩善,LeeEunSeon
11003072,ok,정용숙,여,*****,춘천교육대학교(연계),*****,*****,독일사,현대사,Ruhr University - Bochum,박사,*****,*****
11003133,ok,이경동,남,*****,한남대학교,*****,*****,조선후기사,사상사,고려대학교,박사,*****,*****
11003170,ok,윤민주,여,1979,경북대학교,강사,미취업,희곡,현대희곡,哈爾濱師範大學,박사,尹珉珠,YUN MINJU
11003539,ok,최성희,여,1960,서남대학교,대학원생,미취업,,,서남대학교,박사,崔聖喜,"Choi, Sung Hee"
11003545,ok,한명숙,여,1965,서남대학교,,재직,,,,,韓明淑,Han moung suk
11003591,ok,김명옥,여,1972,건국대학교,강사,재직,아동문학,역사인물동화,건국대학교 GLOCAL(글로컬)캠퍼스,박사,,Kim Myungok
11003718,ok,한정훈,남,1978,전남대학교(연계),부교수,재직,구비문학,구비문학/민속학,전남대학교,박사,韓定勳,"Han, Jeong-hoon"
11003796,ok,김유진,남,1977,덕성여자대학교(연계),조교수,재직,고전산문,고전소설,서울대학교,박사,金維眞,Kim Yu Jin
11003862,private,,,,,,,,,,,,
11003864,ok,이소라,여,1985,한국교육과정평가원,연구원,재직,국어교육학,국어교육,이화여자대학교,박사,李소라,Lee so-ra
11003923,ok,강영주,여,*****,한양대학교,*****,*****,한문산문,한문산문 및 고전산문,한양대학교,박사,*****,*****
11004266,ok,김규훈,남,1981,국립경국대학교(연계),부교수,재직,국어교육학,"국어교육, 문법교육",동국대학교,박사,金奎勳,"Kim, Kyoohoon"
11004479,ok,김종률,남,1964,영남대학교,겸임교수,재직,국어교육학,쓰기교육,영남대학교,박사,金鍾律,Kim Jong Ryul
11004594,ok,심우일,남,1983,선문대학교,강사,재직,희곡,현대희곡 & 영화이론 & 웹툰,중앙대학교,박사,沈愚壹,shim woo il
11004680,ok,조동희,여,*****,한국외국어대학교,*****,*****,기타언어학,카자흐언어학,Al-Farabi Kazakh National University,석사,,*****
11004752,ok,류선숙,여,*****,고려대학교(연계),*****,*****,한국어교육학,한국어문화교육학,고려대학교,박사,*****,*****
11004762,ok,정은주,여,1984,영남대학교,대학원생,재직,,,,,鄭恩周,Jung A Reum
11004765,private,,,,,,,,,,,,
11004825,ok,송영훈,남,*****,강원대학교(연계),*****,*****,국제관계/협력,국제정치,Univ. of South Carolina at Columbia,박사,*****,*****
11004835,ok,남동걸,남,1966,인천대학교 인천학연구원,연구위원,재직,고전시가,고시조 및 가사,인하대학교,박사,南東杰,Nam Dong-Geol
11004864,ok,오광근,남,1967,성균관대학교,강사,재직,,,성균관대학교,박사,吳廣根,Oh Kwangkeun
11005436,ok,이선영,여,*****,경인교육대학교(연계),*****,*****,국어교육학,화법(토론교육),서울대학교,박사,*****,*****
11005463,ok,조은영,여,1979,경기대학교,초빙교수,재직,한국어교육학,장르 중심 교수법,이화여자대학교,박사,趙恩映,"Cho, Eun Young"
11005493,ok,이행선,남,1980,국민대학교(연계),부교수,재직,현대소설(국문학),"근현대문학, 번역/비교문학, 재난, 독서사.",국민대학교,박사,李?宣,"LEE, HAENG-SEON"
11019254,ok,이기성,남,1978,중앙대학교(연계),부교수,재직,소프트웨어공학,소프트웨어 저장소 마이닝,중앙대학교,박사,李基成,Kiseong Lee
11021263,ok,백유정,여,*****,대진대학교,*****,*****,건축 역사 및 이론,한국건축사,대진대학교,박사,*****,*****
11033956,ok,박재희,남,1970,충남대학교(연계),교수,재직,통사론(언어학),문법론(통사/의미),University of Toronto,박사,朴宰熙,"BAK, JAEHEE"
11034048,ok,박경은,여,1979,한국외국어대학교,교수,재직,태국어문학,인지언어학 한태 비교연구,Thammasat University,박사,朴景恩,Kyungeun Park
11034185,ok,김연희,여,*****,대진대학교(연계),*****,*****,음운론(언어학),변동규칙,건국대학교,박사,*****,*****
11034512,ok,오세일,남,1970,서강대학교(연계),교수,재직,문화/종교사회학,"종교,영성, 문화",Boston College,박사,吳世逸,Seil Oh
11034555,ok,현영희,여,*****,경북대학교,*****,*****,국어정보학,"어휘의미론, 사전학",경북대학교,박사,*****,*****
11034557,ok,강수경,여,1978,,,미취업,한국,음식문화,제주대학교,석사,姜受庚,kang soo kyoung
11034559,ok,김보경,여,1980,서울시립대학교,강사,재직,화용론(언어학),화법,서울시립대학교,박사수료,金俌冏,Kim Bo Kyung
11034742,ok,박은영,여,1974,강원대학교 강릉캠퍼스,강사,재직,구비문학(국문학),구비문학,강원대학교 강릉캠퍼스,박사,朴銀英,Park Eun-young
11034821,ok,이동희,여,1971,건국대학교,강의교수,미취업,문학교육,문학치료,,,이동희,LEEDONGHEE
11035131,ok,박정민,남,1977,명지대학교(연계),,재직,미술사,한국도자사,명지대학교,박사,,Park jung min
11045977,ok,정옥현,남,1959,서강대학교,교수,퇴직,이동통신/위성통신,"휴대폰, RF/마이크로파 부품,모듈",서강대학교,박사,,Okhyun Jeong
11053723,ok,기혜선,여,1978,인트렉스,책임연구원,재직,기타교육학,독서교육,가톨릭대학교,박사,奇惠善,KIY HEASUN
11068083,ok,전후민,남,1986,경상국립대학교 인문학연구소,연구교수,재직,통사론(국어학),통사론,연세대학교,박사,,JEON HUMIN
11069580,ok,오아림,여,1979,이화여자대학교,강사,재직,한국어와문학,한국어교육,이화여자대학교,박사,吳雅林,OH AHRIM
11070765,ok,최낙혁,남,1980,가천대학교(연계),부교수,재직,정책학일반,"정책분석, 성과관리",Florida International University,박사,崔洛赫,NakHyeok Choi
11076556,ok,이승희,여,1975,한양대학교,강사,재직,중국문화학,중국영화 및 대중문화,北京大學,박사,李勝喜,"Lee,Seung-Hee"
11076690,private,,,,,,,,,,,,
11077497,ok,강지연,여,1984,한국생명공학연구원,POST-DOC,재직,효소생화학,효소생화학,전남대학교,박사,姜智姸,kang ji-yeon
11080079,ok,조태영,남,1978,Universitas Sriwijaya,연구원,재직,문자,인도네시아 전통문자,Universitas Hasanuddin,박사,趙泰泳,Cho Tae Young
11080500,private,,,,,,,,,,,,
11081299,ok,김광식,남,1974,충남대학교,연구원,재직,구비문학,동아시아 비교문화,東京學藝大學,박사,金廣植,KIM Kwangsik
11081428,ok,김혜미,여,1982,한림대학교,HK연구교수,재직,구비문학,문학치료,건국대학교,박사,,"Kim, Hye-Mi"
11081461,ok,손유진,여,*****,경북대학교,*****,*****,,,,,*****,*****
11082073,ok,이민영,여,1981,국민대학교(연계),부교수,재직,현대소설(국문학),현대소설,서울대학교,박사,李民榮,Lee Min Young
11082306,ok,장경실,여,1964,건국대학교,회원,재직,소설,60년대 현대소설,건국대학교,박사,張敬實,Jang Kyung sil
11082363,ok,채수은,여,*****,강원대학교(연계),*****,*****,교육심리학,교육심리학,Univ. of Maryland at College Park,박사,*****,
11082746,private,,,,,,,,,,,,
11083500,ok,김자미,여,*****,고려대학교(연계),*****,*****,컴퓨터교육,교육과정,고려대학교,박사,*****,*****
11083691,ok,황선영,여,1981,아주대학교(연계),조교수,재직,한국어교육학,한국어교육학,이화여자대학교,박사,黃善暎,Sunyoung Hwang
11083702,ok,김기홍,남,1971,한성대학교(연계),부교수,재직,인문학,문화콘텐츠,한국외국어대학교,박사,金起弘,Kim Ki Hong
11084087,ok,고윤석,남,*****,경희대학교,,*****,,,,,*****,*****
11084919,ok,김태경,여,1983,성공회대학교(대학별),조교수,재직,북한정치/통일,"북한정치외교, 사회주의문화",서울대학교,박사,,"Kim, Tae-Kyung"
11085018,ok,김영경,여,*****,국립목포대학교(연계),*****,*****,현대소설(국문학),현대소설,서강대학교,박사,,
11085063,ok,최은정,여,*****,부산교육대학교(연계),*****,*****,국어교육학,문법교육,이화여자대학교,박사,,
11085153,private,,,,,,,,,,,,
11085198,ok,송재영,여,1983,Wellesley College,강사,재직,형태론(국어학),형태통사론,연세대학교,박사,宋在令,"Song, Jae Young"
11086328,ok,이인혜,여,1984,가천대학교(연계),부교수,재직,한국어교육학,한국어문화교육학,고려대학교,박사,,Lee In-hye
11086513,ok,김혜정,여,1972,충북대학교 우암연구소,전임연구원,재직,구비문학(국문학),구비설화,경기대학교,박사,金惠貞,Kim Hye Jeong
11086977,ok,권은선,여,1968,중부대학교,부교수,재직,영화이론,"영상이론,영화사,비평",중앙대학교,박사,權銀善,Eunsun Kwon
11087063,ok,김휘열,남,1980,고려대학교,대학원생,미취업,현대소설(국문학),전후소설,고려대학교,박사수료,金暉烈,Hwiyul Kim
11087330,ok,배상미,여,*****,고려대학교,*****,*****,현대소설(국문학),국문학 현대소설,고려대학교,박사,*****,*****
11087577,ok,손승민,여,1961,가톨릭관동대학교,강사,재직,화용론(국어학),화용의미론,한양대학교,박사,孫承民,sonseungmin
11087745,ok,강은지,여,1978,부산대학교(연계),부교수,재직,역사/비교언어학,"중국방언, 대조언어학, 언어 접촉",复旦大学,박사,姜恩枝,Eunji Kang
11087762,ok,김시정,남,1982,차의과학대학교,조교수,재직,교과교육학,국어교육,한양대학교,박사,金時正,Kim Sijeong
11087832,ok,김한별,남,1984,서강대학교(연계),부교수,재직,음운론(국어학),"국어 음운사, 국어 방언학",서강대학교,박사,金한별,HANBYUL KIM
11087881,ok,심은지,여,1980,가천대학교,강사,재직,언어교육,한국어 습득,이화여자대학교,박사,沈垠志,심은지
11088047,ok,최신인,여,1977,서울벤처대학원대학교,대학원생,재직,경영학일반,마케팅,서울벤처대학원대학교,박사,崔新人,Shinin Choi
11088054,ok,이수정,여,1986,서강대학교 유로메나연구소,연구교수,미취업,지역연구,이슬람학,한국외국어대학교,박사,李秀貞,Yi Soo Jeong
11088211,ok,김영재,남,1972,한국전통문화대학교(대학별),교수,재직,예술사,건축도시 역사이론,Univ. of Pennsylvania,박사,,kim young jae
11088507,ok,주효주,여,1979,한양대학교,강사,미취업,현대소설(국문학),현대소설,한양대학교,박사,朱孝珠,Ju Hyo Ju
11088543,private,,,,,,,,,,,,
11088796,ok,황인순,여,*****,덕성여자대학교(연계),*****,*****,구비문학(국문학),"고전산문, 구비문학",서강대학교,박사,*****,*****
11088899,ok,오유영,여,*****,이화여자대학교,*****,*****,한국어교육학,외국어로서의 한국어교육,이화여자대학교,석사,*****,*****
11089149,ok,김건영,남,*****,남서울대학교,*****,*****,형태론(국어학),형태론,고려대학교,박사수료,*****,*****
11089299,private,,,,,,,,,,,,
11089535,ok,박동숙,여,1958,서울시립대학교,강사,재직,운문,시,,,朴東淑,Park Dong-sook
11089543,ok,신은경,여,1982,충북대학교,강사,재직,현대소설(국문학),1950년대 소설,고려대학교,박사,申恩璟,SHIN EUNKYUNG
11089629,ok,선한빛,여,1988,전남대학교 유라시아인문융합연구소,연구교수,재직,국어사,문법사,전남대학교,박사,宣한빛,Seon Hanbit
11089711,ok,강병헌,남,1974,서울시립대학교,객원교수,재직,교양기초교육,한국어교육학,연세대학교,박사,姜秉憲,ByoungHoun Kang
11090100,ok,한우리,여,*****,전남대학교(연계),*****,*****,영미문학비평,미국소설,중앙대학교,박사,,*****
11090712,ok,박꽃새미,여,1984,성신여자대학교,강사,재직,국어사,국어사,한국학중앙연구원,박사,朴꽃새미,"Park, Kkotsaemi"
11090971,ok,김민정,여,1983,서울대학교,강사,재직,중국현대문학,중국 현당대시,서울대학교,박사,金民靜,KIM MINJYUNG
11090992,ok,신정숙,여,1971,홍익대학교,초빙교수,재직,현대소설(국문학),1930~1970년대 소설,연세대학교,박사,申正淑,Shin Jung Suk
11091047,ok,박희수,남,1986,성균관대학교,대학원생,미취업,한문산문,고전문학,서울대학교,박사수료,朴熙秀,Hisu Park
11091057,ok,최영인,여,*****,서울교육대학교(연계),*****,*****,국어교육학,국어교육,서울대학교,박사,*****,*****
11091322,ok,이인화,여,1983,전북대학교(연계),부교수,재직,국어교육학,문학교육(현대소설교육),서울대학교,박사,,Lee In Wha
11091329,ok,박수현,여,1974,국립공주대학교(연계),교수,재직,문학교육,"문학교육, 1970년대 소설과 비평",고려대학교,박사,朴修賢,Park Soo-Hyun
11091496,ok,임니나,여,1981,소속없음,기타,미취업,한국음악이론/분석,음악학,한국학중앙연구원,박사,林니나,Im ni na
11091518,ok,하영우,남,1983,전주대학교(연계),부교수,재직,음운론(국어학),"음운론, 음성학",고려대학교,박사,河永祐,"Ha, Youngwoo"
11091526,ok,김진희,여,1981,연세대학교 언어연구교육원 한국어학당,강사,재직,한국어교육학,한국어교육,연세대학교,박사,金瑱姬,KIM JINHEE
11091667,ok,염혜경,여,1974,연세대학교,,재직,,,,,,Yom Hyekyong
11091717,ok,조용준,남,1967,건국대학교 다언어다문화연구소,선임연구원,재직,응용언어학,멀티모달 대화분석,건국대학교,박사,趙龍俊,Yongjoon Cho
11092033,ok,유정,여,*****,동국대학교,*****,*****,비교문학(국문학),"고전문학, 문헌학",연세대학교,박사,,*****
11092116,ok,박기표,남,*****,경희대학교,*****,*****,,,,,*****,*****
11092232,ok,박새암,남,1979,가톨릭상지대학교(대학별),조교수,재직,한국어교육학,한국어교육사,한성대학교,박사,朴새암,"Park, Sae Am"
11092712,ok,LI FUSHI,여,1983,中國海洋大學,연구원,재직,현대희곡(국문학),현대문학,고려대학교,박사,李福实,LI FUSHI
11092743,ok,이희원,여,1977,부산대학교,전임연구원,재직,문학이론,현대소설,부산대학교,박사,李熙媛,Lee Hee-won
11092831,ok,최진경,여,*****,전남대학교(연계),*****,*****,한시,,동국대학교,박사,*****,*****
11092836,ok,홍진영,여,1980,동국대학교,기타,미취업,고전시가,고전시가와 산문,동국대학교,석사,洪振瑛,Hong jinyoung
11092859,ok,최두헌,남,1982,고려대학교,대학원생,재직,,,고려대학교,석사,崔斗憲,
11092978,ok,김대중,남,1976,서울대학교(연계),교수,재직,한문산문,조선후기 한문학사,서울대학교,박사,金大中,"Kim, Dae-Joong"
11092993,ok,김부연,여,1975,이화여자대학교,객원교수,재직,국어교육학,국어사(문법교육),고려대학교,박사,金富娟,Kim Buyeon
11092996,ok,김태희,남,1961,,기타,퇴직,한국정치사상,조선조 정치사상,한국학중앙연구원,박사,金泰熹,Kim Tae Heui
11093101,ok,신재식,남,1984,부산대학교,강사,재직,한국경학,경학,부산대학교,박사,申在湜,Shin jae-sik
11093202,ok,이지은,여,1988,이화여자대학교,대학원생,미취업,교육철학/사상,교육철학,이화여자대학교,박사,李知垠,"Lee, Ji Eun"
11093877,ok,박혜인,여,*****,이화여자대학교,*****,*****,고전산문,고소설,이화여자대학교,박사,*****,*****
11094074,private,,,,,,,,,,,,
11094629,ok,정영진,여,*****,이화여자대학교(연계),*****,*****,르네상스영문학,"근세 시대 영국 시, 드라마, 여성 산문","University of Massachusetts, Amherst",박사,*****,*****
11094881,ok,양승용,남,1977,서원대학교,조교수,퇴직,멀티미디어/컴퓨터그래픽디자인,시각.멀티미디어 전공,한양대학교,박사,梁承龍,Yang Seung Yong
11095111,ok,이영조,여,1959,배재대학교,부교수,퇴직,한국어교육학,"현대문학, 한국어교육",배재대학교,박사,,YOUNGJO LEE
11095176,ok,윤경원,남,1978,연세대학교,강사,재직,한국어교육학,한국어교육학,연세대학교,박사,尹璟源,YOON KYEONGWON
11095292,ok,배상희,여,1964,단국대학교(연계),부교수,재직,통사론(영어학),통사론,단국대학교,박사,,Bae Sanghee
11095546,private,,,,,,,,,,,,
11095550,ok,정찬철,남,1976,국립부경대학교(연계),조교수,재직,영화이론,"디지털 영화, 영화기술사, 한국영화사, 미국영화사,",한양대학교,박사,鄭燦喆,Chanchul Jung
11095883,private,,,,,,,,,,,,
11095941,ok,박민신,여,1983,서강대학교(연계),조교수,재직,한국어교육학,한국어문법교육,서울대학교,박사,朴敏伸,Minsin Park
11096003,ok,김혜진,여,1973,성균관대학교,초빙교수,재직,한국어교육학,"문화 교육, 문학교육",서울대학교,박사,金惠眞,KIM HYE-JIN
11097291,ok,이진주,여,1980,서울대학교,강사,재직,기타연극,공연예술학,서울대학교,박사,李珍珠,LEE JINJOO
11097353,ok,박정해,남,*****,한양대학교(연계),*****,*****,건축 역사 및 이론,건축역사이론비평,한양대학교,박사,*****,*****
11097662,ok,최춘태,남,1960,계명대학교,강사,퇴직,음운론(국어학),"국어 음운론, 한자 음운론(상고음/갑골음)",계명대학교,박사,崔春泰,Choi Chun-Tae
11098064,ok,안태형,남,1974,동아대학교(연계),조교수,재직,사회언어학,통신언어,동아대학교,박사,安泰炯,TaiHyung An
11098658,ok,Tatiana Gabroussenko,여,1964,고려대학교,교수,퇴직,북한,북한문학,Australian National University,박사,,Tatiana Gabroussenko
11099681,ok,신호림,남,1983,고려대학교(연계),부교수,재직,고전산문,"고전소설, 판소리, 설화, 서사무가, 민요, 스토리텔링",고려대학교,박사,申虎林,"Shin, Horim"
11099807,ok,정경화,여,1982,성균관대학교,연구교수,재직,소재화학,나노소재과학,이화여자대학교,박사,,Kyungwha Chung
11100032,ok,김아영,여,1985,국립국어원,,재직,음운론(국어학),음운론,서울대학교,박사,金娥英,Kim Ayoung
11100461,ok,성민경,여,*****,부산대학교,*****,*****,고전산문,젠더연구,고려대학교,박사,*****,*****
11100671,ok,이진삼,남,1965,Caroline University,교수,재직,동양철학일반,한국 전통 풍수,동방문화대학원대학교,박사,이진삼,"Jinsam, Lee."
11101352,ok,박정아,여,1984,동아대학교(연계),부교수,재직,구비문학,구비문학(고전문학),동아대학교,박사,朴廷娥,PARK JUNG A
11101365,ok,이만제,남,*****,원광대학교(연계),*****,*****,방송·영상,정책 산업 저널리즘,경희대학교,박사,*****,*****
11101454,ok,박길희,여,1973,국립순천대학교,초빙교수,재직,고전산문,고전소설,국립순천대학교,박사,朴吉姬,"Park, Gilhee"
11101747,ok,홍인영,여,*****,조선대학교(연계),*****,*****,국어교육,문학교육(현대산문교육),서울대학교,박사,,*****
11102103,ok,최성엽,남,*****,원광대학교(연계),*****,*****,중국어와문학,,원광대학교,박사,*****,*****
11102209,ok,유정숙,여,1976,Erciyes Universitesi,교수,퇴직,현대소설(국문학),"현대문학(소설), 여성문학, 문학비평, 문화번역, 한류",고려대학교,박사,劉貞淑,"Yoo, Jung Suk"
11102261,ok,손성준,남,1978,성균관대학교(연계),부교수,재직,비교문학(국문학),"한국근대소설, 동아시아 비교문학, 동아시아 번역문학",성균관대학교,박사,孫成俊,"SON, SUNG-JUN"
11102572,ok,김성문,남,*****,연세대학교(연계),*****,*****,정치이론,유교정치사상,Univ. of Maryland at College Park,박사,,*****
11103600,ok,한정현,남,1975,동국대학교,연구원,재직,국어교육학,국어교육,동국대학교,박사,韓正鉉,"HAN,JUNGHYUN"
11103794,ok,정현경,여,*****,충남대학교,*****,*****,현대희곡(국문학),희곡,충남대학교,박사,,
11103987,ok,지현진,여,1989,한국외국어대학교,대학원생,미취업,,,한국외국어대학교,박사수료,池賢珍,Ji Hyeonjin
11104214,ok,서은혜,여,*****,한림대학교(연계),*****,*****,현대소설(국문학),현대소설,서울대학교,박사,*****,*****
11104233,ok,신성환,남,1983,중앙대학교(연계),부교수,재직,고전시가,고전시가,,박사,申性桓,SHIN SEONGHWAN
11104509,ok,박명옥,여,1954,소속없음,기타,미취업,운문,현대시,고려대학교,박사,朴明玉,Park Myongok
11104715,ok,송영현,남,1970,충남대학교,강사,미취업,기초법,기초법,충남대학교,박사,宋泳鉉,"SONG, YOUNG-HYUN"
11105258,ok,전지연,여,1980,강원대학교,대학원생,재직,,,,,全w芝姸,Jeon Jiyeon
11105372,ok,백정이,여,1984,춘천교육대학교,강사,재직,국어교육학,국어교육,서울대학교,박사,白丁而,Baik JeongYi
11105500,ok,"Li, Chunji",여,1963,계명대학교(연계),부교수,재직,문학,국어국문학,서울대학교,박사,,CHUNJI LI
11105636,ok,주재원,남,1978,한동대학교(대학별),교수,재직,커뮤니케이션이론,저널리즘 및 문화연구,"The London School of Economics and Political Science, University of London",박사,周在元,"Joo, Jaewon"
11106528,ok,췌이펑훼이,여,1984,경북대학교,대학원생,미취업,의미론(언어학),인지언어학,경북대학교,박사수료,崔鳳慧,Cui Fenghui
11106574,ok,성경희,여,1978,한국교육과정평가원,연구원,재직,사회교육학,"교실수업연구, 질적연구방법론, 사회교과교육론, 경제교육",서울대학교,박사,,"Sung, Kyung Hee"
11106584,ok,이부용,여,1981,사이버한국외국어대학교(대학별),조교수,재직,비교문학(일본문학),비교문학,東京大學,박사,,LEE BU YONG
11106604,ok,박지순,여,1978,경희대학교(연계),부교수,재직,한국어교육학,"문법 교육, 담화 교육, 쓰기 교육",연세대학교,박사,,Park Jisoon
11106811,ok,윤영,여,1973,호남대학교,부교수,재직,한국어교육학,"문화교육, 문학교육",연세대학교,박사,尹永,YUN YOUNG
11106828,ok,윤정기,여,1962,소속없음,기타,퇴직,음운론(국어학),음운론,충남대학교,박사,尹正基,Yun Jeong Ki
11107094,ok,이진,여,1962,광주여자대학교,조교수,재직,기타국문학,국문학,국립목포대학교,박사,,A
11107981,ok,황주원,남,*****,대림대학교(대학별),,,의미론(국어학),의미론,상명대학교,박사,,
11108436,ok,이소현,여,1981,아주대학교,강의교수,재직,한국어와문학,외국어로서의 한국어 교육 전공,한국외국어대학교,박사,李素賢,Lee So-hyun
11108459,ok,양정은,여,1973,평택대학교,부교수,재직,국제광고/홍보,"다문화 커뮤니케이션, 위험커뮤니케이션",이화여자대학교,박사,,Jungeun Yang
11108835,ok,전송희,여,*****,부산대학교,*****,*****,산문,"조선후기 한문산문, 지역학",부산대학교,박사,*****,*****
11108852,ok,유인혁,남,1983,전주대학교(연계),조교수,재직,현대소설(국문학),현대소설비평,동국대학교,박사,柳寅赫,Yu Inhyeok
11108883,ok,이향순,여,1957,The University of Georgia,부교수,재직,비교문학,아일랜드문학,,,,Hyangsoon Yi
11109041,ok,최운선,남,*****,장안대학교,*****,*****,국어학,국어국문학,경기대학교,석사,,*****
11109073,ok,김게르만,남,1953,Al-Farabi Kazakh National University,교수,재직,문화사(역사학),세계 한인디아스포라 연구,National Academy of Science,박사,,Kim German
11109223,ok,백승주,남,1976,전남대학교(연계),교수,재직,언어교육,한국어교육,연세대학교,박사,白承周,BAEK SEUNG-JOO
11109352,ok,이성민,남,1979,조선대학교,강사,재직,현대시(국문학),현대문학,조선대학교,박사,,
11109413,ok,권경미,여,*****,부산외국어대학교,*****,*****,문학비평(국문학),현대문학 및 문화,이화여자대학교,박사,*****,*****
11109455,ok,김효림,여,1979,강남대학교,강사,재직,고전산문,"궁중문학, 통치자문학, 삼국시대문학",강남대학교,박사,金孝林,KIMHYOLIM
11109849,ok,양소영,여,1976,덕성여자대학교(연계),조교수,재직,현대시(국문학),현대시,서울대학교,박사,梁素寧,Yang So Young
11109995,ok,김동희,남,1970,소속없음,기타,퇴직,한국유가철학,한국사상문화,東京大學,박사,金東熙,KIM DONG HEE
11110198,ok,류경자,여,1963,부산대학교,강사,재직,구비문학,민요,부산대학교,박사,柳京子,Ryu Kyung-ja
11110428,ok,서정호,남,*****,동국대학교,,*****,,,동국대학교,박사,*****,*****
11110828,ok,조준형,남,1970,한국영상자료원 한국영화사연구소,책임연구원,재직,영화이론,한국영화사,중앙대학교,박사,曺準亨,Junhyoung Cho
11110864,ok,김은석,여,1981,동국대학교,강사,재직,현대시(국문학),현대문학,동국대학교,박사,,
11110972,ok,조홍윤,남,1981,세한대학교(대학별),부교수,재직,고전산문,구비서사,건국대학교,박사,趙弘允,Cho Hongyoun
11111796,ok,이은주,여,1965,단국대학교,강사,재직,문예창작,아동문학,단국대학교,박사,李 銀 珠,Lee Eun Joo
11111945,ok,이권희,남,1960,충남대학교,강사,재직,고전시가,한시비평,충남대학교,박사,李權熙,Lee Kwon-Hee
11112097,ok,한상헌,남,1972,재단법인 대전연구원,연구위원,재직,기타신문방송학,대중문화연구,충남대학교,박사,韓相憲,"Sang-heon,Han"
11112243,ok,한경아,여,1988,배재대학교,초빙교수,재직,고전산문,고전소설,충북대학교,박사,韓囧娥,HanGyeonga
11112348,ok,하경숙,여,1977,선문대학교,초빙교수,재직,고전시가,고대가요,선문대학교,박사,河慶淑,HA KYOUNG-SOOK
11112641,ok,정선화,여,1966,중앙대학교,조교수,퇴직,한국어교육학,한국어교육학,중앙대학교,박사,丁善華,JEONG SUN HWA
11112828,ok,HOUMEILING,여,1981,고려대학교,대학원생,미취업,기타중문학,중어중문학,蘭州大學,석사,侯美灵,HOUMEILING
11113236,ok,김청룡,남,1979,대진대학교,전임강사,,,,서울대학교,석사,金靑龍,JIN QINGLONG
11113266,ok,jin hongmei,여,1977,,,재직,문학사,한시,서울대학교,박사,金紅梅,jin hongmei
11113354,ok,장두영,남,1977,아주대학교(연계),부교수,재직,현대소설(국문학),한국현대소설,기타기관,박사,張斗寧,"Chang, Du-Yeong"
11114360,ok,이상훈,남,1980,서울시립대학교,강의교수,재직,국어사,국어사,서울대학교,박사,李相勳,LEESANGHOON
11117726,ok,이주희,여,1979,대구대학교,강사,재직,현대소설(국문학),현대소설,대구대학교,박사수료,李周姬,"Lee, Ju-Hui"
11118136,ok,정연옥,여,1962,경동대학교,부교수,퇴직,간호관리과정,간호커뮤니케이션,경희대학교,박사,鄭然玉,Jeoung Yeon Ok
11118324,ok,장미정,여,*****,고려대학교(연계),*****,*****,한국어교육학,한국어문화교육학,고려대학교,박사,*****,*****
11118388,private,,,,,,,,,,,,
11118401,ok,고희성,여,1977,동국대학교,강사,재직,국어교육학,국어교육,동국대학교,박사,高希星,KO HEESUNG
11120784,ok,나영은,여,1980,전북대학교,대학원생,재직,국어교육학,"작문,독서",전북대학교,박사수료,羅英氵恩,"Na, Youngeun"
11121257,private,,,,,,,,,,,,
11121576,private,,,,,,,,,,,,
11122609,ok,Balazs Szalontai,남,*****,고려대학교(연계),*****,*****,사회사(역사학),역사학,Central European University,박사,,*****
11122877,ok,한정연,여,1972,서울대학교,강사,재직,통사론(일본어학),일본어 문법,東京大學,박사,韓靜姸,Han Joung-Youn
11124105,ok,권미경,여,1985,동국대학교 이주다문화통합연구소,연구교수,재직,한국,"한국문화교육, 한국문화, 다문화, 다문화교육, 한국어교육",이화여자대학교,박사,,Migyoung Kwon
11124509,ok,송수경,여,1962,세종대학교,강사,미취업,현대소설(국문학),현대소설,세종대학교,박사,宋秀卿,"SONG, SU-GYUNG"
11124851,ok,정상원,남,*****,고려대학교 한국어문교육연구소,*****,*****,국어교육,한국 고전소설 및 구비문학 교육,고려대학교,박사,*****,*****
11128114,ok,구혜인,여,1980,이화여자대학교 한국문화연구원,연구교수,재직,미술사,공예사,이화여자대학교,박사,具惠仁,"Koo, Hyein"
11128720,ok,이은홍,여,1987,국립순천대학교(연계),조교수,재직,국어교육학,현대시교육,이화여자대학교,박사,李䌥弘,"Eun-hong, Lee"
11129038,ok,염철,남,1971,한림대학교(연계),부교수,재직,기타국문학,국어국문,경북대학교,박사,廉哲,LIAN ZHE
11129424,ok,장채린,여,1985,명지대학교(연계),,재직,한국어교육학,한국어교육,연세대학교,박사,張彩璘,Jang Chaerin
11129834,ok,장고은,여,1986,서울대학교,대학원생,미취업,국어사,국어사,서울대학교,석사,張高慇,"JANG, Goeun"
11130237,ok,김미란,여,1971,경상국립대학교(연계),부교수,재직,음성학(언어학),"운율, 실험음성학",State University of New York at Stony Brook,박사,金美蘭,"Kim, Miran"
11130253,ok,배하은,여,1987,대구경북과학기술원(연계),부교수,재직,현대소설(국문학),현대소설,서울대학교,박사,,Haeun Bae
11130469,ok,공하림,여,*****,대진대학교(연계),*****,*****,한국어교육학,한국어문화교육학,고려대학교,박사,*****,*****
11130601,ok,이의종,남,1984,인하대학교(연계),조교수,재직,통사론(국어학),"언어유형론, 레지스터 분석, 연결어미, 대조분석",서울대학교,박사,李義鍾,"Lee, Euijong"
11130872,ok,전영의,여,1974,전남대학교,연구교수,재직,현대소설(국문학),한국현대소설,전남대학교,박사,全映宜,Young Eui Chon
11131703,ok,정원술,남,1982,고려대학교,겸임교수,재직,국어교육학,문학교육,고려대학교,박사,鄭元術,Jeong Wonsool
11131908,ok,김민학,남,1986,경북대학교(연계),조교수,재직,한문산문,조선후기 한문산문,성균관대학교,박사,,
11132185,ok,황은하,여,1975,배재대학교(연계),조교수,재직,인문학,코퍼스언어학,연세대학교,박사,黃銀霞,Hwang Eun Ha
11132187,ok,심란희,여,1982,배재대학교(연계),조교수,재직,한국어와문학,한국어교육,연세대학교,박사,沈蘭姬,LANJI SHEN
11132502,ok,장진엽,여,1981,성신여자대학교(연계),조교수,재직,한시,한국 한시,연세대학교,박사,張眞？,Jinyoup Jang
11132676,ok,백지민,여,*****,전남대학교(연계),*****,*****,고전산문,고소설,전남대학교,박사,,
11134709,ok,전철희,남,1986,한양대학교,강사,재직,현대소설(국문학),국어국문학과,한양대학교,박사,田哲熙,Jeon CheolHui
11134894,ok,박혜숙,여,1963,조선대학교,강사,재직,,,,,박혜숙,"Park, Hye Suk"
11134931,ok,박성일,남,1975,한국체육대학교(대학별),교수,재직,대조언어,문법교육,서울대학교,박사,朴成日,PIAO CHENGRI
11135684,ok,이재연,남,1972,울산과학기술원(연계),부교수,재직,한국어와문학,"근대 매체, 소설, 비평",Univ. of Chicago,박사,,Lee Jae Yon
11135942,private,,,,,,,,,,,,
11136923,ok,이대성,남,1983,원광대학교 마음인문학연구소,HK연구교수,재직,운문,현대시,서강대학교,박사,李大聖,Lee Dae-seong
11137041,ok,박창균,남,1985,연세대학교,,미취업,고전시가,고전시가,연세대학교,박사,朴昌均,"Park, Chang-kyun"
11139221,ok,이승은,여,1985,고려대학교(연계),부교수,재직,고전산문,"고전소설, 야담",고려대학교,박사,李承垠,LEE SEUNG EUN
11139569,ok,윤종필,남,1982,동국대학교(대학별),부교수,재직,역사교육,"역사적 사고, 영미 역사철학, 근대 유럽사상사",고려대학교,박사,,"Yoon, Jong-pil"
11140861,ok,김학찬,남,1983,고려대학교,강사,미취업,국어교육학,국어교육학,고려대학교,박사,金學贊,Kim Hak chan
11140874,ok,김남옥,여,1962,고려대학교,강사,재직,기타사회과학일반,"정보, 문화사회학",고려대학교,박사,金南玉,Kim Namog
11142164,ok,윤준섭,남,1982,충남대학교(연계),조교수,재직,구비문학(국문학),"고전산문, 구비문학, 민속학",서울대학교,박사,,Yun Jun Seop
11143238,ok,김희경,여,*****,성균관대학교,*****,*****,한국어교육학,읽기 교육,한성대학교,박사,*****,*****
11144640,ok,전가람,여,1985,한국학중앙연구원 디지털인문학연구소,연구교수,재직,중국시,중국고대시가,전북대학교,박사,田가람,JEON GA RAM
11144762,ok,홍인숙,여,1961,대전대학교,강사,재직,문예창작,문예창작학,대전대학교,석사,洪仁淑,Hong Insook
11144784,ok,신용남,남,1978,서울대학교,기타,미취업,국어사,문법사,서울대학교,박사,申容男,"SHIN, YONG NAM"
11146919,private,,,,,,,,,,,,
11147149,ok,임세진,여,1979,호서대학교,초빙교수,재직,현대시(국문학),현대시 비평,건국대학교,박사,林世眞,Lim Sejin
11152145,ok,김상운,남,1972,대구가톨릭대학교,교수,재직,경찰행정,경찰학,동국대학교,박사,金相雲,kim sang woon
11152681,ok,민희주,여,1981,동국대학교,강사,재직,한시,조선후기 한시,동국대학교,박사,閔熙珠,Minheejoo
11153355,ok,FRASCHININICOLA,남,1982,The University of Melbourne,부교수,재직,언어교육,외국어로서의 한국어교육,고려대학교,박사,,Nicola Fraschini
11153756,ok,박종미,여,1987,한국교원대학교,강사,재직,국어교육학,문법교육,한국교원대학교,박사,朴鍾美,bakjongmi
11153810,ok,이현선,여,1981,이화여자대학교,강사,재직,성운학(중국어학),성운학,北京師範大學,박사,李賢善,LEE HYUN-SUN
11153851,ok,박준홍,남,1980,한국교육과정평가원,,재직,국어교육학,화법교육전공,서울대학교,박사,朴埈弘,Park Junhong
11154131,private,,,,,,,,,,,,
11154303,ok,장성민,남,1986,인하대학교(연계),부교수,재직,국어교육,"작문교육, 논증교육, 학습문식성",서울대학교,박사,張性敏,SUNGMIN CHANG
11154393,ok,노대원,남,1983,제주대학교(연계),교수,재직,현대소설(국문학),"현대소설, 문학비평",서강대학교,박사,魯大元,Noh Dae-won
11155016,private,,,,,,,,,,,,
11157368,private,,,,,,,,,,,,
11157374,ok,김미진,여,1983,단국대학교,강사,퇴직,문예창작,문예콘텐츠,단국대학교,박사,金美眞,KIM MI JIN
11157408,ok,조은별,여,1989,고려대학교,대학원생,미취업,고전시가,고전시가,고려대학교,박사,趙은별,Jo Eunbyeol
11157666,ok,김태은,여,1974,연세대학교(연계),교수,재직,음성/음운론(중국어학),중국어 음성/음운학,University of Wisconsin - Madison,박사,,Tae Eun Kim
11158254,ok,최경희,여,1969,경희대학교,강사,재직,현대소설(국문학),현대소설,경희대학교,박사,崔京熙,choi kyung hee
11158793,ok,강민순,여,1973,소속없음,기타,퇴직,음운론(언어학),최적성이론,부산외국어대학교,박사,姜旼順,"Kang, Minsoon"
11161493,ok,김태경,여,1980,경기대학교,초빙교수,재직,운문,현대시,건국대학교,박사,金泰京,KIM TAE GYEONG
11162140,ok,김정화,여,1984,선문대학교 인문미래연구소,전임연구원,재직,현대소설(국문학),근현대소설,선문대학교,박사,金貞和,Kim Junghwa
11164288,ok,김민옥,여,1979,경성대학교,조교수,재직,기타인문학,"역사공간연구, 문화콘텐츠, 공간 스토리텔링",한국외국어대학교,박사,金旻玉,kim minok
11164363,private,,,,,,,,,,,,
11164938,ok,박혜영,여,1974,한국교육과정평가원,연구위원,재직,국어교육학,"작문교육, 독서교육, 국어교육",The University of Georgia,박사,朴惠英,Hye Young Park
11166371,ok,권경숙,여,1962,동아대학교,강사,재직,구비문학,구비설화,동아대학교,박사,權慶淑,Kwon Kyoung Sook
11166372,ok,이경님,여,1974,(주) 엘지유플러스,연구위원,재직,,,서강대학교,박사,,
11166767,ok,구진성,남,1981,경상국립대학교,연구원,미취업,한문산문,한국한문학,경상국립대학교,박사,具珍成,"Gu,Jin-seong"
11167033,ok,성민창,남,*****,경인교육대학교(연계),*****,*****,영어교육학,영어교육,서울대학교,박사,*****,*****
11168373,ok,이지선,여,*****,서원대학교(연계),*****,*****,국어교육학,문학교육,한양대학교,박사,,*****
11168472,ok,임태훈,남,1979,성균관대학교(연계),부교수,재직,문학비평(국문학),현대문학/ 미디어 문화 연구,성균관대학교,박사,林泰勳,"LIM, TAEHUN"
11168602,ok,유성희,여,*****,경희대학교,,*****,,,,,*****,
11169059,ok,강범일,남,1981,연세대학교 언어정보연구원,연구교수,재직,전산언어학,전산언어학,연세대학교,박사,姜範一,Kang Beomil
11169286,ok,김현화,여,1968,충남대학교,강사,재직,고전산문,고전소설,충남대학교,박사,金鉉花,KIM HYUNHWA
11169342,ok,박미란,여,*****,공군사관학교,*****,*****,현대희곡(국문학),"현대연극, 영상문학",서울대학교,박사,*****,*****
11169630,ok,정성인,남,1982,동국대학교,강사,재직,고전산문,한문서사,동국대학교,석사,鄭盛仁,Jeong seong in
11170365,ok,김동명,여,1960,부산대학교,강사,재직,문학비평(국문학),현대시,국립부경대학교,박사,金東明,Kim dong meong
11170444,ok,문영은,여,1986,국립한글박물관,공무원,재직,국어교육학,문법교육,이화여자대학교,박사수료,文英恩,MOON Young-Eun
11170878,ok,양수경,여,1972,서울대학교,강사,재직,사회언어학,"문화간의사소통, 언어접촉",서울대학교,박사,,Yang Soo-kyung
11171553,ok,신하영,여,*****,국립한글박물관,*****,*****,국어사,음운사,경북대학교,박사,*****,*****
11171781,ok,김윤주,여,1981,성균관대학교 동양철학ㆍ문화연구소,강사,미취업,기타미학/예술학,동양미학,성균관대학교,박사,金允珠,kim yun ju
11171980,ok,이광욱,남,1983,건국대학교,조교수,재직,현대희곡(국문학),일제강점기 연극 영화 비평 / 극장문화 / 한국희곡 /텔레비전드라마,서울대학교,박사,李侊昱,Lee Kwang ouk
11172240,ok,김용선,남,1981,선문대학교,강사,재직,구비문학(국문학),"설화, 고소설, 야담, 고전산문",한양대학교,석사,金容仙,Kim Yong sun
11173422,ok,권기성,남,1985,국립창원대학교(연계),부교수,재직,고전산문,"야담, 학제간 연구",경희대학교,박사,權奇成,"Kwon, Ki-sung"
11173836,ok,박천응,남,1962,,겸임교수,재직,기타인문학,다문화학,인하대학교,박사,朴天應,Park Chun-Ung
11173968,private,,,,,,,,,,,,
11174004,ok,김용하,남,1974,동의대학교(연계),부교수,재직,현대소설(국문학),현대소설,고려대학교,박사,金容河,Kim Yong Ha
11174270,ok,남윤덕,남,1976,부산대학교,강사,재직,한국경학,조선후기 경학,부산대학교,박사,南潤德,Nam Yoon Deok
11174370,ok,NAKAJIMAHIROMI,여,1962,선문대학교,계약교수,재직,문자론(국어학),고대국어 차자표기,선문대학교,박사,中嶋弘美,
11174553,ok,이지민,여,1985,고려대학교,,미취업,중국고전문학,고전시,고려대학교,석사,李知珉,LEE JIMIN
11174605,private,,,,,,,,,,,,
11174606,ok,김우중,남,1981,경희대학교,강사,재직,구비문학(국문학),서사무가,경희대학교,석사,金宇中,Kim WooJoong
11174785,ok,류화정,여,1986,부산대학교,강사,재직,한문비평,한시 비평,부산대학교,박사,柳和廷,RYU HWA JEONG
11175078,ok,이아름,여,1987,고려대학교,초빙교수,재직,한국어교육학,한국어문화교육학,고려대학교,박사,,"Lee, Ahreum"
11175176,ok,김은경,여,1970,동국대학교(대학별),조교수,재직,유아교육,유아심리,동국대학교,박사,金銀慶,"KIM, EUN KYUNG"
11175371,ok,이지수,여,1982,숙명여자대학교,조교수,재직,정보공학,"정보 이용 및 서비스, 디지털 인문학",University of North Texas,박사,,Jisu Lee
11175596,ok,임택균,남,1980,동국대학교(대학별),부교수,재직,국어교육학,국어교육,한국교원대학교,박사,任澤均,YIM TAEK KYUN
11175759,ok,최주희,여,1975,성균관대학교,초빙교수,재직,한국어교육학,언어 기능,서울대학교,박사,崔朱希,Choi Jue Hee
11175762,ok,이지훈,남,1979,서울대학교,조교,재직,현대소설(국문학),개화기 소설 및 근대 초기 소설 일반,서울대학교,박사,李知訓,"Lee,jihoon"
11176260,ok,이수진,여,1986,경북대학교,강사,재직,국어정보학,말뭉치언어학,경북대학교,박사,,Lee Soojin
11176354,ok,전두리,여,1983,동국대학교,대학원생,미취업,국어교육학,국어교육,동국대학교,박사,全두리,JeonDooRi
11176396,ok,신효련,여,*****,연세대학교,*****,*****,,,,,*****,*****
11177032,ok,강성우,남,*****,충남대학교(연계),*****,*****,국제관계사(역사학),한일관계사,Univ. of Oxford,박사,*****,*****
11177052,ok,최석화,여,1962,가천대학교,강사,재직,현대시(국문학),현대문학 시 전공,중앙대학교,박사,崔石花,Choi seok hwa
11177063,ok,김효은,여,*****,고려대학교,*****,*****,한국어와문학,한국어문화교육,고려대학교,박사수료,*****,*****
11177461,ok,이재은,여,*****,성균관대학교,*****,*****,현대시(국문학),현대시론,성균관대학교,박사,*****,*****
11177670,ok,김혜영,여,1961,Duke University,,재직,,,,,,Hae-Young Kim
11177827,private,,,,,,,,,,,,
11178479,ok,이주희,여,1967,중원대학교(연계),부교수,재직,한문산문,한국학 고전소설,성신여자대학교,박사,李周禧,Lee Joo Heui
11178992,ok,김주환,남,1964,국립경국대학교(연계),교수,재직,국어교육,"국어교육(독서, 작문, 화법)",고려대학교,박사,,"Kim, Joo Hwan"
11179259,ok,신정아,여,1972,한국외국어대학교,강사,재직,학제간연구,문화콘텐츠학. 뉴미디어 비평. 영상콘텐츠 기획 및 제작,한국외국어대학교,박사,辛貞娥,Shin Jung Ah
11179261,ok,오보라,여,1983,계명대학교(연계),조교수,재직,한문학,"조선후기 한문학(한문산문,한문비평)",고려대학교,박사,吳보라,OH BO RA
11179362,ok,정보미,여,1987,서울대학교(연계),조교수,재직,국어교육,고전산문교육,서울대학교,박사,鄭寶美,Bomi Jeong
11179650,ok,전훈지,여,1983,한경국립대학교,강사,재직,현대소설(국문학),한국현대문학,고려대학교,박사,全勳智,Jun Hoonjee
11179681,ok,최어진,여,1986,명지대학교(연계),조교수,재직,고전산문,고전소설,서울대학교,박사,,
11180051,ok,김태희,여,1987,원광대학교 인문학연구소,연구교수,재직,현대희곡(국문학),현대희곡,고려대학교,박사,金兌姬,Kim Taehee
11180217,ok,김태우,남,*****,부산대학교(연계),*****,*****,국어사,문법사,서울대학교,박사,*****,*****
11180601,ok,하지혜,여,*****,서경대학교(연계),*****,*****,한국어교육학,한국어교육,이화여자대학교,박사,,*****
11180790,ok,이원진,여,1979,성균관대학교 동아시아미래가치연구소,책임연구원,재직,동양철학일반,한국철학,성균관대학교,박사,李圓珍,Lee Won Jean
11181137,private,,,,,,,,,,,,
11181617,ok,손증상,여,1980,춘천교육대학교,강사,재직,희곡,아동극,경북대학교,박사,孫曾相,Son JeungSang
11181634,ok,박상은,여,1985,한국과학기술원,기타,재직,현대희곡(국문학),현대희곡,서울대학교,박사,朴相銀,Park Sang-Eun
11181695,ok,김동희,여,*****,고려대학교,*****,*****,현대시(국문학),현대문학,고려대학교,박사,*****,*****
11182181,ok,윤지현,여,1983,,기타,미취업,언어이론,음성학,上智大學,박사,,
11182489,ok,홍현영,여,1982,성균관대학교,강사,재직,현대시(국문학),현대문학 현대시,성균관대학교,박사,洪見怜,Hong Hyun-young
11182779,ok,김영윤,남,1976,한국교통대학교(연계),부교수,재직,제품/제품정보디자인,Art & Design,Univ. of Salford,박사,金榮潤,Kim Young yun
11182897,ok,박종용,남,1960,전북대학교 이재연구소,전임연구원,재직,한국유가철학,퇴계철학,성균관대학교,박사,朴鐘龍,Park Jong Yong
11183472,ok,위수지,여,*****,서강대학교,*****,*****,현대소설(국문학),현대소설,서강대학교,석사,*****,*****
11184197,private,,,,,,,,,,,,
11185241,ok,이난숙,여,1963,강원대학교,연구교수,재직,동양철학일반,유가철학/한국철학,강원대학교,박사,李蘭淑,"Lee, Nan-Sook"
11185860,ok,이재정,여,1977,계명대학교,기타,퇴직,기타러시아문학,구비문학,Institute of Russian Literature(Pushkinskij Dom) Academy of Sciences of Russia,박사,李在貞,Lee Jae Jung
11186192,ok,이현중,남,1981,국립군산대학교(연계),부교수,재직,영화이론,"스토리텔링 이론, 영화 서사",한양대학교,박사,,
11186910,ok,박상택,남,1973,한림대학교,강사,재직,몽골어문학,"(현대몽골어: 몽골어 문법, 형태론, 통사론, 의미론)",단국대학교,박사,朴商澤,Park Sang-Taek
11187301,private,,,,,,,,,,,,
11187316,private,,,,,,,,,,,,
11187733,ok,김수진,여,1988,순천향대학교,강사,재직,화용론(국어학),"화용론, 대화분석, 담화분석",동국대학교,박사,金秀珍,Su-Jin KIM
11188593,ok,김정현,남,1979,부산가톨릭대학교(연계),조교수,재직,현대시(국문학),국어국문학과 현대문학 현대시 전공,서울대학교,박사,,"Kim, Jung-Hyun"
11188620,ok,권철호,남,1982,국립한국문학관,선임연구원,재직,현대소설(국문학),현대소설,서울대학교,박사수료,權喆浩,Kwon Cheolho
11189007,ok,정환희,남,1990,서원대학교(연계),조교수,재직,유교윤리학,성리학 및 도덕교육,서울대학교,박사,,Jeong Hwanhui
11193289,ok,이정훈,여,*****,전북대학교,*****,*****,구비문학(국문학),고전문학(설화),전북대학교,박사,*****,*****
11193324,ok,신동옥,남,*****,국립목포대학교(연계),*****,*****,현대시(국문학),현대시,한양대학교,박사,*****,*****
11194182,ok,양훈식,남,1971,남서울대학교,강사,재직,한시,고전문학,숭실대학교,박사,梁勳植,YANGHOONSHIK
11195075,ok,김주영,남,1975,고려대학교,강사,미취업,국어교육학,국어교육,고려대학교,박사,金周泳,"Kim, Joo-Young"
11196163,ok,백소영,여,1962,배재대학교,조교수,퇴직,국어학,국어학,충남대학교,박사,,SOYOUNG PAIK
11196187,ok,유불란,남,1975,한국방송통신대학교(대학별),조교수,재직,일본사상,일본학/일본정치사상사,東京大,박사,,Bulran You
11196237,ok,김미영,여,1978,전북대학교,강사,재직,소설,현대소설 연구,전북대학교,박사,金美榮,kim mi young
11196255,ok,강명주,여,1990,남서울대학교,강사,재직,구비문학(국문학),고전문학,중앙대학교,박사,姜明珠,kang-myungju
11196339,ok,김명훈,남,*****,한국교원대학교(연계),*****,*****,현대소설(국문학),한국현대소설,서울대학교,박사,*****,*****
11196703,private,,,,,,,,,,,,
11196798,ok,이혜은,여,1970,숙명여자대학교,교수,재직,서지학,기록관리학,숙명여자대학교,박사,李惠銀,Hye-Eun Lee
11196817,private,,,,,,,,,,,,
11197188,ok,정난영,여,*****,동국대학교,*****,*****,산문,한문학,동국대학교,박사,*****,*****
11197245,ok,홍석경,여,1963,서울대학교(연계),교수,재직,문화이론/대중문화론,"영상문화, 영상방법론",Univ. de Grenoble III (Univ. Stendhal),박사,洪錫敬,HONG Seok-Kyeong
11197347,ok,권은지,여,*****,고려대학교 국제한국언어문화연구소,*****,*****,한문학,"한문산문, 한시",고려대학교,박사,*****,*****
11197351,ok,김윤주,여,1970,한성대학교(연계),부교수,재직,한국어교육학,"교육과정,교재개발,다문화교육",고려대학교,박사,金潤珠,Kim Yoon Joo
11197420,ok,유영혜,여,1980,이화여자대학교,,미취업,한시,한시,이화여자대학교,박사수료,劉永惠,
11197422,ok,김효연,여,*****,,*****,*****,국어교육학,문법교육,동국대학교,박사,*****,*****
11197694,ok,조영심,여,1988,연세대학교,대학원생,미취업,한문산문,한문산문,연세대학교,석사,曺永心,Youngsim Cho
11197720,ok,박혜성,여,1987,선문대학교,강사,재직,고전산문,고전소설,이화여자대학교,석사,朴惠晟,Park Hye Sung
11198284,ok,성아영,여,1986,경희대학교,강사,재직,한국어교육학,한국어교육,경희대학교,박사,成娥英,Ahyoung Sung
11198309,ok,김해연,여,1961,경남대학교,강사,재직,문학이론,현대소설,경남대학교,박사,金海燕,Kim Hae Yeon
11198848,ok,서은영,여,1982,경북대학교,강사,재직,의미론(국어학),말뭉치언어학,경북대학교,박사수료,徐恩英,seo eun young
11199039,ok,홍주영,남,1976,공군사관학교,부교수,재직,현대소설(국문학),"한국현대작가론, 전쟁문학, 종교와 문학",서울대학교,박사,洪柱永,HONG JU YOUNG
11199262,ok,이행미,여,*****,숙명여자대학교 인문학 연구소,*****,*****,현대소설(국문학),현대소설,서울대학교,박사,*****,*****
11199515,ok,박규리,여,1960,동국대학교,겸임교수,재직,선학,응용선학,동국대학교,박사,朴奎俚,PARK KYURI
11199738,ok,나정연,여,1978,동서울대학교,강사,재직,국어교육학,국어교육,고려대학교,박사수료,,
11200240,ok,배재원,여,1967,이화여자대학교,계약교수,재직,기타인문학,한국학(한국문화),이화여자대학교,박사,裵才媛,"Bae, Jae Won"
11200244,ok,장정은,남,1974,이화여자대학교,부교수,퇴직,목회상담학,정신분석상담과 종교,Drew University,박사,張正恩,Jung Eun Jang
11200342,ok,송미진,여,1981,경운대학교(대학별),조교수,재직,문학교육,"국어교육, 문학교육",고려대학교,박사,,Song MiJin
11200506,ok,고진아,여,1982,이화여자대학교,,미취업,,,,,高辰娥,Koh Jinah
11200712,ok,주영숙,여,1949,경기대학교,강사,재직,현대시(국문학),현대시,경기대학교(서울),박사,朱 英 淑,"Ju, Young-Sook"
11200737,ok,이해진,여,1988,경희대학교 인문학연구원,HK연구교수,재직,고전산문,"고전소설, 판소리",서강대학교,박사,李𡗼眞,Haejin Lee
11200738,ok,윤지아,여,1988,충북대학교,강사,재직,고전시가,고전시가,고려대학교,박사,尹枝芽,Yoon Jia
11201161,ok,김미경,여,1963,경희대학교,강사,재직,사회사/역사사회학,"기억, 인권, 화해, 평화",The University of Georgia,박사,金美景,Kim Mikyoung
11202219,ok,손평효,남,1967,부산대학교,강사,재직,형태론(국어학),어휘형태론,부산대학교,박사,孫平孝,Son Pyeong-hyo
11202262,ok,이지영,여,1971,이화여자대학교,강사,재직,서양철학일반,"서양 근대 철학, 사회 철학, 스피노자",이화여자대학교,박사,李志英,lee ji young
11202314,ok,김순섭,여,1966,숙명여자대학교,강사,재직,기타미술,동양화,성균관대학교 동양철학ㆍ문화연구소,박사,金錞燮,"kim, soonseob"
11202323,ok,최승은,여,1977,인하대학교,연구교수,재직,사회과학교육,다문화교육,인하대학교,박사,崔承恩,"Choi, Seungeun"
11202525,ok,윤미란,여,1977,인하대학교 한국학연구소,전임연구원,퇴직,현대소설(국문학),일제하 현대소설연구,인하대학교,박사,尹美爛,"Yun, Miran"
11202861,ok,배지연,여,1971,경북대학교,강사,재직,현대소설(국문학),서사 연구,경북대학교,박사,裵枝連,BAE JI YEON
11203108,ok,전연우,여,*****,영진사이버대학교(대학별),*****,*****,,,,,*****,*****
11203209,private,,,,,,,,,,,,
11203504,ok,김영임,여,1970,경희대학교,강사,재직,한국어와문학,한국현대문학,경희대학교,박사,金英任,Kim Young Im
11204042,ok,구모경,여,1976,한국연구재단,강사,재직,현대희곡(국문학),"근현대 희곡, 연극, 영화",건국대학교,박사,具糢炅,Ku Mo Kyoung
11208887,ok,최현수,남,*****,건양대학교,*****,*****,,,,,*****,*****
11209282,ok,김혜민,여,1989,서울대학교 언어교육원,,재직,한국어교육학,한국어교육학,,,金慧民,"Kim, Hyemin"
11209689,private,,,,,,,,,,,,
11209690,ok,김창영,남,*****,고려대학교,*****,,,,충남대학교,석사,*****,*****
11212166,ok,오예승,여,*****,한국예술종합학교,*****,*****,작곡,작곡,"Univ. of California, Los Angeles",박사,*****,*****
11213537,ok,송원규,남,1978,건국대학교,강사,재직,정치경제학,농식품경제학,건국대학교 GLOCAL(글로컬)캠퍼스,박사,宋元揆,Song Wonkyu
11213796,ok,석승혜,여,1972,강원대학교 사회통합연구센터,연구교수,재직,사회변동/발전사회학,사회학,이화여자대학교,박사,,Seok SeungHye
11213911,ok,박세현,남,*****,세종대학교,*****,*****,,,,,,*****
11214635,ok,조효주,여,*****,국립창원대학교,*****,*****,현대시(국문학),"현대시(민중시, 전후시)",경상국립대학교,박사,*****,*****
11215013,ok,구경아,여,1980,(재) 한국국학진흥원,전임연구원,재직,한시,한국한문학,경상국립대학교,박사,丘京阿,Koo KyoungA
11215967,ok,CHENJIALI,여,1986,울산대학교,강사,재직,통사론(언어학),통사론,울산대학교,박사수료,陳佳莉,진가리
11215970,ok,김정현,여,1974,서강대학교,강사,재직,현대시(국문학),현대시,서강대학교,박사,金貞賢,Kim Jung Hyun
11216359,ok,오현석,남,1982,부산대학교(연계),조교수,재직,현대소설(국문학),현대소설,부산대학교,박사,吳賢錫,OH HYOUN SUK
11217224,ok,김령환,남,1981,경북대학교,강사,재직,의미론(국어학),"인지의미론, 인지문법론",경북대학교,박사,金領煥,Kim Ryeong-hwan
11217251,ok,김예니,여,1984,경북대학교,강사,재직,국어사,어휘사,경북대학교,박사수료,金예니,Kim Yeni
11218057,ok,EYCHENNEJULIEN,남,1980,한국외국어대학교,교수,재직,음운론(언어학),"Corpus Linguistics, Phonetics, Phonology, French",Univ. de Toulouse II (Univ. de Toulouse - le - Mirail),박사,,EYCHENNEJULIEN
11218359,ok,정성훈,남,*****,경북대학교(연계),*****,*****,응용언어학,국어정보학,서울대학교,박사,*****,*****
11219022,ok,문유미,여,*****,전남대학교(연계),*****,*****,통사론(중국어학),통사의미론,復旦大學,박사,*****,*****
11219672,ok,오연옥,여,1974,경성대학교,초빙교수,재직,소설,현대소설,인제대학교,박사,吳連鈺,"Oh, Youn-Ok"
11219870,ok,"Wei, Qun",남,1984,계명대학교(연계),부교수,재직,생체계측,생체계측,경북대학교,박사,,Qun Wei
11219875,ok,최주희,여,1972,,,미취업,,,,,崔周喜,ChoiJuHee
11219876,ok,강혜숙,여,1964,국립공주대학교,강사,미취업,,,국립공주대학교,박사,姜惠淑,kanghyesook
11219962,private,,,,,,,,,,,,
11222843,ok,유인실,여,1962,전북대학교,강사,재직,운문,현대시,전북대학교,박사수료,柳 麟 實,Yu In shil
11222860,ok,심재만,남,1973,고려대학교(연계),교수,재직,의료/복지/사회정책,"행위이론, 문화, 의료, 제도주의",Univ. of Chicago,박사,沈在滿,Jae-Mahn Shim
11223691,ok,오어진,여,*****,제주대학교,,*****,,,,,*****,*****
11225041,ok,최금진,남,1970,한양대학교,강사,재직,현대시(국문학),현대문학,한양대학교,박사,崔金眞,"Choi, Geum-Jin"
11225540,private,,,,,,,,,,,,
11225578,ok,???,남,1971,한국예술종합학교(연계),교수,재직,영상매체/매체기술,영상이론,Goldsmiths  Univ. of London,박사,???,Ha Seung Woo
11225975,private,,,,,,,,,,,,
11226909,private,,,,,,,,,,,,
11227138,private,,,,,,,,,,,,
11227523,ok,임선숙,여,1977,단국대학교(연계),조교수,재직,현대소설(국문학),현대소설,이화여자대학교,박사,,Lim Sun-sook
11230733,ok,이민형,여,1980,한국교육과정평가원,연구원,재직,국어교육,"화법교육, 토론",서울대학교,박사,,LEE MIN HYOUNG
11230808,private,,,,,,,,,,,,
11230876,ok,남윤주,여,*****,한양대학교(연계),*****,*****,심리언어학,신경심리언어학,건국대학교,박사,*****,*****
11231235,ok,김나현,여,1982,충북대학교(연계),조교수,재직,현대시(국문학),1950~1980년대 현대시,연세대학교,박사,金娜賢,Kim Nahyun
11231975,ok,김태호,남,*****,춘천교육대학교(연계),*****,*****,국어교육학,문학교육,한국교원대학교,박사,*****,*****
11233294,ok,김현태,남,1986,홍익대학교(연계),부교수,재직,광전자/전자파,"나노광학, 광섬유 광학",서울대학교,박사,,Hyuntain Kim
11235977,ok,이정원,남,1980,한양대학교,대학원생,재직,,,,,李禎元,lee jung won
11238583,ok,강은순,여,1965,동방문화대학원대학교,대학원생,재직,,,,,姜恩順,kang eunsoon
11240424,ok,강민경,여,1973,한국교육과정평가원,연구위원,재직,국어교육학,"국어교육, 쓰기교육, 매체활용 글쓰기",서울대학교,박사,姜慜京,Kang mingyeong
11241826,ok,이현정,여,1980,인천대학교(연계),부교수,재직,음성학(언어학),"음성학, 음운론",Univ. of Kansas,박사,李賢正,Lee Hyunjung
11243221,ok,김준홍,남,1977,포항공과대학교,대우교수,재직,체질인류학,진화사회과학,University of Washington,박사,金埈弘,"Kim, Junhong"
11247315,ok,조성숙,여,1969,경남대학교,조교수,재직,고전산문,구비문학,경남대학교,박사,趙成淑,CHO SEONGSOOK
11249345,ok,조미희,여,*****,연세대학교,*****,*****,통사론(국어학),"국어사, 말뭉치언어학",연세대학교,석사,*****,*****
11249569,ok,원두희,남,*****,한국교원대학교,*****,*****,,,한국교원대학교,석사,*****,*****
11249730,ok,심재욱,남,1982,강원대학교,강사,재직,현대소설(국문학),대중서사,강원대학교,박사,沈在昱,Sim Jaeuk
11249756,ok,윤정업,남,1979,강원대학교 강릉캠퍼스,강사,재직,기타문학,"문학이론, 만화이론",강원대학교,박사수료,尹政業,Youn Jung-eop
11250963,ok,류병율,남,*****,,*****,*****,의미론(언어학),의미론/문법론,서울대학교,박사,*****,*****
11251689,ok,"Park, Jincheol",남,1974,계명대학교,조교수,재직,베이지안추론,Statistics,Texas A & M Univ.,박사,,Jincheol Park
11251822,ok,곽은희,여,1962,한남대학교,연구교수,재직,기타인문학,언어문화,한남대학교,박사,郭銀姬,kwak Eun Hee
11252948,ok,한소윤,여,1978,원광대학교,강사,재직,서예,한글서예,원광대학교,박사,韓小尹,Han so yun
11255114,ok,박남수,여,1973,삼육대학교,연구교수,재직,교육공학,뉴미디어기반교육,이화여자대학교,박사,,"Namsu, Park"
11256645,ok,한상효,남,1986,한국외국어대학교,강사,재직,구비문학(국문학),구비문학,건국대학교,박사,韓相曉,Han sanghyo
11259441,ok,안재린,여,1987,한국조지메이슨대학교,조교수,재직,교수이론/교육방법/교수법,World language education,University of Wisconsin - Madison,박사,,Jaerin Ahn
11262444,private,,,,,,,,,,,,
11264641,private,,,,,,,,,,,,
11264938,ok,차익종,남,1961,서울대학교,강의교수,재직,음운론(국어학),"음성학, 음운론, 국어사",서울대학교,박사,車益宗,"Cha, Ik Jong"
11271497,ok,이민경,여,1982,부산대학교,대학원생,미취업,한문산문,조선전기 한문산문,부산대학교,박사수료,李珉景,LEE MIN KYUNG
11272737,ok,윤종선,여,1975,고려대학교,연구교수,재직,고전산문,고전문학과 콘텐츠 개발,고려대학교,박사,尹鍾善,"Yun, Jong-sun"
11272932,ok,김명철,남,1963,소속없음,기타,미취업,문학교육,현대시,고려대학교,박사,金明哲,"Kim, Myung-Cheol"
11274455,ok,성지연,여,1975,고려대학교,강사,재직,응용국어학,외국어로서의 한국어교육,고려대학교,박사,成知連,Sung JiYeon
11274650,ok,조세훈,남,1970,전북대학교,강사,퇴직,문화인류학,문화인류학,전북대학교,박사,曺勢勳,"CHO, SEIHUN"
11278013,ok,유지원,여,1963,고려대학교,강사,재직,중국시,중국고전문학,고려대학교,박사,柳知源,"YOO,JIWON"
11281844,private,,,,,,,,,,,,
11282055,ok,한남기,남,1988,東京大学,연구원,재직,자연언어처리,자연언어처리,総合研究大学院大学,박사,,Namgi Han
11282554,private,,,,,,,,,,,,
11282669,ok,김영성,여,1978,University of Bucharest,객원교수,재직,문예창작,문예창작(비평),한남대학교,박사,金榮成,Kim Young-Sung
11283043,ok,문신,남,1974,우석대학교(대학별),부교수,재직,문학교육,현대시교육,전북대학교,박사,,"Moon, Shin"
11283097,ok,박신명,여,1987,영남대학교,,미취업,,,,,,
11283405,ok,김서윤,여,1980,경상국립대학교(연계),부교수,재직,국어교육,고전산문교육,서울대학교,박사,金瑞允,
11283414,ok,엄선용,남,1967,한국교원대학교,겸임교수,재직,한문교육,"한문교육, 한문수업비평, 한문독해",한국교원대학교,박사,嚴璿鎔,"EUM, SUNYONG"
11283512,ok,박현선,여,1990,호서대학교,대학원생,재직,,,,,,PARK HYUNSUN
11283899,private,,,,,,,,,,,,
11285079,ok,최혜령,여,1969,영남대학교,강사,퇴직,문학교육,스토리텔링,영남대학교,박사,崔혜령,choi hye ryeong
11286367,ok,윤정화,여,1966,한양대학교,강사,재직,국어교육학,한국어교육,한양대학교,박사,尹正和,Youn Junghwa
11286620,ok,조영미,여,1974,동국대학교,강사,재직,교수이론/교육방법/교수법,한국어교육,가톨릭대학교,박사,趙 英 美,Young Mi Cho
11287330,ok,김재영,여,1967,중앙대학교,강사,재직,문예창작,문학창작,중앙대학교,박사,金在瑩,kim jae young
11287380,ok,배희정,여,1984,한국교원대학교,대학원생,재직,,,,,裵熹婷,Bae Hee Jeong
11288102,ok,유진현,여,1988,경인교육대학교,강사,재직,국어교육학,현대문학교육,이화여자대학교,박사,兪眞賢,YUJINHYUN
11288390,ok,명정희,여,1988,동국대학교(대학별),조교수,재직,의미론(국어학),의미론,서강대학교,박사,明廷姬,myeongjeonghee
11288414,ok,이하얀,여,1989,서강대학교,대학원생,미취업,음운론(언어학),통시 음운론,서강대학교,석사,李하얀,Hayan Lee
11289043,ok,최재수,남,1985,Rice Univ.,강의교수,재직,응용언어학,"교수법, 평가",Indiana University at Bloomington,박사,崔材洙,Jaesu Choi
11289056,ok,김강원,여,*****,중앙대학교,*****,*****,영상문학,TV 드라마,중앙대학교,박사,*****,*****
11289068,ok,이정현,여,*****,선문대학교,*****,*****,응용국어학,한국어교육학,한국외국어대학교,박사,*****,*****
11291201,ok,조순자,여,1971,중앙대학교,강사,재직,한국음악이론/분석,한국음악이론,중앙대학교,박사,趙順子,"Jo, Sun-ja"
11291831,ok,공현진,여,1987,중앙대학교,강사,재직,현대시(국문학),현대시(현대문학),중앙대학교,박사,孔賢珍,"Kong, Hyun Jin"
11292858,ok,고예진,여,1979,부산대학교,,미취업,,,,,고예진,KO YEJIN
11294949,ok,곽형덕,남,1978,명지대학교(연계),부교수,재직,일본근현대문학,"일본근현대문학, 일본어문학, 비서구세계문학",waseda university,박사,,"Kwak, HyoungDuck"
11294953,ok,강관진,남,1953,중앙대학교,강사,재직,고전시가,시조,중앙대학교,박사,姜錧振,"KANG, Kwan-Jin"
11294985,ok,최정아,여,1979,경희대학교,강사,재직,현대소설(국문학),현대소설,서울대학교,박사,崔晶哦,Choi Jung A
11295366,private,,,,,,,,,,,,
11296530,ok,조환문,남,1974,,대학원생,퇴직,한문교육,한문교육,한국교원대학교,석사,曺煥文,Jo Hwan-moon
11296671,private,,,,,,,,,,,,
11297232,ok,전지은,여,1982,한양대학교,강사,재직,현대소설(국문학),현대소설,한양대학교,박사,全智慇,Jeon Ji-eun
11297372,ok,한길로,남,1985,吉林大學,부교수,재직,한문비평,근대한문학,동국대학교,박사,韓吉路,"Han, GilRo"
11297381,ok,조미희,여,1973,한양대학교,강사,재직,현대소설(국문학),현대문학,한양대학교,박사,趙美姬,"Jo, Mi- Hee"
11297630,private,,,,,,,,,,,,
11297849,ok,강혜정,여,1970,고려대학교,연구교수,재직,고전시가,고전시가의 영어 번역,고려대학교,박사,姜惠貞,Kang Hyejung
11297851,ok,장용수,남,1967,소속없음,기타,미취업,국어교육학,한국어교육,전북대학교,박사,張龍洙,Jang  Yong Su
11297876,ok,김혜원,여,1961,명지대학교(서울캠퍼스) 한국이미지언어연구소,연구교수,재직,현대시(국문학),"현대시(박사), 순수사진(석사)",전북대학교,박사,金惠苑,Kim Hye-won
11298794,ok,한주희,여,1975,강원대학교,강사,재직,통사론(국어학),통사의미론,충남대학교,박사,,Han juhee
11299833,ok,이애진,여,1976,국민대학교,연구교수,재직,특수교육,교육심리상담 및 특수교육,국민대학교,박사,李愛眞,Lee Ae Jin
11300013,ok,변진섭,남,1969,세명대학교,강사,미취업,기타예술일반,한국전통예술,경기대학교(서울),박사,卞診燮,Byeon Jinsup
11300141,ok,홍진석,남,1983,대구대학교,대학원생,미취업,현대소설(국문학),현대소설,,,洪眞石,"Hong, jinseok"
11300557,ok,유소영,여,1967,단국대학교,초빙교수,재직,,,단국대학교,박사,劉素瑛,"Yoo, Soyoung"
11301745,ok,이지원,여,1968,충북대학교,초빙교수,재직,현대시(국문학),현대문학 현대시,충북대학교,박사,李知垣,"Ji-won,Lee"
11301927,ok,김선영,여,1985,연세대학교,강사,재직,한국어와문학,한국어 교육,연세대학교,박사,,Kim Sunyoung
11301998,ok,배진솔,남,1991,,,,국어사,문법사,,,,
11303023,ok,김미선,여,1972,충북대학교,강사,미취업,현대시(국문학),한국현대시,충북대학교,박사,金美善,"Kim, Mi-sun"
11303730,ok,정원숙,여,1961,강원대학교,강사,미취업,운문,시,강원대학교,석사,鄭元淑,JUNG WONSUK
11304025,ok,박초롱,여,1985,한양대학교,조교,재직,,,한양대학교,석사,朴초롱,PARK CHORONG
11304230,ok,도지인,여,1977,건국대학교 인문학연구원,HK교수,재직,북한정치/통일,북한학,북한대학원대학교,박사,都智仁,Jein Do
11304489,ok,박나영,여,1986,서울대학교,강사,재직,음운론(언어학),"음운론 (변이, 음소배열제약)",서울대학교,박사,朴那榮,"Park, Nayoung"
11304504,ok,김보영,여,1984,명지대학교(연계),,재직,한국어교육학,한국어교육,연세대학교,박사,,
11304784,private,,,,,,,,,,,,
11305008,ok,김성중,남,1970,계명대학교(연계),부교수,재직,한문교육,한문교육,中國人民大學,박사,金聖中,"Kim, Sung Joong"
11305101,ok,이철송,남,1960,국립목포대학교,강사,재직,문예창작,현대시,명지대학교(서울캠퍼스),박사,李澈松,Lee Chel Song
11305102,ok,김보람,여,*****,서울대학교 규장각한국학연구원,*****,*****,조선후기사,"젠더사, 여성사, 지성사, 가족·친족관계사",서울대학교,박사,,*****
11305174,ok,신연수,여,1990,이화여자대학교,대학원생,재직,국어사,문법사(통사론),이화여자대학교,석사,申然琇,Shin Yeonsoo
11305235,ok,권혜린,여,1986,한경국립대학교,강사,미취업,소설,현대소설,이화여자대학교,박사,權蕙麟,"KWON, HYE LIN"
11305273,ok,김미경,여,*****,서울대학교,*****,*****,역사/비교언어학,국어사,서울대학교,박사,*****,*****
11305546,ok,김지훈,남,1981,단국대학교,조교수,퇴직,문예창작,시창작,단국대학교,박사,,KIM JI HUN
11305689,private,,,,,,,,,,,,
11306030,ok,송금숙,여,1973,고려대학교,,재직,,,,,宋錦淑,Song Keumsook
11306163,ok,박종후,남,1978,獨協大學,부교수,재직,통사론(국어학),현대한국어 의미통사론,연세대학교,박사,朴鍾厚,PARK JONGHOO
11306193,private,,,,,,,,,,,,
11306233,ok,김유미,여,1970,세종과학고등학교,공무원,재직,국어교육학,독서교육,서울대학교,박사,金裕美,kim You mi
11306370,ok,서담원,남,1989,성균관대학교 대동문화연구원,선임연구원,재직,한문학,한문학,성균관대학교,박사,徐淡源,Seodamwon
11307296,private,,,,,,,,,,,,
11307394,private,,,,,,,,,,,,
11307447,ok,류명환,남,1970,부산대학교,강사,재직,역사지리,고지도 및 지리서,부산대학교,박사,柳明桓,Ryu Myung Hwan
11307485,private,,,,,,,,,,,,
11307761,ok,강수정,여,*****,한국외국어대학교,*****,*****,한국어와문학,외국어로서의 한국어교육,이화여자대학교,박사,*****,*****
11308830,ok,이주현,여,*****,한국과학기술원,*****,*****,통사론(국어학),통사론(국어사),연세대학교,박사,,*****
11308833,ok,박소영,여,1988,국립한밭대학교,강사,재직,국문학사,고전문학 한문학,이화여자대학교,박사,朴小暎,PARK SOYOUNG
11309090,private,,,,,,,,,,,,
11309147,ok,김승남,여,1984,국립부경대학교,대학원생,미취업,,,,,金承男,kim seung nam
11309447,ok,손혜진,여,1985,대진대학교(연계),조교수,재직,한국어교육학,한국어문화교육학,고려대학교,박사,孫慧眞,Son Hye Jin
11309488,ok,송치혁,남,1984,세종대학교,초빙교수,재직,영상문학,현대극문학,고려대학교,박사,宋致赫,Song Chi Hyuk
11310596,ok,유민애,여,1983,서울대학교,연구원,재직,,,서울대학교,박사,劉旼愛,Yu Minae
11310628,ok,서보영,여,*****,계명대학교동산의료원,*****,*****,국어교육학,(한)국어교육,서울대학교,박사,*****,*****
11310681,ok,김수경,여,1988,성균관대학교,대학원생,미취업,현대소설(국문학),계몽기 산문 연구,성균관대학교,석사,金秀庚,Kim Sookyung
11310817,ok,최수빈,여,1976,중앙대학교(연계),부교수,재직,서양음악이론/분석,기타예술체육(한국음악),중앙대학교,박사,崔手賓,Suvin Choi
11310899,ok,이성준,남,1983,서울대학교 국어교육연구소,선임연구원,재직,한국어교육학,표현교육,서울대학교,박사,李聖俊,LEE SUNGJUN
11311152,ok,이혜경,여,1986,경남대학교,강의교수,재직,고전시가,시조,계명대학교,박사,李慧炅,Lee Hye Gyoung
11312939,ok,이영호,남,1984,동국대학교 유라시아 실크로드 연구소,전임연구원,재직,일본근현대문학,재일코리안 문학・문화,고려대학교,박사,李榮鎬,LEE YOUNGHO
11312953,private,,,,,,,,,,,,
11313045,ok,도재학,남,1984,경기대학교(연계),부교수,재직,의미론(국어학),의미론,고려대학교,박사,,Do Jaehak
11313159,ok,송인성,남,*****,상명대학교(연계),*****,*****,음운론(언어학),음성 음운,고려대학교,박사,*****,
11313879,ok,안수민,여,*****,연세대학교,*****,*****,,,,,*****,*****
11313890,ok,최서윤,여,*****,광주과학기술원(연계),*****,*****,,,연세대학교,박사,*****,*****
11313953,private,,,,,,,,,,,,
11313996,ok,이란,여,1971,숭실사이버대학교,기타,재직,국어교육학,문학 및 미디어 교육,성균관대학교,박사,李蘭,Ran Lee
11314015,private,,,,,,,,,,,,
11314138,ok,김대범,남,1983,한양대학교,강사,재직,기타인문학,"고전문학과 문화콘텐츠, 문화콘텐츠 창작소재, 문화콘텐츠 스토리텔링",한양대학교,박사,金大凡,kim dae beom
11314705,ok,송소라,여,*****,고려대학교,*****,*****,구비문학(국문학),"고전서사, 판소리",고려대학교,박사,*****,*****
11315665,private,,,,,,,,,,,,
11315856,ok,정은혜,여,1990,이화여자대학교,강사,재직,과학기술과문학,융합콘텐츠 영상미디어 전공,이화여자대학교,박사,鄭恩惠,Chung Eunhye
11315932,private,,,,,,,,,,,,
11316006,ok,전설련,여,1987,경북대학교,강사,재직,,,,,全雪莲,quanxuelian
11316431,ok,김명주,여,1989,국립국어원,대학원생,미취업,음운론(언어학),"음운론, 국어사",경북대학교,석사,金眀妵,Kim Myeong-ju
11316730,ok,성기호,남,1990,연세대학교,대학원생,미취업,의료/복지/사회정책,의료사회학,연세대학교,석사,成耆豪,"Sung, Kiho"
11317367,ok,이수은,여,*****,경북대학교,*****,*****,현대희곡(국문학),비교연구,경북대학교,석사,*****,*****
11317554,ok,김혜진,여,1982,서울대학교,대학원생,재직,,,,,金惠眞,KIM HYEJIN
11317573,ok,김성은,여,*****,동국대학교,*****,*****,현대소설(국문학),현대소설,경북대학교,석사,*****,*****
11317627,ok,민희,여,1978,부산대학교(연계),부교수,재직,정치외교학,비교정치,경희대학교,박사,閔姬,
11317683,ok,김명훈,남,1986,서울대학교,,재직,,,,,,
11318009,ok,김금희,여,1963,인하대학교,대학원생,미취업,기타교육학,다문화교육,,,金今姬,kimgumhee
11318871,ok,홍성희,여,*****,연세대학교 비교사회문화연구소,*****,*****,문학비평(국문학),"근현대 및 동시대 비평, 근현대 문학사",연세대학교,박사,*****,*****
11319562,ok,이주미,여,1978,아주대학교,강의교수,재직,한국어교육학,한국어문화교육학,고려대학교,박사,李周美,LEE JUMI
11319720,ok,김영미,여,1971,한국외국어대학교,강사,재직,중국고전문학,원산곡,한국외국어대학교,박사,金瑛美,KimYoungMi
11320361,ok,이세연,남,1974,단국대학교,,재직,물리교육,물리교육,단국대학교,박사,李世淵,LEE SEYEON
11320473,ok,장진영,여,1983,성균관대학교,대학원생,미취업,,,,,張眞瑛,Jang Jin Young
11320494,ok,정용건,남,1987,강원대학교(연계),조교수,재직,한문산문,"조선 전기 한문학, 강원 지역학",고려대학교,박사,,Chung Yonggun
11320654,private,,,,,,,,,,,,
11320811,ok,김은주,여,1985,고려대학교,강사,재직,의미론(중국어학),현대중국어어법,고려대학교,박사,金恩珠,KIM EUNJU
11320861,ok,홍지혜,여,1987,성균관대학교,연구원,미취업,현대소설(국문학),"국문학, 문화사, 현대소설, 매체",성균관대학교,박사수료,洪智慧,Hong ji hye
11320884,ok,주향아,여,1986,연세대학교 언어정보연구원,연구원,미취업,통사론(국어학),통사론,연세대학교,박사,周香娥,JU HYANGA
11321184,ok,강문희,여,1985,성균관대학교,대학원생,미취업,,,,,姜文姬,KANG MunHee
11321219,ok,김정운,여,1978,경북대학교 퇴계연구소,HK연구교수,재직,조선후기사,조선시대 사회사,경북대학교,박사,金貞雲,Kim Jeongun
11321228,ok,연윤희,여,1979,단국대학교,강사,미취업,기타국문학,현대문학,동국대학교,박사,延允禧,YEONYUNHUI
11321283,ok,김보광,여,*****,조선대학교,,*****,,,,,*****,*****
11321307,ok,이한영,여,1988,성균관대학교,대학원생,미취업,한문산문,조선시대 한문산문,성균관대학교,석사,李瀚榮,Lee Han Young
11321314,ok,허준행,남,1984,성균관대학교,강사,재직,문학비평(국문학),한국현대시,성균관대학교,박사,許準行,Heo jun haeng
11321318,ok,이현정,여,1980,한국개발연구원국제정책대학원대학교,초빙교수,재직,한국어교육학,한국어교육,연세대학교,박사,李炫姃,Lee Hyun-Jung
11321345,ok,정지연,여,1990,성균관대학교,대학원생,미취업,유교철학,경학,성균관대학교,석사,鄭智娟,Jung Ji Yeon
11321364,ok,ZHOUJUAN,여,1987,성균관대학교,대학원생,미취업,,,,,周娟,ZHOU JUAN
11321372,ok,김강희,여,1989,연세대학교(연계),조교수,재직,한국어교육학,한국어문법론,연세대학교,박사,,Kim Kang-hee
11321391,ok,박순,남,1976,연세대학교 국학연구원,연구교수,재직,한문산문,한문산문 누정기,연세대학교,박사,朴淳,PARK SOON
11321408,ok,박성태,남,1984,성균관대학교 대동문화연구원,전임연구원,재직,현대소설(국문학),현대소설,고려대학교,박사,朴成泰,Park Seong Tae
11321540,private,,,,,,,,,,,,
11321544,ok,이고은,여,*****,연세대학교,*****,*****,고전시가,"시조, 잡가",연세대학교,석사,*****,*****
11321567,ok,황명환,남,*****,경북대학교,*****,*****,고전비평,한문학,경북대학교,박사수료,*****,*****
11321753,ok,박재익,남,1985,연세대학교,대학원생,미취업,현대소설(국문학),현대소설,연세대학교,석사,朴在翊,"Park, Jae-Ik"
11321762,ok,이단비,여,1989,연세대학교,강사,미취업,현대시(국문학),현대시,연세대학교,박사,李단비,DAN BEE LEE
11321776,private,,,,,,,,,,,,
11321889,ok,이로사,여,*****,한국외국어대학교,,*****,,,,,*****,*****
11321919,ok,김소연,여,1991,경북대학교,대학원생,미취업,고전비평,"문학공간, 문학창작공간, 서원, 강(江)",경북대학교,석사,金昭延,
11321983,ok,박미숙,여,1962,선문대학교,연구교수,재직,기타교육학,다문화교육,인하대학교,박사,朴美淑,Park Mi Suk
11321984,ok,신유리,여,*****,서울교육대학교,*****,*****,사회언어학,담화분석,연세대학교,박사,*****,*****
11322074,ok,유백산,남,*****,광주교육대학교(연계),*****,*****,학술/교육정책,아동건강/교육사회학/연구방법론,University of Pittsburgh,박사,*****,*****
11322081,ok,김치호,남,1971,한양대학교(연계),교수,재직,문화예술경영,문화콘텐츠,University of Virginia,석사,,Kenneth Chi Ho Kim
11322589,ok,서세린,남,1987,동국대학교,,미취업,현대소설(국문학),현대소설 및 현대비평,동국대학교,박사,徐세린,Seo Serin
11322722,ok,박봉수,여,1963,인하대학교,연구원,미취업,기타교육학,다문화학과 다문화교육전공,인하대학교,박사,朴,Bong Su Park
11322771,ok,김주선,남,1983,전남대학교,강사,재직,현대소설(국문학),현대문학,조선대학교,박사,金周仙,Kim Ju Seon
11322780,ok,김혜진,여,*****,조선대학교 인문학연구원,*****,*****,현대소설(국문학),현대소설,조선대학교,박사,*****,*****
11322858,ok,박형진,남,1984,성균관대학교,대학원생,미취업,문학비평(국문학),"현대 문학비평, 사상사",성균관대학교 동아시아학술원,박사수료,朴炯振,Park hyung Jin
11322870,private,,,,,,,,,,,,
11322885,ok,전지원,여,1984,부산대학교 점필재연구소,전임연구원,재직,한문산문,한문산문,부산대학교,박사,田至媛,Jeon ji-won
11322944,ok,이문우,여,1988,연세대학교,대학원생,재직,기타국문학,현대문학,연세대학교,박사수료,,Moon-woo LEE
11323023,ok,엄형섭,남,1969,부산대학교,강사,미취업,,,,,嚴亨燮,Eom Hyoungseop
11323056,ok,이용민,남,1979,덕성여자대학교(연계),조교수,재직,교육평가,교육평가,성균관대학교,박사,,
11323101,ok,류재민,여,*****,부산대학교,*****,*****,한시,한시,부산대학교,석사,*****,*****
11323104,ok,TIANZHIYUN,여,1987,경북대학교,대학원생,재직,,,,,,
11323202,private,,,,,,,,,,,,
11323244,ok,유승진,남,1982,연세대학교,연구교수,재직,영상문학,한국영화사,연세대학교,박사,兪承珍,Yu Seungjin
11323329,ok,김효정,여,1967,강원대학교 강원문화연구소,연구교수,재직,한시,한시,단국대학교,박사,金孝貞,"Kim, hyojoung"
11323345,ok,유진희,여,1991,단국대학교 한국고전문학텍스트연구소,연구교수,재직,한시,한시,단국대학교,박사,劉珍熙,yoo jin hee
11323567,ok,유명석,남,1988,단국대학교,연구원,재직,한시,한시,단국대학교,박사,劉明錫,Yoo Myeong seok
11323595,private,,,,,,,,,,,,
11323656,ok,유인태,남,*****,전남대학교(연계),*****,*****,학제간연구,디지털인문학,한국학중앙연구원,박사,*****,*****
11323975,ok,황은하,여,*****,Wellesley College,*****,*****,언어교육,한국어교육,연세대학교,박사,,*****
11324054,ok,최은주,여,*****,(재) 한국국학진흥원,*****,*****,고전비평,한문학,경북대학교,박사,,
11324073,ok,김철희,남,1985,인하대학교,강사,재직,국어교육학,"작문교육, 문법교육",인하대학교,박사,金哲熙,KIM CHULHUI
11324076,private,,,,,,,,,,,,
11324735,ok,CUIHUISHAN,여,*****,鄭州大學,*****,*****,역사/비교언어학,동아시아언어교류,關西大學,박사,*****,*****
11324747,ok,김지인,여,1985,연세대학교,대학원생,미취업,한문산문,한국한문학,연세대학교,박사,金智仁,KIM JIIN
11324980,ok,서성우,남,1980,전남대학교,대학원생,미취업,,,,,徐星宇,"seo, seong-woo"
11325003,ok,강효경,여,1984,서강대학교,대우교수,재직,국어교육학,문법교육,서울대학교,박사,姜孝暻,Kang Hyokyung
11325032,ok,이수진,여,1985,전남대학교 한국어문학연구소,연구교수,재직,국어사,국어사,전남대학교,박사,李秀珍,LEE SUJIN
11325134,ok,제갈덕주,남,*****,대구대학교 다문화사회정책연구소,*****,*****,의미론(국어학),어휘의미론,경북대학교,박사,*****,*****
11325193,ok,정미선,여,1989,전남대학교 인문융합연구원,HK연구교수,재직,현대소설(국문학),현대소설론,전남대학교,박사,鄭美善,Jeong Mi-Seon
11325310,ok,우수영,여,*****,경북대학교,*****,*****,현대소설(국문학),동학소설 연구/한국문화운동,경북대학교,박사,*****,*****
11325337,ok,CUIYINGHUA,여,1982,연세대학교,,미취업,고전산문,문학과 건축,연세대학교,석사,,
11325480,ok,손윤희,여,1991,한국교육개발원,연구위원,재직,기타교육학,교육학일반(교육측정및평가),서울대학교,박사,,Yoonhee Son
11325662,ok,구자준,남,1985,연세대학교,POST-DOC,재직,기타국문학,"현대문학(웹툰, 웹소설, 영상문학)",연세대학교,박사,具滋俊,"Koo, Ja Jun"
11325733,ok,정운형,여,1982,연세대학교,,미취업,,,,,鄭雲炯,Chung Woonhyung
11325789,ok,이철희,남,1989,경북대학교,대학원생,미취업,,,,,李哲熙,LEE CHULHEE
11325879,ok,이서희,여,1989,전남대학교,강사,재직,고전산문,실기문학,전남대학교,박사,李瑞姬,Lee Seohee
11325897,ok,진주,여,1987,전남대학교,대학원생,미취업,,,,,陳周,jin ju
11325902,ok,김준섭,남,1985,한국고전번역원,연구원,재직,,,,,金俊燮,KIM JUN SUB
11326131,ok,이신경,여,1987,성균관대학교,대학원생,미취업,,,,,李信徑,LeeShinkyung
11326255,ok,한혜린,여,1988,연세대학교,강사,재직,현대시(국문학),현대문학,연세대학교,박사,韓惠麟,hyerin Han
11326325,ok,전준현,남,1977,한성대학교(연계),부교수,재직,과학기술과문학,실감미디어 콘텐츠,건국대학교,박사,,Joon Hyun Jeon
11326370,ok,김효동,남,1984,성균관대학교,대학원생,미취업,,,,,金曉東,kim hyo dong
11326600,ok,김경표,남,1975,전남대학교 한국어문학연구소,연구원,재직,음운론(국어학),방언음운,전남대학교,박사,金京杓,Kim Gyoung Pyo
11326627,private,,,,,,,,,,,,
11326633,ok,김영미,여,1967,전남대학교,,미취업,,,,,金永美,Kim Yeongmi
11326794,ok,김영호,남,1980,소속없음,기타,미취업,구비문학(국문학),구비문학,고려대학교,박사,金永鎬,Kim Young Ho
11326828,ok,박은빈,여,1991,전남대학교,연구원,미취업,고전시가,고전시가,전남대학교,박사,朴恩彬,Park eun bin
11326850,ok,정도미,여,1990,전남대학교,연구교수,재직,소설,소설비평,전남대학교,박사,鄭島美,Jeong Do Mi
11327203,ok,최윤경,여,*****,전남대학교,*****,*****,소설,현대문학,전남대학교,박사,,
11327219,ok,조혜화,여,*****,전남대학교,*****,*****,,,,,*****,*****
11327332,ok,조아름,여,1988,전남대학교,,재직,,,,,,
11327467,ok,김수연,여,1988,전남대학교,강사,재직,현대소설(국문학),현대소설론,전남대학교,박사,,"Kim,Su-yeon"
11327616,ok,최진석,남,1986,한국교원대학교 한국근대교육사연구센터,HK연구교수,재직,한국어와문학,현대문학,성균관대학교,박사,崔珍碩,Choi Jinseok
11327758,ok,박재현,여,1977,고려대학교,대학원생,미취업,,,고려대학교,박사수료,朴宰賢,"Park, Jaehyun"
11327808,ok,이현아,여,1986,,,재직,,,서울대학교,석사,,
11328028,ok,이한결,여,*****,연세대학교,,*****,,,연세대학교,석사,*****,*****
11328030,ok,박지민,여,1981,고려대학교,강사,재직,국어교육,한국어문화교육,고려대학교,박사수료,朴志珉,PARK JIMIN
11328727,ok,주재환,남,1981,고려대학교,대학원생,미취업,한국어교육학,한국어문화교육,,,朱宰桓,Ju Jaehwan
11329388,ok,김민지,여,1990,전남대학교,대학원생,미취업,현대시(국문학),현대시(국문학),전남대학교,석사,金敏智,"Kim, Min-ji"
11329684,private,,,,,,,,,,,,
11329934,ok,김미미,여,1982,전남대학교,강사,재직,운문,현대시,전남대학교,박사,金美美,"Kim, Mi-mi"
11331923,ok,진관초,남,*****,國立政治大學,*****,*****,의미론(국어학),의미화용론,연세대학교,박사,*****,*****
11332123,ok,전은주,여,1986,건국대학교 인문학연구원,HK연구교수,재직,현대시(국문학),디아스포라문학,연세대학교,박사,全銀珠,JEON EUNJU
11332127,ok,허찬,남,1979,연세대학교,강사,재직,고전산문,고소설 무성영화,연세대학교,박사,許燦,"Huh, Chan"
11332363,ok,투무르바트 툽신바야,여,1981,남서울대학교(연계),조교수,재직,한국어와문학,,서울시립대학교,석사,,Tumurbat Tuvshinbayar
11333318,ok,PALASUDHIPAUTCHARAYAR,여,*****,Burapha University,*****,*****,언어교육,한국어교육,연세대학교,석사,*****,*****
11334965,ok,공나형,여,*****,연세대학교,*****,*****,응용국어학,의미론/한국어교육,연세대학교,박사,*****,*****
11334970,ok,전계성,남,1982,경북대학교 미주유럽연구소,전임연구원,재직,현대소설(국문학),현대소설,경북대학교,박사,全桂星,Jeon Gye Seong
11335529,ok,권대광,남,1985,국립공주대학교(연계),부교수,재직,고전산문,고소설,국립공주대학교,박사,權大？,KWON DAEKWANG
11336462,ok,유소영,여,*****,南京大學,*****,*****,한국어교육학,국어학(외국어로서의 한국어교육),연세대학교,박사,*****,*****
11336683,ok,CUIMIAOSHI,여,1983,,,재직,,,,,,
11338943,ok,오민석,남,*****,이화여자대학교 중국문화연구소,*****,*****,국어사,국어사,고려대학교,박사,*****,*****
11339602,ok,김하나,여,1986,영남대학교,객원교수,재직,고전시가,고전시가,영남대학교,석사,金하나,Kim Ha-na
11341096,ok,이은지,여,1987,서울대학교,강의교수,재직,현대시(국문학),현대시,서울대학교,박사,李銀池,Eunji Lee
11341163,ok,정진,여,1983,한양대학교,대학원생,재직,한국음악이론/분석,민요,,,鄭珍,JEONG JIN
11342209,ok,류수경,여,1988,한국교육과정평가원,부연구위원,재직,국어교육,"국어교육, 읽기(독서) 교육, 문식성 교육",이화여자대학교,박사,柳手卿,Ryu Sukyeong
11342551,private,,,,,,,,,,,,
11342656,ok,정선희,여,1987,고려대학교,대학원생,재직,구비문학(국문학),"구비문학, 아동문학",고려대학교,박사,鄭仙熹,Jeong Sun-hee
11342914,ok,김민경,여,1986,대진대학교(연계),조교수,재직,한국어와문학,한국어문화교육,고려대학교,박사,金珉京,KIM MINKYUNG
11343037,ok,이정안,여,1985,고려대학교,강사,재직,현대소설(국문학),현대문학,고려대학교,박사,李定按,JUNG-AN LEE
11343129,ok,이도경,여,1988,고려대학교,대학원생,미취업,,,,,李到耿,LEE DO KYUNG
11343230,ok,양윤희,여,1983,고려대학교,,미취업,,,,,,
11343394,ok,최은미,여,1970,,,재직,,,,,,
11343464,ok,정내원,여,1985,고려대학교,대학원생,미취업,한문학,연행록,고려대학교,박사,,
11343529,private,,,,,,,,,,,,
11343637,ok,이미흔,여,1976,고려대학교,,미취업,,,,,李美欣,LEEMIHEUN
11343731,ok,김지현,여,1973,광운대학교,연구교수,재직,고전산문,조선 사행록,한국학중앙연구원,박사,金智鉉,Kim chi hyoun
11343916,private,,,,,,,,,,,,
11343961,ok,강은진,여,1973,고려대학교,연구교수,재직,현대시(국문학),현대문학,고려대학교,박사,姜銀珍,Eunjin Kang
11344708,ok,LINYU YI,남,1986,國立政治大學,부교수,재직,한문산문,연행록,고려대학교,박사,林侑毅,LIN YU YI
11344725,ok,LEITING,남,1985,,,재직,비교문학,한중고전문학,고려대학교,박사,雷挺,LEITING
11345218,ok,방희경,여,1974,성공회대학교(대학별),조교수,재직,비판커뮤니케이션,커뮤니케이션,University of South Florida,박사,,Pang Huikyong
11345449,ok,안혜지,여,*****,성균관대학교,*****,*****,의미론(국어학),의미화용론,성균관대학교,박사,*****,*****
11345650,ok,강현주,여,1991,경상국립대학교,강사,재직,의미론(국어학),"국어 의미론, 어휘론",경상국립대학교,박사,姜炫朱,Kang hyunju
11345652,ok,이명희,여,1971,충남대학교,강사,재직,한시,시문학,충남대학교,박사,,
11345871,ok,박복금,여,1949,강원대학교,강사,재직,현대시(국문학),현대문학,강원대학교 강릉캠퍼스,박사,朴福金,"Park, bog-keom"
11346037,ok,정제호,남,*****,한국교통대학교(연계),*****,*****,고전산문,"고전산문, 구비문학, 문화콘텐츠",고려대학교,박사,*****,
11346546,ok,윤은영,여,1979,전남대학교,강사,재직,복식사,한국복식사,전남대학교,박사,尹銀榮,Yoon Eun Young
11346797,private,,,,,,,,,,,,
11347080,ok,이경,여,*****,고려사이버대학교(대학별),*****,*****,한국어교육학,한국어교육,고려대학교,박사,,*****
11347372,ok,임형옥,여,1985,성신여자대학교,대우교수,재직,한국어교육학,한국어문화교육학,고려대학교,박사,林炯玉,LIM HYUNG OK
11347555,ok,김해미,여,*****,남부대학교(연계),*****,*****,의미론(언어학),인지의미론,전남대학교,박사,*****,*****
11348354,ok,권미영,여,*****,한국교육학술정보원,*****,*****,방언학(국어학),국어사 및 방언학,영남대학교,박사수료,*****,*****
11348412,ok,조헌구,남,*****,경북대학교(연계),*****,*****,일본근현대문학,일본현대소설,中央大學,박사,*****,*****
11348797,ok,김진실,여,1972,한국과학기술원부설 한국과학영재학교,선임연구원,재직,현대소설(국문학),현대소설문체론,한국학중앙연구원,박사,金珍實,"Kim, Jinsil"
11349640,ok,이진숙,여,1969,남부대학교,겸임교수,재직,음운론(언어학),방언음운론,전남대학교,박사,李鎭淑,Lee Jin-sook
11350288,ok,정혜진,여,1987,성균관대학교,강사,재직,현대시(국문학),한국현대시,성균관대학교,박사,鄭惠珍,Jung Hye Jin
11350329,ok,이용범,남,1983,부산대학교 점필재연구소,전임연구원,재직,기타국문학,"조선학, 국학, 김태준",성균관대학교 동아시아학술원,박사,李鎔範,LEE YONG BEOM
11350433,ok,김형호,남,1980,성균관대학교,대학원생,미취업,,,,,金亨淏,KIM HYUNG HO
11351215,ok,김미정,여,1983,충남대학교,강사,재직,고전시가,고전시가,충남대학교,박사,金美定,Kim Mi Jeong
11351254,ok,이영환,남,1973,한남대학교,부교수,재직,한문학,"한문학,  고전문학",한국학중앙연구원,박사,李榮晥,"Lee, Young Hwan"
11352035,ok,김경열,남,1973,충북대학교(연계),부교수,재직,통사론(국어학),문법론,충북대학교,박사,金莖洌,Kim Gyeongyeol
11353066,private,,,,,,,,,,,,
11353441,ok,박미경,여,1971,아주대학교,강사,재직,현대시(국문학),현대시,아주대학교,박사,朴美京,mi gyeong park
11353531,ok,홍성미,여,1983,우리아이 언어발달연구소,기타,재직,,,경희사이버대학교,석사,洪成美,Hong sungmi
11353796,private,,,,,,,,,,,,
11353979,ok,이경선,여,1961,동아대학교,강사,재직,한국어교육학,한국어 교육,동아대학교,박사,,
11354017,ok,이필숙,여,1965,한양대학교,강사,재직,예술철학,동양미학,성균관대학교,박사,李必淑,Lee Pil Suk
11354028,ok,김아연,여,1981,전남대학교,강사,재직,고전시가,고전시가,전남대학교,박사,金我娟,KIM AYUN
11354042,ok,최배은,여,1972,숙명여자대학교 한국어문화연구소,연구교수,재직,현대소설(국문학),아동청소년문학,숙명여자대학교,박사,崔培垠,Choi Bae Eun
11354049,ok,이상욱,남,1976,동의대학교(연계),조교수,재직,영화이론,영상이론,한양대학교,박사,李相昱,Lee sang uk
11354357,private,,,,,,,,,,,,
11354376,ok,박성애,여,1975,경북대학교,기타,재직,아동문학,아동문학,서울시립대학교,박사,朴聖愛,Seongae Park
11354390,ok,정길연,남,1967,부산교육대학교,강사,재직,한국경학,예학,경성대학교,박사,鄭吉連,jeong gil yeon
11354649,ok,박종윤,남,1961,동방문화대학원대학교,강사,재직,기타인문학,효학 효문화전공,동방문화대학원대학교,박사,朴鐘潤,Park JongYoon
11354909,private,,,,,,,,,,,,
11354910,ok,유준,남,1975,한국예술종합학교,강사,미취업,문학비평(국문학),"현대시, 현대소설 비평",고려대학교,박사,,Yoo Jun
11354977,ok,임정식,남,1964,고려대학교,강사,재직,예술체육학,영화비평,고려대학교세종캠퍼스,박사,任正植,"Im, Jeong Sig"
11355204,ok,정숙인,여,1960,조선대학교,강사,재직,운문,현대문학(시),조선대학교,박사,鄭淑仁,jeong soog in
11355529,ok,윤혜옥,여,1959,조선대학교,강사,재직,현대시(국문학),현대문학,조선대학교,박사,尹 惠 玉,Yun Hye-ok
11355533,ok,송지선,여,1977,전북대학교,강사,재직,현대시(국문학),한국현대시,전북대학교,박사,宋志仙,Song-Ji seon
11355702,ok,조인옥,여,1973,연세대학교,대우교수,재직,언어교육,한국어교육,연세대학교,박사,趙仁沃,"Joe, InOk"
11355923,ok,구나경,여,1980,목원대학교,강사,재직,화용론(국어학),담화분석,목원대학교,박사,具奈炅,Gu Nagyeong
11356622,ok,신민영,여,1978,연세대학교 인문학연구원,연구교수,재직,중국현대문학,대만문학,연세대학교,박사,申敏英,SHIN MIN YOUNG
11357173,ok,이종호,남,1977,고려대학교 국제한국언어문화연구소,연구교수,재직,현대소설(국문학),(염상섭/문학제도/문화사),성균관대학교,박사,李鍾護,YI JONG HO
11357304,ok,이지영,여,1977,영산대학교(연계),조교수,재직,국어교육학,독서작문교육,고려대학교,박사,李知映,Lee Jiyoung
11360011,ok,윤철민,남,1985,고려대학교,대학원생,미취업,국어교육학,작문,고려대학교,석사,尹哲玟,Yoon-Chulmin
11360111,ok,박종진,여,1965,연세대학교 젠더연구소,연구교수,퇴직,아동문학,한국과 일본의 아동문학 비교연구,白百合女子大學,박사,朴鍾振,Park Jongjin
11362122,ok,박성호,남,1989,원광대학교 인문학연구소,연구교수,재직,기타인문학,문화콘텐츠,원광대학교,박사,朴成鎬,Park Seongho
11362275,ok,민정호,남,*****,동국대학교(대학별),*****,*****,한국어교육학,쓰기 교육,동국대학교,박사,,*****
11362412,ok,김정태,남,1966,,,재직,예술교육,예술,전북대학교,박사,,
11363294,ok,황풍년,남,1964,주식회사 전라도닷컴,,재직,프랑스문화학,문학 및 어학,고려대학교,학사,黃豊年,"Hwang, Poong-nyeon"
11363434,ok,서철원,남,1966,전북대학교,강사,미취업,현대소설(국문학),현대소설,전북대학교,박사,徐哲源,SEO CHEOL WON
11363731,ok,이동아,여,1965,국립공주대학교,대학원생,미취업,,,국립공주대학교,박사,李東芽,Lee Dong A
11364265,ok,손혜옥,여,1978,기타기관,기타,미취업,통사론(국어학),"양태, 시제 등",연세대학교,박사,孫惠玉,SONHYEOK
11364841,ok,DANMINGJIE,여,1976,한국외국어대학교,기타,미취업,기타국어학,한국어학,경희대학교,박사,但明洁,danmingjie
11365082,ok,김바로,남,1982,한국학중앙연구원(연계),부교수,재직,학제간연구,디지털인문학,한국학중앙연구원,박사,金바로,
11365591,ok,홍래성,남,1985,서울시립대학교,객원교수,재직,문학비평(국문학),문학비평 및 문화론,서울시립대학교,박사,洪來成,Hong Rae-seong
11365606,ok,강지연,여,1984,서원대학교(연계),조교수,재직,산문,"고전산문, 구비문학, 기호학",서강대학교,박사,姜志姸,kang ji-yeon
11367918,ok,천유철,남,1985,성균관대학교,,미취업,문학이론,현대문학,,,千油哲,Cheon Yu Cheol
11367989,ok,박세진,여,*****,대전과학기술대학교,*****,*****,한문교육,한국어교육 한자교육,성신여자대학교,박사,*****,*****
11368402,ok,서은선,여,1980,선문대학교,강사,재직,고전산문,서사문학,강남대학교,박사,徐銀善,SEO EUN SUN
11368763,private,,,,,,,,,,,,
11369003,ok,CHUNGSTEVEN,남,1974,Princeton Univ.,부교수,재직,동양/아시아영화,한국영화,"University of California, Irvine",박사,鄭成燁,steven chung
11369682,ok,김령,여,1982,홍익대학교(연계),조교수,재직,어휘론(국어학),외국어로서의 한국어교육,연세대학교,박사,,kim ryung
11369797,ok,이소화,여,1981,충북대학교 중국학연구소,전임연구원,재직,고문자학(중국어학),秦文字,復旦大學,박사,李蘇和,LEESOHWA
11369801,ok,정한나,여,1983,연세대학교(연계),조교수,재직,문학비평(국문학),매체,연세대학교,박사,,"Chong, Hanna"
11369936,ok,박종순,여,1963,국립공주대학교,기타,재직,한시,조선 초기 한시,국립공주대학교,박사,朴鐘順,park jong soon
11372198,private,,,,,,,,,,,,
11373726,ok,이은하,여,1975,고려대학교,연구교수,재직,한국어교육학,한국어 평가 및 인지심리학 기반 한국어 습득,이화여자대학교,박사,李銀河,Eun-Ha Lee
11374333,private,,,,,,,,,,,,
11374898,ok,이명아,여,1979,국민대학교(연계),조교수,재직,중국어학,언어학 및 응용언어학,華東師範大學歷史學系,박사,李明兒,"Lee, Myung a"
11375086,ok,방향,여,1967,대구외국어대학교(대학별),조교수,재직,한국근대사,한중관계사,연세대학교,박사,方香,방향
11375476,ok,김미순,여,1986,한국교육과정평가원,,재직,국어교육학,독서교육,한국교원대학교,박사,金美順,Kim Misoon
11376599,ok,최하린,여,*****,전남대학교,*****,*****,,,,,*****,*****
11377283,ok,김성옥,여,1974,충남대학교,초빙교수,재직,음운론(국어학),"음운론, 음운사",충남대학교,박사,金成玉,Kim Seong-ok
11378887,ok,고성혜,여,1986,전남대학교,강사,미취업,고전시가,고전시가,전남대학교,박사,高性惠,KO SEONG-HYE
11378973,ok,이철주,남,1985,경희대학교,강사,재직,현대시(국문학),한국현대문학,경희대학교,박사,李哲周,Lee Cheol Joo
11381734,ok,이수미,여,*****,이화여자대학교(연계),*****,*****,종교철학,동아시아불교,University of California at LA,박사,*****,*****
11381873,ok,조원익,남,1992,삼성종합기술원,연구원,재직,음성신호처리,음성/음향신호처리,서울대학교,박사,趙元翼,Cho Won Ik
11381934,ok,김동현,남,1973,제주대학교,연구원,재직,소설,로컬리티 연구,국민대학교,박사,金東炫,KimDongHyun
11383095,ok,윤재민,남,1985,광주대학교(대학별),조교수,재직,문학이론,현대한국소설,동국대학교,박사,尹在敏,Yoon Jae Min
11383144,ok,송미영,여,*****,충남대학교,*****,*****,음운론(국어학),"국어학(표기, 음운)",충남대학교,박사,*****,*****
11383384,ok,김지연,여,1986,중앙대학교,,미취업,,,,,,
11383429,ok,나동숙,여,1964,한성대학교,기타,퇴직,한국어교육학,한국어교육,한성대학교,박사,羅東淑,NA DONG SOOK
11383473,ok,이미지,여,*****,국립부경대학교,*****,*****,,,,,*****,*****
11384097,ok,김미정,여,1980,강원대학교,중학교 교사,재직,문학교육,고전소설,강원대학교,박사수료,,kim mi-jeong
11384195,ok,양승목,남,1985,경상국립대학교(연계),조교수,재직,한문학,한문산문,동국대학교,박사,梁承睦,"Yang, Seung-mok"
11384446,ok,김영아,여,1981,한양대학교,대학원생,재직,국어교육학,문학교육,한양대학교,박사수료,김영아,kimyoungah
11385533,ok,고정은,여,1967,소속없음,기타,미취업,복합학,다문화학,인하대학교,박사,高禎垠,KO JUNG EUN
11385590,ok,이준영,남,1980,예원예술대학교,조교수,퇴직,국어교육,문학 독서교육,동국대학교,박사,,Lee Joon Young
11385620,ok,임동휘,여,1974,부산대학교,강사,재직,의미론(언어학),"한국어 인지언어학, 기호번역학, 인지과학적 번역, 번역이론, 한/영 번역",부산대학교,박사,林曈輝,Dhonghui Lim
11385954,ok,공영민,여,1973,소속없음,기타,미취업,영화이론,영화사,중앙대학교,박사,孔泳民,KONG YOUNG-MIN
11386084,ok,박지인,여,*****,인하대학교,*****,*****,기타교육학,다문화교육,인하대학교,박사,*****,*****
11386110,ok,황해영,여,1974,인하대학교 다문화융합연구소,연구교수,재직,기타교육학,다문화학과,인하대학교,박사,黃海英,huanghaiying
11386121,ok,강소영,여,*****,한신대학교(연계),*****,*****,한국어교육학,"한국어교육, 글쓰기",한국외국어대학교,박사,,*****
11386219,ok,유소연,여,1981,충남대학교,강사,재직,음운론(국어학),음운론,충남대학교,박사,,Yu so-yeon
11386514,ok,김명권,남,1980,선문대학교,계약교수,재직,한국어교육학,외국어로서의 한국어교육전공,한국학중앙연구원,박사수료,金明權,Myeong Gwon Kim
11386550,ok,조혜영,여,1975,경희대학교(국제캠퍼스) 비교문화연구소,연구원,재직,영화이론,영화 매체 및 미학,중앙대학교,박사,,HyeYoung CHO
11386694,ok,김기원,남,1976,연세대학교,강사,재직,중국고전문학,당송문학,復旦大學,박사,金基元,KIM GI WON
11386972,ok,김학중,남,1977,경희대학교,강사,재직,현대시(국문학),현대시,경희대학교,박사,,KIM HAK JUNG
11387204,ok,이재원,여,1986,경희대학교,강사,재직,현대시(국문학),현대시,경희대학교,석사,,LEE JAEWON
11387303,ok,김은미,여,1969,부산대학교,강사,재직,한시,한국고전문학,부산대학교,박사,金恩美,Eunmi Kim
11387501,ok,이상우,남,1986,한성대학교,연구교수,재직,한시,한시,한성대학교,박사,李相祐,"Lee, Sang-Woo"
11387612,ok,박은진,여,1984,중부대학교,조교수,재직,국어교육,고전산문교육,서울대학교,박사,朴恩辰,Park Eun Jin
11388234,private,,,,,,,,,,,,
11388437,private,,,,,,,,,,,,
11388711,ok,정미란,여,1970,PHENIKAA UNIVERSITY,계약교수,재직,아동문학,"아동서사(동화, 소년소설)",경상국립대학교,박사,鄭美蘭,Jeong  Miran
11388833,ok,김혜원,여,1978,영남대학교(연계),부교수,재직,유아교육,유아언어교육,The Ohio State Univ.,박사,金惠苑,Hwewon Kim
11389233,ok,최선일,남,1973,세경대학교,부교수,재직,기타교육학,영재교육,건국대학교,박사,,CHOI SUN ILL
11390907,ok,신영미,여,*****,부산대학교 점필재연구소,*****,*****,한문학,"한시, 비평",성균관대학교,박사,*****,*****
11392030,ok,이명미,여,1971,한남대학교,초빙교수,재직,문학교육,글쓰기교육,한남대학교,박사,李明美,lee myoung mi
11392265,ok,홍연표,남,1983,소속없음,기타,미취업,구비문학(국문학),신화,고려대학교,박사,洪連杓,Hong yeonpyo
11392666,ok,이현아,여,1990,성공회대학교(대학별),조교수,재직,언어습득/처리,발달심리,연세대학교,박사,李賢娥,Hyuna Lee
11392982,ok,최영,남,1986,에스케이디스커버리 주식회사,회사원,재직,고전산문,고전소설,고려대학교,박사,崔榮,CHOI YOUNG
11392989,ok,조안나,여,1987,고려대학교,대학원생,재직,고전산문,고전소설,,,曺안나,JOANNA
11392991,ok,이나라,여,1987,고려대학교,대학원생,미취업,고전산문,고전소설,고려대학교,박사,李나라,LEE NARA
11393248,ok,정환민,여,*****,조선대학교(연계),*****,*****,응용국어학,한국어문화교육학,고려대학교,박사,,*****
11393260,ok,장아남,남,1987,中山大學,연구원,재직,한국어교육학,화용론,,,張亞楠,"Zhang, Yanan"
11393282,ok,하성운,남,*****,성결대학교(연계),*****,*****,고전시가,고전시가,고려대학교,박사,*****,*****
11393324,ok,이나라,여,1984,고려대학교,강사,재직,음운론(국어학),"국어음성학, 국어음운론",고려대학교,박사,李나라,LEE NARA
11393375,ok,윤선영,여,1987,고려대학교,,미취업,,,,,尹善英,Yoon Sun-Young
11393499,ok,박수현,여,1990,중앙대학교,기타,미취업,응용언어학,영어 스토리텔링,중앙대학교,박사,朴秀賢,PARKSOOHYEON
11393573,private,,,,,,,,,,,,
11393662,ok,강민석,남,1987,경기대학교(연계),조교수,재직,한국어와문학,한국어문화교육학,고려대학교,박사,,"Kang, Min Suk"
11393682,ok,노요한,남,*****,고려대학교 글로벌인문학연구원,*****,*****,한문학,문헌학,고려대학교,박사,*****,*****
11393781,ok,정하정,남,1985,계명대학교(연계),조교수,재직,한문산문,한문학,고려대학교,박사,鄭夏汀,"JUNG, Ha-jung"
11394309,ok,이미애,여,1965,경북대학교,강사,재직,한문교육,"한문교육, 교수학습",경북대학교,박사,李美愛,leemiae
11394555,ok,이한빛,여,1989,연세대학교,강사,재직,현대소설(국문학),현대소설 및 문화담론,연세대학교,박사,,Hanbit Lee
11394579,ok,이찬영,남,1989,건국대학교,조교수,재직,형태론(국어학),"단어형성론, 굴절형태론, 통사론",연세대학교,박사,李燦榮,LEE CHANYOUNG
11394649,ok,이민규,남,*****,연세대학교,*****,*****,고전시가,고전시가,연세대학교,박사,,*****
11394687,ok,송지현,여,1983,충북대학교,강사,미취업,한문산문,한문산문 및 운문,충북대학교,박사,宋智賢,"Song, Ji-hyeon"
11394798,ok,이승준,남,1985,국립부경대학교(연계),조교수,재직,고전시가,시가,충북대학교,박사,李昇駿,Lee SeungJun
11394936,ok,김보은,여,*****,광주여자대학교,*****,*****,한국어교육학,한국어기능교육론,청주대학교,박사,,*****
11394968,ok,조영보,남,1985,연세대학교,대학원생,재직,기타국어학,외국어로서의 한국어교육,연세대학교,석사,曺永寶,Cho YoungBo
11395513,private,,,,,,,,,,,,
11395552,ok,김희용,여,1984,연세대학교,대학원생,재직,기타문학,글쓰기,연세대학교,석사,金喜溶,Kim Heeyong
11395871,private,,,,,,,,,,,,
11398950,ok,이옥희,여,1976,부산대학교,강사,재직,음운론(국어학),국어음운사,부산대학교,박사,李鋈熙,LeeOkHee
11398963,ok,조해훈,남,1960,소속없음,기타,퇴직,운문,고전시가,신라대학교,박사,趙海薰,JO HAE HUN
11399507,ok,배옥주,여,1962,국립부경대학교,강사,재직,현대시(국문학),현대시,국립부경대학교,박사,裵玉珠,BAE OK JU
11399534,ok,채윤미,여,1982,전남대학교(연계),부교수,재직,고전산문,고전소설,서울대학교,박사,蔡潤美,Chae Yun-mi
11399720,ok,김효은,여,1981,한양대학교,강사,재직,소설,현대소설,한양대학교,박사,金孝恩,Kim Hyoeun
11401865,ok,오청진,여,1975,국립목포대학교,강사,재직,방언학(국어학),어휘론,국립목포대학교,박사,吳靑眞,Oh cheongjin
11402314,ok,권현석,남,1974,한양대학교 음악연구소,전임연구원,재직,종족음악학/세계음악,한국음악,SOAS. University of London,박사,權玹奭,Kwon Hyun Seok
11403199,ok,KAGEMOTOTSUYOSHI,남,1986,,,미취업,현대소설(국문학),식민지시기 소설,,,,
11404188,ok,신미삼,여,1980,단국대학교,초빙교수,재직,소설,현대소설,영남대학교,박사,申娓三,Shin Mi-Sam
11405188,ok,최지수,여,1971,동국대학교,강사,재직,음성/음운론(일본어학),일본어학/음운론,동국대학교,박사,崔志守,choi jisoo
11405821,ok,최현숙,여,1976,경희대학교,강사,재직,현대소설(국문학),현대문학,경희대학교,박사수료,崔賢淑,CHOI Hyeon sook
11406035,ok,정은아,여,1970,고려대학교(연계),부교수,재직,국어교육학,"국어교육, 문학교육, 글쓰기",고려대학교,박사,丁은아,Chung Eun Ah
11407092,ok,박성호,남,1981,경희대학교 인문학연구원,HK연구교수,재직,현대소설(국문학),"근대초기문학, 의료인문학",고려대학교,박사,朴晟浩,PARK SUNGHO
11407153,ok,이새봄,여,1980,成蹊大學,교수,재직,동양정치사상,근대일본정치/정치사상사,東京大学,박사,李새봄,Lee Saebom
11407219,ok,이유미,여,*****,전남대학교,*****,*****,한국어교육학,한국어교육,전남대학교,박사,,*****
11407453,ok,LEE JANET YOON SUN,여,1977,계명대학교(연계),부교수,재직,여성문학,Korean Literature,"Univ. of California, Los Angeles",박사,"Lee, Janet Yoon-Sun",JANET YOON-SUN LEE
11407701,ok,성은혜,여,1979,연세대학교,강사,재직,국어교육학,문학교육,고려대학교,박사,成恩惠,Seong EunHye
11408233,ok,지민경,여,*****,홍익대학교(연계),*****,*****,미술사,동양미술사,Univ. of Pennsylvania,박사,,*****
11408711,ok,이민주,여,1989,경북대학교,,미취업,,,,,李敏珠,Lee MIn Ju
11409438,ok,김중수,남,1979,부산대학교(연계),부교수,재직,국어교육학,문법교육,부산대학교,박사,,Kim Jungsu
11409998,ok,장안영,여,*****,선문대학교,*****,*****,고전시가,고전문학,선문대학교,박사,*****,*****
11410159,ok,서동천,남,*****,국립목포대학교(연계),*****,*****,건축 역사 및 이론,동아시아 건축도시사,東京大學,박사,*****,*****
11410518,ok,이연정,여,*****,서원대학교(연계),*****,*****,한국어와문학,한국어문화교육학,고려대학교,박사,,*****
11410566,ok,조현서,여,1983,국립한밭대학교,초빙교수,재직,문학교육,현대시,국립공주대학교,박사,,
11412966,ok,오기노 신사쿠,남,1986,남서울대학교(연계),조교수,재직,한국어와문학,한국어교육,서울대학교,박사,,OGINO SHINSAKU
11413054,ok,김은아,여,1976,홍익대학교,강사,퇴직,소설,현대문학,홍익대학교,박사,金銀我,kimEunah
11414731,ok,이성일,남,1967,,강사,재직,현대시(국문학),한국현대시론,국민대학교,박사,李星一,Lee Seongil
11414928,ok,이상아,여,1985,한국교육과정평가원,부연구위원,재직,국어교육학,현대시교육,서울대학교,박사,李常娥,"Lee, Sang-ah"
11416389,ok,송예림,여,1976,한국외국어대학교,부교수,재직,스페인어교육,"응용서어학, 외국어로서의 스페인어 교육",Universidad de Salamanca,박사,宋藝林,YERIM SONG
11417056,ok,배경진,여,1978,한국외국어대학교,강사,재직,중국고전문학,당대 시와 송사연구,한국외국어대학교,박사,裵景珍,Bae Gyoung Jin
11418510,ok,이경애,여,1964,동국대학교,강사,재직,한국어교육학,한국어교육,동국대학교,박사,李京愛,Lee Gyeong-ae
11419421,ok,이경애,여,1955,전북대학교,강사,미취업,현대시(국문학),가람 이병기 문학,전북대학교,박사,李京愛,LEE KYEONG AE
11419580,private,,,,,,,,,,,,
11419660,ok,최은경,여,1967,인하대학교,대학원생,재직,아동문학,한국 아동문학,,,崔恩卿,Choi Eun Kyeong
11419725,ok,홍단비,여,1987,강원대학교 인문과학연구소,연구교수,재직,기타인문학,"현대소설, 인문치료학",강원대학교,박사,洪단비,Hong Dan-bi
11420790,ok,이성우,남,1985,한림대학교 한림과학원,HK연구교수,재직,국어사,문법론,한양대학교,박사,李城雨,LeeSungWoo
11421119,ok,유현정,여,1974,성균관대학교,초빙교수,재직,국어교육,한국어교육,한성대학교,박사,柳賢貞,"Ryu, Hyun-Jung"
11422169,ok,전성균,남,1980,한국교육과정평가원,연구원,재직,컴퓨터교육학,초등컴퓨터교육,한국교원대학교,박사,,Seongkyun Jeon
11423204,ok,강은정,여,1981,고려대학교,대학원생,미취업,통사론(일본어학),정도부사,고려대학교,석사,姜垠汀,Kang EunJung
11423206,ok,김유미,여,1979,연세대학교(연계),부교수,재직,고전산문,고전 소설,"Univ. of California, Los Angeles",박사,,YOUME KIM
11423230,ok,송민규,남,*****,고려대학교,*****,*****,현대시(국문학),국어국문학과 현대시,고려대학교,박사,*****,*****
11423246,ok,김대웅,남,1986,경북대학교,강사,재직,현대시(국문학),현대시,경북대학교,박사,金大雄,"Kim, Dae-woong"
11423249,ok,김용범,남,1978,,,재직,,,,,金龍範,Jin Longfan
11425421,private,,,,,,,,,,,,
11426537,ok,김승연,여,1973,중앙대학교,강사,재직,기타인문학,한국언어문화전공,상명대학교,박사,金承姸,"Kim, Seungyeon"
11426558,ok,김동혁,남,1975,울산과학대학교,기타,퇴직,문예창작,소설이론,단국대학교,박사,金東赫,KimDongHyeok
11426910,ok,임경태,남,1985,한국과학기술원(연계),조교수,재직,기계학습및지식처리,자연어처리,Ecole Normale Superieure,박사,,Kyungtae Lim
11427993,ok,한경호,남,1982,성균관대학교,강사,재직,음성/음운론(중국어학),상고음,復旦大學,박사,韓炅澔,Han Kyungho
11428256,ok,장은주,여,*****,성사중학교,*****,*****,국어교육학,국어교육(작문교육),한국교원대학교,박사,,*****
11428481,ok,안지영,여,1972,부산대학교 교육발전연구소,연구원,재직,교육사회학,"통일학(북한사회.영화), 평화교육",인제대학교,박사,安志映,Ji Young Ahn
11428801,ok,이영재,여,1974,성균관대학교,강사,재직,영화사,아시아영화사,東京大學,박사,李英載,Youngjae Yi
11428814,ok,우남희,여,1973,국립부경대학교,강사,재직,평론,현대시,국립부경대학교,박사,禹南姬,Woo Nam Hee
11429991,ok,조은정,여,1974,고려청자박물관,공무원,재직,미술사,"동양도자사, 한국도자사",충북대학교,박사,曺銀精,eunjung cho
11431144,ok,최일례,여,1970,조선대학교,초빙교수,재직,한국고대사,고구려사,전남대학교,박사,崔日禮,"Choi, Il Rye"
11433626,private,,,,,,,,,,,,
11435002,ok,김민주,여,1983,한신대학교,강사,재직,영어교육학,"영어교육, 문학교육",고려대학교,박사,金敏珠,
11435252,ok,우은진,여,1984,국립창원대학교,강사,재직,현대시(국문학),현대시,부산대학교,박사,禹恩珍,"Woo, Eun-jin"
11435332,ok,김영국,남,1958,조선대학교,초빙교수,재직,고전시가,16세기 호남 한시,원광대학교,박사,金永國,KimYoungkook
11435480,ok,김다솔,여,1991,전남대학교,대학원생,재직,방언학(국어학),국어학,,,金다솔,Kim dasol
11436678,ok,곽현희,여,1989,영남대학교,강사,퇴직,고전산문,고전소설,영남대학교,석사,郭賢姬,Gwak Hyeonhui
11436897,ok,김인옥,여,1971,명지대학교(연계),,재직,문예창작,현대문학,명지대학교,박사,金仁玉,KIM IN OK
11437117,ok,이춘희,여,*****,한국연구재단,*****,*****,소설,국어국문학(고전문학),한양대학교,박사수료,*****,*****
11437826,ok,임형택,남,1973,충남대학교,연구교수,재직,복합학,문학미디어론(구술/문자/영상/디지털 문학_미디어_콘텐츠),성균관대학교,박사,任亨澤,Im HyeongTaek
11438073,ok,박근배,남,*****,경남대학교,*****,*****,,,경남대학교,박사,*****,*****
11438817,ok,김대곤,남,1983,동의대학교(연계),조교수,재직,소설,고전소설,동의대학교,박사,金大坤,Kim dae gon
11438879,ok,김보향,여,1975,제주대학교,강사,미취업,방언,제주방언,제주대학교,박사,金寶香,Kim Bohyang
11438880,ok,최진영,여,1975,성신여자대학교,겸임교수,재직,기타인문학,"생활문화, 전통의례문화",성신여자대학교,박사,崔鎭英,Choi Jin-young
11438882,ok,마운용,남,1971,수원대학교,강사,재직,소설,현대문학,수원대학교,박사,馬雲用,"MA, UN YONG"
11438921,ok,박금숙,여,*****,공주교육대학교,*****,*****,아동문학,아동문학,고려대학교,박사,*****,*****
11439433,ok,박성석,남,*****,춘천교육대학교(연계),*****,*****,국어교육학,화법교육,서울대학교,박사,*****,*****
11439451,ok,진가연,여,1986,홍익대학교(연계),조교수,재직,국어교육학,국어교육전공(현대시교육전공),서울대학교,박사,,Jin Kayeon
11439496,ok,김지혜,여,1983,명지대학교(연계),,재직,한국어교육학,한국문학문화교육,서울대학교,박사,金智慧,Jeehye Kim
11439740,ok,박주형,여,1989,동아대학교 인문학연구소,전임연구원,재직,통사론(언어학),통사의미론,동아대학교,박사,朴晝亨,Park Ju Hyeong
11440463,ok,윤호경,여,1989,계명대학교(연계),조교수,재직,국어교육학,현대문학교육,이화여자대학교,박사,,
11441016,ok,김경혜,여,1982,청주대학교(연계),조교수,재직,형태론(국어학),국어사,인하대학교,박사,金炅慧,KIM KYOUNG HYE
11441085,ok,임지현,여,1987,인하대학교,대학원생,,형태론(국어학),국어사와 형태론,인하대학교,박사수료,,
11441108,private,,,,,,,,,,,,
11441173,ok,안상희,여,1987,전북대학교,강사,재직,국어교육학,작문교육전공,고려대학교,박사,安常喜,Ahn Sanghee
11441339,private,,,,,,,,,,,,
11441360,ok,곽성용,남,1989,성균관대학교,대학원생,재직,한국경학,춘추경학,성균관대학교,박사수료,郭成龍,KWAK SUNG YONG
11442755,ok,아이카와 타쿠야,남,1987,성균관대학교,대학원생,미취업,현대소설(국문학),식민지 시기 한국문학,東京外國語大學,석사,相川拓也,Aikawa Takuya
11443505,private,,,,,,,,,,,,
11443986,ok,백지윤,여,1979,경희대학교,강사,미취업,문학비평(국문학),현대문학비평,경희대학교(국제캠퍼스),박사수료,白知潤,"Baek, Jiyun"
11444263,ok,박부원,남,1982,(재) 경기문화재단,연구원,재직,기타인문학,문화콘텐츠학,한양대학교,박사,朴富源,PARK BOOWON
11445212,ok,윤성혜,여,*****,이화여자대학교,*****,*****,교육공학,뉴미디어기반교육,이화여자대학교,박사,*****,*****
11445322,ok,고선미,여,*****,성신여자대학교,*****,*****,비교문학(국문학),국문학과 노어노문학 비교,Kazan State University,박사,*****,*****
11446105,ok,조혜진,여,1987,충남대학교(연계),조교수,재직,고전산문,고전산문,서울대학교,박사,趙惠珍,Haejin Cho
11446106,ok,윤병용,남,*****,전남대학교(연계),*****,*****,고전시가,고전시가,서울대학교,박사,*****,*****
11447126,ok,정창훈,남,1986,인하대학교 한국학연구소,HK연구교수,재직,현대소설(국문학),서사학 연구 / 한일 비교문학 연구,동국대학교,박사,鄭昌薰,Jeong Changhoon
11447712,ok,오영록,남,1983,충남대학교,강사,재직,현대소설(국문학),현대소설,충남대학교,박사,吳泳錄,Ou Young-rock
11448204,ok,이은경,여,1973,세종사이버대학교(대학별),교수,재직,한국어교육학,"한국어교육, 문법교육, 쓰기교육",연세대학교,박사,李恩炅,"Lee, Eunkyeong"
11448391,ok,노태훈,남,1984,인하대학교(연계),조교수,재직,현대소설(국문학),현대소설 및 비평,서울대학교,박사,盧泰勳,ROH TAEHOON
11448452,ok,최명국,남,1977,대전대학교(연계),조교수,재직,현대시(국문학),현대시 비평,충남대학교,박사,崔明局,Choi Myeong-guk
11448840,ok,이효정,여,*****,협성대학교(연계),*****,*****,한문산문,조선시대 기행문학,國際基督敎大學,박사,*****,*****
11448964,private,,,,,,,,,,,,
11450301,ok,전현주,여,1985,조선대학교,대학원생,재직,,,,,,Hyeonju Jeon
11451305,ok,"Kobyakova, Uliana",여,1984,계명대학교(연계),조교수,재직,고전산문,Korean Language & Literature,한국학중앙연구원,박사,,Uliana Kobyakova
11451480,ok,바양,여,1985,성균관대학교 동아시아학술원,,재직,,,,,巴扬,BAYANG
11452047,ok,최화니,여,1987,전북대학교,강사,재직,의미론(국어학),"의미론, 화용론",전북대학교,박사,崔화니,Choi hwani
11452082,ok,미즈노슌페이,남,1968,北海學園大學,교수,재직,,,,,水野俊平,"MIZUNO, Shumpei"
11452092,ok,조진수,남,*****,경인교육대학교(연계),*****,*****,국어교육학,국어교육,서울대학교,박사,*****,*****
11452116,ok,정효영,남,1979,소속없음,,재직,한문교육,한문교육,국립공주대학교,박사,鄭孝英,Jeong Hyo Young
11452202,ok,김광순,남,1984,연세대학교 언어연구교육원 한국어학당,강사,재직,의미론(언어학),국어학(의미론),상명대학교,박사,金光淳,Kim Kwang Soon
11452348,ok,박진희,여,1983,한국교육과정평가원,부연구위원,재직,국어교육학,문법교육,서울대학교,박사,朴眞嬉,Bak Jinhui
11452667,ok,박지영,여,1982,덕성여자대학교(연계),조교수,재직,산업/조직심리,산업 및 조직심리학,연세대학교,박사,,Park Ji Young
11452783,ok,서혜준,여,1991,성균관대학교,,미취업,,,,,徐慧俊,Seo Hye Joon
11453381,ok,진영희,여,1980,이화여자대학교,대학원생,미취업,국어교육학,고전문학교육,이화여자대학교,석사,陳英喜,"JIN, YOUNGHEE"
11453671,ok,김신각,남,1983,연세대학교,대학원생,미취업,응용국어학,사회언어학,연세대학교,석사,金新珏,KIM SHINGAK
11454903,ok,이화진,남,1977,국민대학교(연계),부교수,재직,음운론(국어학),"한국어 교육, 대조 언어",홍익대학교,박사,李華秦,LEE HWA JIN
11454964,ok,강동호,남,1984,인하대학교(연계),부교수,재직,현대시(국문학),현대시론,연세대학교,박사,康棟皓,KANG DONG HO
11454975,ok,송기섭,남,1960,선문대학교,,재직,한문학,한시,,,宋基燮,Song gi seop
11455046,ok,이규일,남,1981,우송대학교,강사,재직,현대소설(국문학),현대소설(소설교육),충남대학교,박사,李奎一,"Lee, Kyuil"
11455169,ok,여미란,여,1964,,,미취업,,,,,余美蘭,Yeo Miran
11455189,ok,WANG HAO,여,1987,연세대학교,POST-DOC,재직,언어교육,한국어교육,연세대학교,박사,王昊,WANG HAO
11456037,ok,김은혜,여,*****,서울대학교,*****,*****,응용국어학,한국어교육학,연세대학교,박사,,*****
11456462,private,,,,,,,,,,,,
11458122,ok,안리경,여,1982,충북대학교,강사,재직,현대소설(국문학),현대소설,서울대학교,박사,安利卿,AHNLIKYEONG
11458172,ok,이성형,남,1971,국립공주대학교(연계),부교수,재직,한문교육,한문교육학,국립공주대학교,박사,,
11458713,ok,신난희,여,1963,대구가톨릭대학교,조교수,재직,여성인류학,"이주, 구술생애사, 정치인류학, 지역연구",한국학중앙연구원,박사,申蘭姬,Nanhee Shin
11458729,ok,갈라노바딜노자,여,1989,호남대학교,조교수,재직,기타교육학,다문화교육학,인하대학교,박사,,KALANOVA DILNOZA TEMUROVNA
11458936,ok,홍승진,남,1988,서울대학교(연계),부교수,재직,현대시(국문학),현대시,서울대학교,박사,洪承辰,Hong Seung-Jin
11459626,ok,박종관,남,1987,충남대학교(연계),조교수,재직,국어교육학,문법교육,서울대학교,박사,,Park Jongkwan
11460586,private,,,,,,,,,,,,
11461443,ok,지민정,여,*****,The University of Queensland,,*****,교수이론/교육방법/교수법,Foreign Language Education,THE UNIVERSITY OF TEXAS AT AUSTIN,박사,,*****
11462003,ok,양정화,여,1971,성균관대학교,강사,재직,고전시가,가사,성균관대학교,박사,梁正和,Yang Junghwa
11462708,private,,,,,,,,,,,,
11463097,ok,김동욱,남,1981,고려대학교,대학원생,재직,국어교육학,독서교육,,,金東昱,Gim Dong Uk
11463511,ok,김송희,여,*****,한국외국어대학교,*****,*****,통사론(국어학),통사론(문법론),서울대학교,박사,*****,*****
11464561,ok,최은정,여,1985,서울과학기술대학교,강사,재직,현대희곡(국문학),현대희곡,고려대학교,박사,崔銀廷,CHOI EUN JUNG
11465192,ok,이송희,여,1988,고려대학교 글로벌인문학연구원,HK연구교수,재직,한문산문,한문학,고려대학교,박사,李松熙,Lee Songhee
11465449,ok,박은영,여,1973,대구가톨릭대학교,조교수,재직,임상심리,"임상, 범죄, 청소년비행",경북대학교,박사,朴恩瑩,Park Eun Young
11465600,ok,김석진,남,1974,동명대학교,강사,재직,통사론(국어학),한국어 통사론,부산대학교,박사,金碩進,Kim Sukjin
11465811,ok,한보성,여,*****,성균관대학교,*****,*****,문학비평(국문학),문학사회학,성균관대학교,박사수료,*****,*****
11465839,private,,,,,,,,,,,,
11466025,ok,홍정원,여,1974,강원대학교,기타,미취업,소설,고전문학(교육),강원대학교,박사수료,洪靜琬,HONGJUNGWON
11466063,private,,,,,,,,,,,,
11466120,ok,이지훈,남,1969,동국대학교,,미취업,국어교육학,문학교육,동국대학교,박사수료,이,
11466220,ok,박정순,여,1981,고려대학교,대학원생,미취업,현대소설(국문학),근현대소설,고려대학교,석사,朴貞淳,Park Jeong Soon
11466719,ok,정선주,여,1971,인천대학교,기타,미취업,기타사회과학일반,다문화교육,한양대학교,박사,鄭善珠,Jung Sun-joo
11466979,ok,김혜지,여,*****,이화여자대학교,*****,*****,형태론(국어학),형태론,이화여자대학교,박사,*****,*****
11467063,ok,이지현,여,1988,,,재직,,,이화여자대학교,박사수료,,Jihyun Lee
11467115,ok,김하정,여,1996,서울대학교,대학원생,재직,과학기술정책학,"과학기술정책, 한국근현대과학기술사",서울대학교,석사,金夏正,Kim Hajeong
11467655,ok,김연지,여,1978,동국대학교,대학원생,미취업,의미론(중국어학),중국어 어학,동국대학교,석사,金妍池,kim yeonji
11468157,ok,최윤,남,1983,강원대학교,선임연구원,재직,의미론(국어학),통사의미론,강원대학교,박사,崔允,CHOI YOUN
11468975,ok,이승제,남,1991,강원대학교,연구교수,재직,게임비평,게임 비평,건국대학교,박사,,Lee Sung Je
11469016,private,,,,,,,,,,,,
11469301,ok,김주연,여,1981,전북대학교,기타,재직,국어교육학,언어영재교육,전북대학교,박사,金珠蓮,Kim ju yeon
11469740,ok,원흥연,여,1975,경동대학교(연계),부교수,재직,기타국어학,국어국문,건국대학교,박사,元興淵,
11469801,private,,,,,,,,,,,,
11470644,ok,김혜진,여,1981,한국외국어대학교,조교수,재직,응용언어학,그리스언어교육,The  National and Kapodistrian University of Athens,박사,金惠眞,KIM HYEJIN
11470648,private,,,,,,,,,,,,
11470929,ok,서보현,여,1992,성균관대학교,대학원생,미취업,기타국문학,한국한문학,성균관대학교,석사,徐甫現,SEO BOHYEON
11471264,private,,,,,,,,,,,,
11474206,private,,,,,,,,,,,,
11476172,ok,오정미,여,1985,강원대학교 국학연구소,연구교수,재직,구비문학(국문학),구비문학(설화),전북대학교,박사,吳正渼,"Oh, Jeong-mi"
11476350,ok,조형숙,여,*****,서원대학교(연계),*****,*****,기타교육학,언어/문화교육,University of Florida,박사,,*****
11478337,ok,옥창준,남,1987,한국학중앙연구원(연계),조교수,재직,사회과학사,동아시아 냉전사,서울대학교,박사,玉昌埈,OK Chang Joon
11478346,ok,노병춘,여,1974,청주대학교,겸임교수,재직,현대시(국문학),생태시,청주대학교,박사,,no byeong chun
11478457,ok,김미진,여,1984,전북대학교,강사,미취업,국어교육,한국어문화교육,전북대학교,박사,金美眞,Kim Mi Jin
11479223,ok,허요한,남,1987,성균관대학교 동아시아학술원,강사,미취업,현대시(국문학),현대시 전공,성균관대학교,박사,,HEO YO HAN
11479496,ok,모희준,남,1975,선문대학교 인문미래연구소,연구원,재직,문학장르,현대소설,선문대학교,박사,牟喜俊,Mo Heejune
11479886,ok,안혜연,여,*****,경상국립대학교 인문학연구소,*****,*****,기타국문학,"현대소설, 대중서사",성균관대학교 동아시아학술원,박사,,*****
11480182,ok,한수정,여,1972,국립부경대학교,강사,재직,음운론(국어학),"음운론, 형태론",부산대학교,박사,韓秀貞,hansujung
11480275,ok,소필균,여,1968,전북대학교,강사,재직,현대시(국문학),현대시,전북대학교,박사,,So Pil Gyun
11480558,ok,엄진숙,여,1980,영남이공대학교(대학별),조교수,재직,한국어교육학,Politeness of KSL learners,영남대학교,박사,嚴珍淑,Eom Jiin Suk
11480668,ok,노정은,여,1977,한성대학교(연계),부교수,재직,한국어교육학,한국어문화교육,고려대학교,박사,盧貞銀,"NOH,JUNGEUN"
11480672,ok,배다인,여,1964,조선대학교,강사,재직,기타국문학,아동문학,조선대학교,박사,裵 다 인,Bae Deok Im
11481041,ok,최정희,여,1977,단국대학교,연구교수,재직,교육과정,교육과정및학습지도,단국대학교,박사,崔貞姬,Choi Jung Hui
11481373,ok,박현진,여,1981,전주대학교(연계),부교수,재직,한국어교육학,한국어문화교육,고려대학교,박사,,Hyunjin Park
11483633,ok,이은영,여,*****,아주대학교,*****,*****,현대시(국문학),현대시,아주대학교,박사,*****,*****
11486246,ok,조주희,여,1980,총신대학교(대학별),조교수,재직,교육사회학,교육사회학,University of Maryland,박사,,"Cho, Joohee"
11486749,ok,박혜리나,여,*****,중앙대학교(연계),*****,*****,음악교육학,"국악(가야금), 유아음악교육",중앙대학교,박사,*****,*****
11486877,ok,유정란,여,1990,전주대학교(연계),조교수,재직,고전시가,고전시가,고려대학교,박사,柳貞蘭,Yu JeongRan
11488023,ok,정경조,남,*****,한국골프과학기술대학교,,*****,기타영문학,아동문학 및 영미문화비교,연세대학교(미래캠퍼스),박사,,*****
11491109,ok,백애송,여,1982,조선대학교,초빙교수,재직,문예창작,현대시,광주대학교,박사,白愛松,Baek Ae Song
11491363,ok,김명주,여,1958,경기대학교,강사,재직,예술철학,동양미학/ 예술철학/ 서예술사/ 유교철학 / 동양회화,성균관대학교,박사,金明珠,KIM MYUNG JOO
11491383,ok,김지애,여,1982,고려대학교,강사,재직,한국어교육학,한국어문화교육학,고려대학교,박사,金智愛,Kim Jiae
11492833,ok,김경선,남,1960,선문대학교,대학원생,미취업,기타국문학,고전문학,선문대학교,박사,金景善,KyungsunKim
11493655,ok,김순재,남,1987,충남대학교,강사,재직,고전산문,"설화문학, 고전소설, 민속학",충남대학교,박사,金純宰,Gim Sun-jae
11494672,ok,이계정,남,*****,수원대학교,*****,*****,중국어교육,국제중국어 교육,성균관대학교,박사,*****,*****
11494751,ok,CUI NA,여,1989,한국학중앙연구원,대학원생,재직,현대소설(국문학),현대문학,,,崔娜,CUI NA
11494770,ok,한재영,여,1994,계명대학교,기타,미취업,,,,,,
11494771,ok,이지현,여,1994,계명대학교,기타,미취업,,,,,,
11494944,ok,이순희,여,1960,국립금오공과대학교,강사,재직,운문,고전시가,경북대학교,박사,李順熙,Lee Soon Hee
11495128,ok,이문수,남,1979,경상국립대학교(연계),부교수,재직,교육평가,"교육측정,평가,통계",University of California at LA,박사,李文洙,
11496208,ok,김호,남,1974,계명대학교(연계),부교수,재직,무역계약·관습및통상법,Int`l Trade Law,American Univ.,박사,金虎,"Kim, Ho"
11496501,ok,정대혁,남,*****,연세대학교,,*****,고전산문,고전문학사,연세대학교(미래캠퍼스),박사수료,*****,*****
11496972,ok,최은영,여,1974,충남대학교,,미취업,음운론(국어학),음운,충남대학교,박사수료,崔恩榮,Eun Young-Choi
11498030,ok,안웅선,남,*****,고려대학교,,,현대시(국문학),현대시,고려대학교,박사,*****,*****
11498567,ok,차경미,여,1988,한국교육과정평가원,부연구위원,재직,국어교육학,"문법교육, 어휘교육",서울대학교,박사,車炅美,"Cha, Kyung-Mi"
11499514,ok,이예지,여,1990,대구가톨릭대학교,강사,재직,인구/노인/지역사회학,다문화학,대구가톨릭대학교,박사,李禮智,LEE YE JI
11500472,ok,김현종,남,1979,한국학중앙연구원(연계),조교수,재직,인문지리학,역사지리,한국학중앙연구원,박사,金玄鍾,"Kim, Hyunjong"
11501330,ok,김묘정,여,1988,단국대학교(연계),조교수,재직,한문학,한국학(고전문학 전공),단국대학교,박사,,kim-myo-jung
11501493,ok,김봉근,남,1980,삼육대학교,부교수,재직,현대시(국문학),한국 현대시와 모더니즘 연구,서울시립대학교,박사,金奉根,Kim bong keun
11501764,ok,윤진서,남,*****,동아대학교,,*****,,,동아대학교,박사,*****,*****
11502095,ok,고은임,여,*****,아주대학교,*****,*****,고전산문,고전소설,서울대학교,박사,*****,*****
11502323,ok,이새롬,여,1987,광주광역시청,공무원,재직,한문학,한시연구,한국학중앙연구원,박사,,"Lee, Sae-rom"
11502333,ok,황육림,남,1986,아주대학교,대학원생,미취업,음운론(국어학),국어국문학과,長春師範大學,학사,黃育林,HUANG YULIN
11503346,ok,김혜빈,여,1992,고려대학교,대학원생,재직,고전시가,고전시가,,,金慧斌,kimhyebin
11505088,ok,오선영,여,1977,경북대학교,강사,재직,응용국어학,"한국어교육학, 대조언어학, 형태론",경북대학교,석사,吳善姈,O seon yeong
11505353,ok,USHIJIMA YOSHIMI,여,*****,선문대학교,*****,*****,기타국문학,근대문학,선문대학교,박사,*****,*****
11505594,ok,Jeffrey Holliday,남,*****,고려대학교,*****,*****,음성학(언어학),음성학,,,,*****
11506109,private,,,,,,,,,,,,
11506199,ok,ZHANG JINGXI,여,1987,,POST-DOC,재직,한국어교육학,한국어교육,연세대학교,박사,張璟曦,ZHANG JINGXI
11506488,ok,양순모,남,1987,연세대학교,연구교수,재직,현대시(국문학),현대시,연세대학교,박사,梁舜模,Yang Soon Mo
11506615,ok,윤영현,남,1987,연세대학교 국학연구원,연구원,재직,현대소설(국문학),"현대소설, 산문, 담론 연구",연세대학교,박사,尹寧炫,"Yoon, Young-Hyun"
11506923,ok,XI XIUYING,여,1983,上海外國語大學,조교수,재직,인지언어학,"한중대조언어학, 인지의미론, 수어연구",경북대학교,박사,昔秀颖,xixiuying
11507033,ok,이지원,여,*****,서울대학교,*****,*****,국어교육학,고전산문교육,서울대학교,박사,*****,*****
11507194,ok,김병준,남,1988,한국학중앙연구원(연계),조교수,재직,학제간연구,데이터사이언스,성균관대학교,박사,金昞俊,"Kim, Byungjun"
11507379,ok,김지윤,여,*****,상명대학교(연계),*****,*****,현대시(국문학),현대문학 시전공,숙명여자대학교,박사,,*****
11508799,private,,,,,,,,,,,,
11509745,ok,ZHAOYINGQIU,여,*****,,,*****,번역문학,한국현대시,,,*****,*****
11509947,ok,이형진,남,1987,동아대학교,강사,재직,현대소설(국문학),현대소설,동아대학교,박사,李炯陳,Lee Hyeong-jin
11510360,private,,,,,,,,,,,,
11510459,ok,곽선우,여,*****,한국외국어대학교,*****,*****,언어교육,외국어로서의한국어교육,한국외국어대학교,박사,*****,*****
11511110,ok,윤세형,남,1965,선문대학교,강사,재직,기타국문학,고전문학,숭실대학교,박사,尹世衡,yun sehyung
11511634,ok,강아람,여,1985,이화여자대학교,강사,재직,현대소설(국문학),한국현대소설,이화여자대학교,박사,姜아람,ARam Kang
11511914,ok,정효진,여,1984,한국외국어대학교,대학원생,재직,국어교육,한국어교육,연세대학교,석사,鄭效眞,Hyojin Jeong
11512113,ok,이재진,남,1976,한국교원대학교(연계),부교수,재직,교육공학,"교육공학, 교수학습, 교육시설환경",University of Texas at Austin,박사,李載辰,Lee Jaejin
11514405,ok,백재파,남,1981,동아대학교(연계),부교수,재직,한국어교육학,한국어교육,동아대학교,박사,白在坡,BACK JAE PA
11517197,ok,정상희,여,1983,세종대학교,초빙교수,미취업,의미론(국어학),의미론,서울대학교,박사,鄭相姬,"Jeong, Sang Hee"
11517234,ok,김윤정,여,1977,덕성여자대학교(연계),조교수,재직,국어교육학,"표현교육, 화법 교육",이화여자대학교,박사,金倫？,Kim Yune Jung
11518811,ok,정예지,여,1991,인천대학교(연계),조교수,재직,음성학(언어학),영어음성학,Purdue University  -  West Lafayette,박사,,Ye-Jee Jung
11519643,ok,정일권,남,1964,조선대학교,강사,재직,한시,한시,조선대학교,박사,,
11520477,ok,심현주,남,1979,영남대학교,강사,재직,한국어교육학,외국어로서의 한국어교육학,계명대학교,박사,沈賢柱,Shim HyunJu
11520509,ok,이은민,여,1987,한양대학교,강사,재직,국어교육학,국어교육,한양대학교,박사,李恩慜,LEE EUNMIN
11520510,ok,김형석,남,*****,수원대학교,,*****,국어교육,문학교육,한양대학교,박사,*****,*****
11521929,ok,김형주,남,1976,경희대학교,대학원생,미취업,기타국문학,한국어와 문학,경희대학교,석사,,
11521966,ok,Kelly Jeong,여,1970,Univ. of California at Riverside,,재직,,,,,Kelly Jeong,Kelly Jeong
11522001,ok,서미화,여,1985,한양대학교,대학원생,,고전산문,국어국문학(고전문학),한양대학교,박사수료,徐美花,SuhMihwa
11522102,ok,곽수범,남,1985,연세대학교(연계),조교수,재직,국어교육학,"쓰기교육, 독서교육",The Ohio State Univ.,박사,,"Kwak, Subeom"
11522153,ok,권양현,여,1976,대전대학교,강의교수,재직,영상문학,현대문학,충남대학교,박사,權湸現,Kwon Yanghyun
11522920,ok,이선화,여,1983,한국외국어대학교,,,국문학사,시,한국외국어대학교,석사,李宣花,"Lee, sunhwa"
11522982,ok,고혜원,여,1969,중앙대학교(연계),부교수,재직,의미론(국어학),국어학,중앙대학교,박사,高惠媛,Ko Hye-won
11523299,ok,정고은,여,1990,성균관대학교 동아시아학술원,선임연구원,재직,현대소설(국문학),현대소설,성균관대학교,박사,鄭誥恩,"Jeong, Go Eun"
11523410,ok,박지윤,여,1984,우석대학교(대학별),부교수,재직,음운론(국어학),음운론 및 한국어교육,이화여자대학교,박사,,JIYOON PARK
11523457,ok,이선영,여,*****,고려사이버대학교(대학별),*****,*****,한국어교육학,한국어문화교육,고려대학교,박사,,*****
11523487,ok,신희성,남,*****,경상국립대학교(연계),*****,*****,국어교육,문법교육,고려대학교,박사,*****,*****
11524032,ok,김융창,남,*****,단국대학교,*****,*****,한문학,한시,단국대학교,석사,*****,*****
11524245,ok,이유미,여,*****,소속없음,*****,*****,현대시(국문학),현대시,서울대학교,박사,*****,*****
11524447,private,,,,,,,,,,,,
11525212,ok,박은정,여,1969,한국외국어대학교,강사,재직,소설,한국현대소설,한국외국어대학교,박사,朴恩廷,"Park, Eunjung"
11525571,ok,연준흠,남,*****,서울대학교,*****,*****,한국어교육학,한국어교육,연세대학교,박사,*****,*****
11525906,ok,최이진,여,1983,홍익대학교(연계),부교수,재직,교수이론/교육방법/교수법,제2언어습득,University of Illinois at Urbana - Champaign,박사,,Choi Lee Jin
11526910,ok,이세연,여,1981,,,,국어교육학,문법전공,이화여자대학교,박사수료,,
11527082,ok,손다정,여,1979,서울여자대학교(연계),조교수,재직,한국어교육학,한국어문화교육학,고려대학교,박사,孫多正,Son Da Jung
11528735,ok,남주연,여,1972,경희대학교,강사,재직,언어교육,한국어교육,경희대학교,박사,南朱姸,Nam Juyeon
11529835,ok,고주환,남,1981,가톨릭관동대학교(연계),부교수,재직,국어교육,"어휘, 어휘교육",가톨릭관동대학교,박사,高周煥,GO JOO HWAN
11529911,ok,김강은,여,1990,성균관대학교,연구교수,재직,고전산문,고전소설,성균관대학교,박사,金江恩,KIM KANG EUN
11529955,ok,한지현,여,1972,국립순천대학교,,재직,대조언어,한국어와 중국어의 대조 분석,,,韓志賢,
11530253,ok,권미소,여,*****,제주특별자치도 제주학연구센터,*****,*****,음운론(국어학),방언,제주대학교,박사,*****,*****
11531838,ok,정지현,여,1960,서정대학교,조교수,재직,한국어교육학,외국어로서의 한국어교육,인하대학교,박사,,"Jeong, Jihyeon"
11533360,ok,김영삼,남,1976,전남대학교,강사,재직,문학비평(국문학),"소설비평, 문학비평",전남대학교,박사,金永三,"kim, young-sam"
11533420,ok,박수영,여,1963,중앙대학교,대학원생,미취업,,,Uppsala University,석사,朴秀英,Park Su Young
11533833,ok,엄진주,여,1980,선문대학교,연구교수,재직,번역문학,동아시아번역문학,선문대학교,박사,嚴眞珠,Eom JinJu
11533851,private,,,,,,,,,,,,
11536277,ok,강란숙,여,1973,건양대학교,초빙교수,재직,한국어교육학,외국어로서의 한국어교육,한국외국어대학교,박사,姜蘭淑,KANG  RANSOOK
11536987,private,,,,,,,,,,,,
11538942,ok,오문경,여,1971,성균관대학교,초빙교수,재직,한국어교육학,한국어교육,한국외국어대학교,박사,吳文慶,"OH, MOON-KYOUNG"
11538957,ok,김세준,남,*****,건국대학교,*****,*****,현대소설(국문학),한국 현대소설,건국대학교,박사,*****,*****
11541211,ok,안신혜,여,1979,호서대학교,강사,재직,국어사,통사론,건국대학교,박사,安信惠,Ahn Shin-hye
11542139,ok,권은선,여,1976,경인교육대학교,강사,재직,국어교육학,"표현교육(작문, 화법, 미디어 교육)",서울대학교,박사,權銀仙,"KWON, EUN SUN"
11542149,ok,김효은,여,1979,경희대학교 후마니타스 교양교육연구소,강사,재직,현대시(국문학),현대시(국문학),서강대학교,박사,金曉垠,KIM HYO EUN
11542420,ok,조영준,남,1983,건국대학교,강사,재직,비교문학(일본문학),근현대문학,名古屋大学,박사,,Jo YoungJoon
11542881,ok,장은섭,남,1973,고려대학교,연구위원,재직,국어교육,작문,고려대학교,박사,張殷燮,Jang eun seob
11543099,ok,김윤진,여,1989,서울대학교,선임연구원,재직,현대소설(국문학),현대소설,서울대학교,박사,金潤辰,KIM YOON JIN
11543261,ok,이소연,여,1971,서강대학교,강사,재직,소설,현대문학,서강대학교,박사,李素姸,Yi Soh-yon
11543831,ok,원보라,여,1987,경인교육대학교,대학원생,,국어교육학,초등국어교육,경인교육대학교,석사,원,WON BORA
11544831,ok,이현정,여,1986,한국교통대학교,강사,재직,고전시가,"고대시가, 향가, 고려가요, 구비시가(무가, 민요)",제주대학교,박사,李炫靜,LeeHyunjeong
11545782,ok,박해랑,여,*****,서원대학교(연계),*****,*****,현대소설(국문학),현대문학,동국대학교,박사,,*****
11545820,ok,김선희,여,1974,제주대학교,강사,퇴직,구비문학,제주도신화,제주대학교,석사,金善熙,kim seon hui
11546133,ok,김승희,여,1973,성균관대학교,초빙교수,재직,기타인문학,한국어교육(문법교육),동덕여자대학교,박사,金承嬉,Kim Seunghee
11546167,ok,정덕현,남,1963,한남대학교,강의교수,재직,현대소설(국문학),글쓰기,한남대학교,박사,鄭德玄,Jeong Duk hyun
11546336,ok,신정아,여,1982,단국대학교(연계),조교수,재직,아동문학,아동문학,단국대학교,박사,,"Shin, Jung-a"
11546701,ok,오은하,여,*****,울산과학기술원,*****,*****,국어교육학,"읽기(독서) 교육, 쓰기(작문) 교육, 듣기, 말하기(화법) 교육",이화여자대학교,박사,,*****
11547088,ok,김민정,여,*****,경희대학교,*****,*****,소설,고전소설,경희대학교,석사,*****,*****
11547518,ok,안정민,여,1982,한국외국어대학교,부교수,재직,한국어교육학,외국어로서의 한국어교육,한국외국어대학교,박사,安貞玟,"Ahn, Jeongmin"
11547821,ok,DUONG THI THANH PHUONG,여,1988,인하대학교,대학원생,재직,기타인문학,다문화교육,,,,
11548267,ok,NIE BAOMEI,여,1984,원광대학교,대학원생,미취업,언어학사,훈민정음 연구,원광대학교,박사,聂宝梅,섭보매
11548721,ok,박서현,남,*****,성신여자대학교(연계),*****,*****,과학기술학,과학기술사,Virginia Polytechnic Institute & State Univ.,박사,,*****
11549064,ok,여희정,여,*****,한국학중앙연구원,*****,*****,기타국문학,한문학,한국학중앙연구원,박사,*****,*****
11552110,ok,정제기,남,1990,영남대학교,강사,재직,서양근대독일철학,칸트 실천철학,영남대학교,박사,,Jung Je-Ki
11554531,private,,,,,,,,,,,,
11555039,ok,하승희,여,1988,동국대학교,연구교수,재직,북한사회및통일연구,북한 사회문화언론,북한대학원대학교,박사,河承希,Ha Seunghee
11555474,ok,조성윤,여,1981,동국대학교(대학별),조교수,재직,국어교육학,국어교육/고전문학교육,동국대학교,박사,,Cho Seong yoon
11555665,ok,김영상,남,1985,성균관대학교 인터랙션사이언스연구소,POST-DOC,재직,코퍼스,화용론,연세대학교,박사,,Youngsang Kim
11557138,private,,,,,,,,,,,,
11558309,ok,박지현,여,1964,서울대학교 철학사상연구소,연구원,재직,동양철학일반,한국성리학,서울대학교,박사,朴智顯,Park Jihyun
11558796,ok,김순진,여,*****,동국대학교,*****,*****,어휘학(중국어학),중국어휘와 문화,동국대학교,박사,*****,*****
11559217,ok,김정운,여,1981,경희대학교,POST-DOC,,한국어교육학,외국어로서의 한국어 교육,Brigham Young Univ.,박사,金正云,Jeongwoon Kim
11560166,ok,Mobrand Erik Johan,남,*****,서울대학교,*****,*****,정치사회/문화,동아시아 정치,Princeton Univ.,박사,,*****
11562315,ok,양지선,여,1972,성균관대학교,초빙교수,재직,한국어교육학,한국어교육,경희대학교,박사,楊智善,"YANG,JI SUN"
11563563,ok,mayan,여,1987,경희대학교,,,문학장르,현대한국문화,경희대학교,박사,馬琰,MAYAN
11563670,ok,서세림,여,1981,중앙대학교(연계),부교수,재직,현대소설(국문학),현대소설 및 현대비평,서울대학교,박사,徐세림,Seo Serim
11564435,ok,강성규,남,1985,고려대학교,연구교수,재직,한문학,한문산문,고려대학교,박사,姜成奎,Kang Seong-kyu
11565363,ok,이소의,여,1964,경성대학교,조교수,재직,현대시(국문학),현대시,경성대학교,박사,李昭義,Lee So Eui
11565651,ok,진혜경,여,1982,연세대학교,대학원생,미취업,,,,,陳惠景,Jin Hye Kyung
11565960,ok,임수경,여,1976,성균관대학교 대동문화연구원,연구원,재직,현대시(국문학),현대문학,성균관대학교,박사,任秀景,Yim Su Kyung
11566007,ok,윤현이,여,1969,,공무원,재직,국어교육학,고전소설교육,강원대학교,박사,윤현이,Yoon Hyeon Yi
11566734,ok,박정영,여,*****,중앙대학교,*****,*****,예술철학,동양예술철학,중앙대학교,박사,*****,*****
11567236,ok,유희재,여,1992,연세대학교,강사,재직,사회언어학,비판적 담화분석,연세대학교,박사,,HUIJAE YU
11567633,ok,황설운,여,1984,배재대학교,조교수,퇴직,기타국어학,외국어로서의한국어학,배재대학교,박사,黃雪云,HUANG XUEYUN
11567673,ok,최우석,남,1980,인제대학교(연계),부교수,재직,현상학,"현상학, 윤리학, 질적 현상학, 의철학,  생명과학윤리, 돌봄윤리",경희대학교,박사,崔祐碩,"Choi, Woosok"
11569103,ok,이창봉,남,1982,한국방송통신대학교,연구원,재직,응용국어학,한국어교육,연세대학교,박사,李昌奉,Lee Changbong
11569368,ok,데이비드 윌리엄 김,남,1973,국민대학교(연계),교수,재직,우주과학,우주인,The University of Sydney,박사,,DAVID WILLIAM KIM
11569506,ok,박상휘,남,1979,부산대학교 인문학연구소,연구원,미취업,일본사상,동아시아 교류사,서울대학교,박사,,Park SangWhi
11569508,ok,한세정,여,1978,고려대학교,강사,재직,현대시(국문학),"현대시, 서구시 수용사",고려대학교,박사,韓世情,"Han, sejeong"
11569658,ok,김동현,남,1991,인하대학교,,재직,기타전자/정보통신공학,정보통신공학,인하대학교,학사,,
11570589,ok,QIAN CHUNHUA,여,1978,명지대학교,객원교수,재직,현대소설(국문학),현대소설,서울대학교,박사,千春花,QIAN CHUNHUA
11570680,ok,엄경섭,여,1973,동아대학교,강사,재직,고전산문,고전소설,동아대학교,석사,嚴慶燮,"Eom, Kyung-Seob"
11571263,ok,조윤경,여,1977,부산외국어대학교,조교수,재직,언어교육,외국어로서의 한국어교육,부산외국어대학교,박사,趙允卿,Cho Yun Kyoung
11571626,ok,황동권,남,1978,경북대학교 퇴계연구소,HK연구교수,재직,한문학,영남학파 연구,계명대학교,박사,黃東權,Hwang dong kwon
11571817,ok,정윤나,여,1983,울산과학기술원,초빙교수,재직,한국어교육학,한국어교육학,충북대학교,박사,鄭潤娜,Yun-Na Jeong
11573680,ok,배현자,여,1969,연세대학교(미래캠퍼스) 근대한국학연구소,연구교수,재직,현대소설(국문학),근대문학,연세대학교,박사,裵賢子,"Bae, Hyun Ja"
11573858,ok,량빈,남,1989,전남대학교,대학원생,미취업,의미론(국어학),시상체계연구,,,梁彬,LIANGBIN
11573938,ok,고영진,남,*****,同志社大學,*****,*****,사회언어학,남북한 언어문제,연세대학교,박사,*****,*****
11575171,ok,최승식,남,1969,동우여자고등학교,고등학교 교사,재직,국어교육학,"국어교육, 작문교육, 독서교육",고려대학교,박사,崔勝植,Choe Seung Sik
11575342,ok,길호현,남,1975,국립공주대학교(연계),부교수,재직,국어교육학,읽기교육,한양대학교,박사,,
11577560,ok,신정은,여,1990,연세대학교,대학원생,재직,현대소설(국문학),현대소설,연세대학교(미래캠퍼스),박사수료,辛定恩,Shin Jeongeun
11577702,ok,김경환,남,1977,신라대학교,겸임교수,재직,국어교육학,국어교육학,고려대학교,박사,,Kim Kyoung Hwan
11577858,ok,박수빈,여,1985,고려대학교 민족문화연구원,연구교수,재직,현대소설(국문학),현대소설,고려대학교,박사,朴秀彬,Park subin
11577918,private,,,,,,,,,,,,
11577962,ok,김누리,여,1994,한국학중앙연구원,대학원생,재직,기타인문학,인문정보학,,,金누리,Nuri Kim
11578645,ok,박옥순,여,1975,동국대학교 문화학술원,전임연구원,재직,현대시(국문학),문예창작,동국대학교,박사,朴玉順,Park Oksoon
11579023,ok,김보배,여,1991,국민대학교(연계),조교수,재직,특수교육,읽기장애 및 학습장애,국민대학교,박사,,Kim BoBae
11579827,ok,최두헌,남,1976,부산대학교,강사,재직,한시,불교시,부산대학교,박사,崔斗憲,"Choi, doo-hun"
11580132,ok,신범숙,여,*****,서울대학교 언어교육원,*****,*****,한국어교육학,문법,서울대학교,박사,,*****
11580633,ok,윤경애,여,1972,영남대학교 인문과학연구소,연구교수,재직,통역번역,일본어 통역번역,계명대학교,박사,尹京愛,YOUN KYUNGAE
11580872,ok,신윤경,여,1983,전주교육대학교(대학별),조교수,재직,국어교육학,초등국어교육(읽기교육),한국교원대학교,박사,愼允卿,Shin Yunkyung
11581388,ok,안준석,남,1985,서울대학교,강사,재직,한문산문,한문산문,서울대학교,박사,安埈奭,"An, Junseok"
11582437,ok,박은미,여,1976,성신여자대학교 인문과학연구소,대학원생,,고전산문,고전소설,성신여자대학교,석사,朴恩美,park eunmi
11582884,ok,서신애,여,1964,성신여자대학교,,,소설,고전소설,성신여자대학교,박사수료,徐信愛,SUHSHINAE
11583956,ok,유은성,여,1970,충남대학교,기타,미취업,헤어미용,서비스마케팅,충남대학교,박사,劉銀星,EUN SUNG YOU
11584684,ok,주윤형,여,1975,중앙대학교,대학원생,미취업,인지언어학,Korean as a second language,Texas A&M University,석사,,Yunhyung Ju
11584783,ok,권수빈,여,*****,재단법인 전남연구원,*****,*****,문화이론/대중문화론,문화학,국립경국대학교,박사,*****,*****
11585024,ok,고우미,여,1989,,,,언어교육,한국어교육전공,,,,
11585674,ok,이경민,남,1983,서울대학교,강사,재직,현대소설(국문학),현대소설,서울대학교,박사,李敬珉,YI KYUNGMIN
11586262,ok,김건형,남,1988,서울대학교,대학원생,미취업,현대소설(국문학),현대소설,서울대학교,박사수료,,KEONHYUNG KIM
11586280,ok,최혜령,여,*****,연세대학교,*****,*****,소설,현대문학,연세대학교,석사,*****,*****
11586282,ok,최희진,여,*****,경북대학교(연계),*****,*****,현대시(국문학),,서울대학교,박사,,
11586571,ok,주위,남,*****,大連外國語大學,*****,*****,대조언어,한국어와 중국어,연세대학교,박사,*****,*****
11586627,ok,박유진,여,1986,이화여자대학교,대학원생,미취업,문학교육,고전문학교육,,,,
11587102,ok,이인표,남,1977,국민대학교(연계),조교수,재직,현대소설(국문학),현대소설,연세대학교,박사,,In-pyo Lee
11588030,ok,김지은,여,1990,덕성여자대학교(연계),조교수,재직,음운론(국어학),음운론,서울대학교,박사,,Kim Ji Eun
11588041,ok,이향원,여,1989,한국과학기술원,강사,재직,음운론(국어학),"국어 음운론, 음성학",고려대학교,박사,李香遠,LEE HYANG WON
11588059,ok,강지영,여,*****,국립목포대학교(연계),*****,*****,구비문학(국문학),구비문학,경상국립대학교,박사,,
11588539,ok,이준희,남,1989,동국대학교,연구교수,재직,통사론(국어학),통사론,동국대학교,박사,李準熙,"Lee,JunHee"
11588619,private,,,,,,,,,,,,
11588899,private,,,,,,,,,,,,
11588944,ok,양정현,남,1988,세종대학교,초빙교수,재직,문학비평(국문학),수사학비평,서강대학교,박사,楊正賢,"YANG, JeongHyeon"
11589060,ok,이창희,남,1989,고려대학교,대학원생,미취업,한문학,"고전번역학, 번역이론, 고전영역(英譯)",고려대학교,박사수료,李昌熙,Lee Changhee
11589190,ok,송주영,여,1971,국립공주대학교,강사,재직,운문,현대시,국립공주대학교,박사,宋周映,Song Ju Young
11589838,private,,,,,,,,,,,,
11589847,ok,김성경,여,*****,한국교육과정평가원,*****,*****,수학교육학,수학교육,경북대학교,박사,*****,*****
11590671,ok,허희정,여,*****,연세대학교,*****,*****,응용국어학,외국어로서의 한국어 교육학,,,*****,*****
11591234,ok,조옥이,여,1969,배재대학교,대학원생,,기타문학,다문화,배재대학교,박사수료,趙玉伊,cho ok yi
11591776,ok,이민아,여,*****,이화여자대학교 뇌융합과학연구원,*****,*****,통사론(언어학),한국어 통사,국민대학교,박사,*****,*****
11591802,ok,정종원,남,1986,한양대학교,연구교수,재직,한국근대사,"사상사, 언론사, 개념사",한양대학교,박사,丁鍾源,"Jung, Jomg-won"
11591968,ok,김은미,여,1975,경희대학교(국제캠퍼스),대학원생,미취업,한국어교육학,한국어교육,東京外國語大學,석사,,
11591971,private,,,,,,,,,,,,
11592236,ok,이시성,여,1990,부산대학교,강사,재직,소설,현대소설,부산대학교,박사,李市成,lee siseong
11592267,ok,김민정,여,1989,재단법인부산여성가족개발원,연구위원,재직,국어교육학,작문교육,한국교원대학교,박사,金玟廷,"Kim, Min Jeong"
11592598,ok,박광길,남,1988,강원대학교,강사,재직,형태론(국어학),단어형성론,강원대학교,박사,朴洸佶,Park Kwang Gil
11592653,private,,,,,,,,,,,,
11593144,ok,전기화,여,*****,경기대학교(연계),*****,*****,고전산문,고전소설,서울대학교,박사,,*****
11593190,ok,최진아,여,1967,대구광역시교육청,공무원,재직,국어교육,인지언어학 및 문법교육,경북대학교,박사,崔眞娥,CHOI JINA
11593209,ok,허진,여,1983,소속없음,기타,미취업,현대소설(국문학),현대문학,고려대학교,박사,許眞,HUR JIN
11593336,ok,이미경,여,*****,경일대학교(대학별),*****,*****,의미론(영어학),영어의미론,경북대학교,박사,*****,*****
11593497,ok,박혜진,여,1993,한양대학교,강사,재직,통사론(국어학),통사론,연세대학교,박사,朴慧眞,Park Hyejin
11593603,ok,김종백,남,1982,성균관대학교 동양철학문화연구소,연구원,재직,예술철학,동양미학,성균관대학교,박사,金鍾伯,KIM JONGBAEK
11594519,private,,,,,,,,,,,,
11594603,ok,송영림,여,1970,건국대학교,연구원,미취업,구비문학,고전문학,건국대학교,박사,宋映林,Song Younglim
11596415,private,,,,,,,,,,,,
11596645,ok,박진성,남,1981,한국학중앙연구원,연구원,재직,고전산문,한국한문학,한국학중앙연구원,박사,朴進星,parkjinsung
11596744,ok,하재영,남,1988,淸華大學,POST-DOC,재직,한국현대사,사회사,University of California at San Diego (UCSD),박사,河在瑩,Jaeyoung Ha
11596974,ok,신일권,남,1966,부산대학교,강사,재직,한시,한국한문학,부산대학교,박사,申一權,"Shin, Il-kwun"
11597044,ok,박정은,여,1980,고려대학교,초빙교수,재직,한국어교육학,한국어학,경희대학교,박사,朴貞垠,"Park, Jung-eun"
11597393,ok,정철훈,남,1959,성균관대학교 동아시아역사연구소,연구위원,재직,한국현대사,역사학 전공,Diplomatic Academy of Ministry of Foreign Affairs of Russia,박사,鄭喆熏,Jung cheolhoon
11598180,ok,차예슬,여,*****,고려대학교,,*****,의미론(중국어학),중국어학,고려대학교,석사,*****,
11598181,ok,류보라,여,1973,목원대학교(연계),부교수,재직,국어교육학,,고려대학교,박사,,Ryu Bora
11599823,ok,최말순,여,1966,國立政治大學,교수,재직,문학사,"台灣文學, 日據時期小說, 韓國現代文學",國立政治大學,박사,崔末順,Mal-Soon Choi
11599990,ok,신천,여,1978,,,재직,문학이론,응용언어학,,,,
11600186,ok,서명수,남,*****,한경국립대학교,*****,*****,건축 역사 및 이론,"건축역사, 이론",University of Florida,박사,*****,*****
11600190,ok,엄희수,여,1993,건국대학교,대학원생,재직,기타인문학,문학치료학,건국대학교,박사수료,嚴熙琇,OMHEESOO
11600491,ok,유승아,여,1978,고려대학교 한국어문교육연구소,대학원생,미취업,,,고려대학교,박사,劉升雅,Yoo Seung A
11600546,ok,박윤수,남,1986,중앙대학교 인공지능인문학연구소,HK연구교수,재직,기타컴퓨터학,컴퓨터 네트워크,중앙대학교,박사,朴允洙,"Younsoo, Park"
11600663,ok,심희찬,남,1980,연세대학교(연계),부교수,재직,일본근대사,한일근대사상사,立命館大學,박사,,HEECHAN SHIM
11600674,ok,이은서,여,1992,,,,,,,,,
11601622,ok,조아임,여,1981,경희대학교,대학원생,,한국어교육학,한국어 교육,경희대학교,석사,趙娥琳,CHO A IM
11602502,ok,이영창,여,1983,강원대학교,대학원생,,,,,,,
11602905,ok,이선진,여,1985,한국학중앙연구원,선임연구원,재직,한국어교육학,한국어교육,경희대학교,박사,,Sunjin Lee
11603308,ok,김순금,여,1966,청운대학교,강사,재직,문학이론,중국현대문학,한양대학교,박사,金順錦,kim soon gum
11603812,private,,,,,,,,,,,,
11605881,ok,노홍주,여,1991,동국대학교,기타,미취업,국어교육학,국어교육/문학교육/현대문학교육,동국대학교,박사,盧弘周,Noh hongju
11606060,ok,김도윤,여,*****,서울대학교,*****,*****,국어교육학,문법교육,서울대학교,박사수료,*****,*****
11606317,ok,마혜정,여,1975,국립목포대학교,강사,재직,현대소설(국문학),현대소설,국립목포대학교,박사,,"Ma, HYe-jeong"
11606674,ok,정유남,여,*****,국립순천대학교(연계),*****,*****,의미론(국어학),의미론,고려대학교,박사,*****,*****
11606727,ok,조경희,여,1973,성공회대학교(대학별),부교수,재직,정치사회학/사회운동론,"식민주의, 이주, 디아스포라",東京外國語大學,박사,趙慶喜,Cho Kyunghee
11606809,ok,김미경,여,1990,,,미취업,응용국어학,한국어교육,,,,
11608667,ok,김이향,여,*****,서울대학교,*****,*****,,,,,*****,*****
11608763,ok,이윤희,여,1970,충남대학교,강사,재직,화용론(언어학),의미화용론,충남대학교,박사,李允喜,LeeYunHee
11609050,ok,진용성,남,1981,,,,,,,,陳勇成,"Jin, yong seong"
11609065,ok,하호빈,남,1980,홍익대학교,강사,재직,음운론(국어학),음운론,홍익대학교,박사,河鎬彬,Ha Ho Bin
11609506,ok,정기선,남,1981,충남대학교(연계),조교수,재직,고전시가,고전시가,서울대학교,박사,鄭基先,JUNG KISUN
11610058,private,,,,,,,,,,,,
11610105,ok,이영석,남,1973,경희대학교(연계),부교수,재직,연극사,한국연극사,서울대학교,박사,李永錫,LEE YOUNGSEOK
11610659,ok,이주미,여,1985,,,,현대희곡(국문학),"희곡, 연극",건국대학교,석사,李周米,Lee Jumi
11611081,ok,정용호,남,1984,울산대학교,객원교수,재직,현대시(국문학),한국현대시,울산대학교,박사,鄭容昊,Jeong Yongho
11611558,ok,손민영,여,1981,호서대학교,초빙교수,재직,문예창작,글쓰기교육,한남대학교,박사,孫慜英,SonMinyoung
11611614,ok,김지영,여,1974,경성대학교,조교수,재직,한국어교육학,한국어교육,연세대학교,박사,金知英,"Kim, Jee Young"
11611615,ok,황지유,여,1982,,,,,,,,,
11611659,ok,장봉기,남,1980,Syracuse Univ.,부교수,재직,국어교육학,독서교육,University of Virginia,박사,張峰綺,Bong Gee Jang
11612027,ok,김수현,여,1982,명지대학교,대학원생,미취업,문예창작,현대시,,,金修鉉,KIM SUHYUN
11613612,ok,엄국화,남,1979,서울대학교 인문학연구원,선임연구원,재직,한국유가철학,다산학 서학 기독교윤리학 주역철학,숭실대학교,박사,嚴國華,Uhm Kookhwa
11613819,ok,김부경,여,1983,한양대학교,대학원생,미취업,기타교육학,다문화교육,서울교육대학교,석사,金綒經,Kim BooKyoung
11614172,private,,,,,,,,,,,,
11614988,ok,이주성,남,1991,선문대학교,대학원생,미취업,현대소설(국문학),현대소설,,,李主成,LeeJuSoung
11615023,ok,김민수,남,1988,선문대학교 인문미래연구소,강사,재직,문학사,현대소설,선문대학교,박사,金珉垂,KIM MINSU
11617688,ok,이희영,여,1985,배재대학교(연계),조교수,재직,문학,현대문학(글쓰기),배재대학교,박사,,"Lee, Hee-Young"
11618939,ok,이승찬,남,1978,,,미취업,한국어교육학,한국어교육정보학,연세대학교,박사수료,,
11618969,ok,김춘규,남,1986,서울대학교,대학원생,미취업,소설,현대소설전공,서울대학교,박사수료,金春奎,Kim Chun-kyu
11620683,ok,황지선,여,1985,이화여자대학교,연구교수,재직,현대소설(국문학),현대소설,이화여자대학교,박사,黃智宣,Hwang ji seon
11620820,ok,권태현,남,1976,충북대학교(연계),부교수,재직,국어교육학,작문교육,한국교원대학교,박사,權兌炫,"KWON, TAE HYEON"
11621392,ok,고유림,여,1974,경희대학교,대학원생,,,,,,高裕林,koyulim
11621707,ok,손유정,여,1973,한국외국어대학교,강사,재직,언어교육,외국어로서 한국어교육,한국외국어대학교,박사,,
11621905,ok,강미노,남,1976,Freie Univ. Berlin,조교수,재직,한국정치사회,"정당정치, 정치 체제, 비교 정치",서울대학교,박사,,Hannes B. Mosler
11622077,ok,전형길,여,*****,가톨릭대학교,*****,*****,한국어교육학,한국어문화교육,고려대학교,박사,*****,*****
11622109,ok,이지혜,여,1983,숙명여자대학교,강사,재직,한국어교육학,국제한국어교육,숙명여자대학교,박사,李智慧,LeeJeehae
11622591,ok,이화선,여,1966,선문대학교,연구교수,미취업,기타국문학,과학기술과문학,선문대학교,박사,李和宣,Hwaseon Lee
11622721,ok,남지현,여,*****,,,,국어교육,문학교육,고려대학교,박사,*****,*****
11623178,ok,박미아,여,1966,서강대학교 인문과학연구소,선임연구원,재직,한국현대사,재일조선인사,서강대학교,박사,朴美娥,park mi ah
11623199,private,,,,,,,,,,,,
11623296,ok,한지윤,여,1988,연세대학교 언어정보연구원,연구원,재직,전산언어학,전산언어학,연세대학교,박사,韓知阭,Han Ji Yoon
11623302,ok,주해연,여,1980,University of Toronto,조교수,재직,가족/성(gender)의사회학,"젠더사회학, 사회불평등, 이주, 질적방법론",University of Wisconsin - Madison,박사,,Hae Yeon Choo
11624283,ok,유귀영,여,1977,국립금오공과대학교,강사,재직,고전산문,고전소설,경북대학교,박사,柳貴英,Yu gwi yeong
11624321,ok,이진송,여,*****,이화여자대학교,*****,*****,소설,현대소설,이화여자대학교,박사,,*****
11625053,ok,배윤정,여,1991,서울대학교,강사,재직,음운론(국어학),음운론,서울대학교,석사,裵倫廷,Bae yoonjeong
11625128,ok,이상아,여,1989,서울대학교(연계),조교수,재직,전산언어학,컴퓨터언어학,서울대학교,박사,李尙娥,"Lee, Sangah"
11625274,ok,홍진옥,여,1985,부산대학교(연계),조교수,재직,한문학,조선후기한문학,서울대학교,박사,洪鎭鈺,Hong Jinok
11625299,private,,,,,,,,,,,,
11625336,ok,구순옥,여,1971,단국대학교 한문교육연구소,연구교수,재직,기타인문학,한문고전번역,고려대학교,박사,具順玉,Ku soon ock
11625918,ok,박수민,여,*****,서울대학교,*****,*****,전산언어학,전산언어학,서울대학교,박사,,*****
11626055,ok,박경희,여,1968,전남대학교,강사,재직,현대소설(국문학),현대문학,전남대학교,박사,朴慶禧,Park Kyung Hee
11626347,ok,김민수,남,1988,성균관대학교,연구원,재직,구비문학(국문학),구비문학전공,건국대학교,박사,金玟洙,KIM Minsu
11626740,ok,손수경,여,1982,우석대학교(대학별),조교수,재직,교육평가,교육측정및통계,고려대학교,박사,孫秀京,Son Soo Kyoung
11626902,ok,이종웅,남,1972,주식회사 엘솔루,수석연구원,재직,자연언어처리,전산학,Ludwig Maximilian University of Munich,박사수료,李鐘雄,Jongwoong Lee
11626933,ok,윤옥경,여,*****,영남대학교 학교교육연구소,*****,*****,언어교육,외국어로서의 한국어교육,영남대학교(대명),박사,,*****
11627878,ok,이원양,남,1984,소속없음,기타,미취업,평론,비평이론,서울시립대학교,박사,李元陽,
11628829,ok,강진선,여,1991,한양대학교,대학원생,재직,한문학,한시,한양대학교,박사수료,姜眞善,"KANG, JINSUN"
11632826,private,,,,,,,,,,,,
11632882,ok,박미은,여,1979,청주대학교(연계),조교수,재직,통사론(국어학),국어통사론,중앙대학교,박사,朴美銀,"PARK, MI-EUN"
11633098,ok,차성환,남,1978,육군사관학교,강의교수,재직,현대시(국문학),현대시,한양대학교,박사,車成煥,cha shung hwan
11633191,ok,황명환,남,1984,순천향대학교(연계),조교수,재직,응용인지과학,영어교육 및 측정평가,연세대학교,박사,黃明煥,"Hwang, Myunghwan"
11633343,ok,윤경선,여,1983,중앙대학교,강사,재직,의미론(언어학),의미론,중앙대학교,박사,尹敬善,YOON GYUNG SEON
11633418,private,,,,,,,,,,,,
11633540,ok,CAOWENKAI,남,1987,사이버한국외국어대학교,조교수,재직,음성학(국어학),국어학,한국외국어대학교,박사,曹文凯,CaoWenkai
11633960,ok,유재형,남,*****,한양대학교,*****,,고전산문,고전문학전공(18세기),한양대학교,석사,*****,*****
11634291,ok,이은민,여,1977,전남대학교,공무원,재직,문학교육,"국어교육, 한문교육",전남대학교,석사,李恩旻,Lee Eun Min
11634329,ok,김보경,여,1978,고려대학교,,재직,언어교육,사전학,SOAS. University of London,박사,金保京,Kim Bokyoung
11635542,ok,윤현진,여,1986,부산대학교,전임연구원,재직,국어교육,현대문학교육(시),부산대학교,박사,尹現珍,Yun Hyeon-Jin
11635551,ok,이승희,여,*****,가천대학교,*****,*****,국어교육,한국어교육,한성대학교,박사,*****,*****
11636399,private,,,,,,,,,,,,
11638286,ok,이나영,여,1980,경북대학교,강사,재직,현대시(국문학),한국현대시,경북대학교,박사,李奈映,LeeNayoung
11639033,ok,임혜정,여,1977,고려대학교,겸임교수,재직,교육사회학,교육사회학,고려대학교,박사,,Lim Hyejung
11640594,ok,김해인,여,1988,고려대학교 한국어문교육연구소,연구교수,재직,국어교육학,독서교육,고려대학교,박사,金海仁,Kim Haein
11642804,ok,이승용,남,1966,선문대학교,,,문학이론,고전문학,,,李承勇,Lee Seungyong
11642902,ok,최희정,여,1982,한국학중앙연구원(연계),조교수,재직,문화인류학,문화인류학,University of Illinois at Urbana - Champaign,박사,,Hee Jung Choi
11642910,ok,TIANYU,남,1987,전남대학교,,,고전시가,한문학,,,田宇,TIAN YU
11642999,ok,하지희,여,1983,건국대학교,대학원생,,통사론(국어학),국어통사론,건국대학교,학사,河智熙,HA JIHEE
11643357,ok,홍윤혜,여,1963,홍익대학교(연계),부교수,재직,응용국어학,외국어로서의 한국어 교육,연세대학교,박사,,Hong Yun Hye
11644850,ok,김풀잎,여,*****,서울대학교,,,국어교육학,문법,서울대학교,박사,*****,*****
11645046,ok,이지수,여,1978,한국교육과정평가원,연구원,재직,국어교육학,문법 교육,서울대학교,박사,李芝修,Lee Ji-su
11645687,ok,이효정,여,1984,서울대학교,대학원생,,국어교육학,국어교육,,,李孝貞,LEE HYO JUNG
11645719,ok,고경재,남,*****,경상국립대학교(연계),*****,*****,국어교육학,"국어사, 국어교육",고려대학교,박사,,*****
11646240,ok,성우철,남,1989,한국학중앙연구원(연계),조교수,재직,국어교육학,국어사교육,고려대학교,박사,成宇哲,
11646482,ok,서인숙,여,1976,동국대학교,대학원생,,문학이론,독자 비평 연구,,,徐仁淑,Seo Insook
11647056,ok,양혜승,여,1971,충북대학교,초빙교수,재직,산문,고전소설,고려대학교,박사,楊惠勝,Yang Hyeseung
11647083,ok,이만강,남,1988,연세대학교 매체와예술연구소,대학원생,미취업,영상문학,현대문학,연세대학교,석사,李萬康,"Lee,Mangang"
11647088,ok,이종호,남,1972,고려대학교,대학원생,,한문산문,한문학,고려대학교,석사,李鍾昊,Lee Jogho
11647111,ok,이연수,여,*****,가톨릭대학교,,,텍스트언어,응용텍스학과,,,*****,*****
11647343,ok,안수현,여,1981,세명대학교(대학별),조교수,재직,교육평가,교육측정 및 평가,성균관대학교,박사,安修玄,Ahn su hyun
11647589,ok,이혜경,여,1982,원광대학교,연구교수,재직,문예창작,"현대시, 글쓰기",원광대학교,박사,李惠敬,Lee hye kyoung
11647697,private,,,,,,,,,,,,
11647925,private,,,,,,,,,,,,
11649285,ok,장지혜,여,*****,춘천교육대학교(연계),*****,*****,국어교육학,작문교육,서울대학교,박사,,*****
11650739,ok,김상우,여,1989,연세대학교,,,,,,,金相佑,Kim Sangwoo
11651491,ok,송슬기,남,1991,연세대학교,,재직,국어교육학,문장교육,연세대학교,석사,宋슬기,Seul Ki Song
11651595,ok,박주형,남,*****,인천대학교(연계),*****,*****,국어교육,문학교육,서울대학교,박사,*****,*****
11652261,ok,CUI XIAOJUAN,여,1990,서울대학교,위촉연구원,재직,기타인문학,한국어 방언 음운론,서울대학교,박사,崔小娟,CUI XIAOJUAN
11653182,ok,엄나영,여,1985,영남대학교,강사,재직,한국어교육학,외국어로서의 한국어교육,영남대학교,박사,嚴糥英,Eum Na Young
11654363,ok,이진,여,1982,세종대학교(연계),조교수,재직,한국어교육학,한국어교육정보학,연세대학교,박사,李珍,Lee Jin
11654684,ok,윤예진,여,1990,서울대학교,대학원생,미취업,음운론(국어학),형태음운론,서울대학교,석사,尹藝珍,YOON YEJIN
11654786,ok,제하나,여,1992,연세대학교,강사,재직,고전산문,고전소설,연세대학교,박사수료,諸하나,Hana Je
11655039,ok,AN LINGZHU,여,1989,한양대학교,강사,재직,언어교육,한국어교육,연세대학교,박사,安玲珠,AN LINGZHU
11655288,ok,김호성,남,1988,연세대학교,,재직,현대시(국문학),현대시,연세대학교,박사,,Kim Ho Sung
11655293,ok,문형준,남,1975,한국연구재단,기타,퇴직,현대영미소설,"재난소설, 디스토피아, 문화연구",University of Wisconsin - Milwaukee,박사,,Hyong-Jun Moon
11655564,ok,이정용,남,1994,선문대학교,대학원생,재직,현대소설(국문학),국어국문,선문대학교,석사,李廷勇,LeeJeongYong
11655657,ok,김지아,여,*****,세종대학교,*****,*****,현대소설(국문학),현대소설,연세대학교,박사,*****,*****
11655736,ok,임상은,여,1991,서강대학교,,미취업,응용국어학,외국어로서의한국어교육,연세대학교,박사,,Sangeun Lim
11655950,ok,신아영,여,1994,연세대학교,대학원생,재직,통사론(언어학),국어학,연세대학교,박사,申雅榮,Shin A Young
11656028,ok,김시연,여,*****,연세대학교,*****,*****,구비문학,구술서사전공,연세대학교,석사,,
11656171,private,,,,,,,,,,,,
11656245,ok,최지희,여,*****,연세대학교 언어연구교육원 한국어학당,,*****,한국어교육학,한국어교육정보학,,,*****,*****
11657360,ok,김은솔,여,*****,(주)엘지경영개발원 AI연구원,,*****,국어사,국어사,연세대학교,박사,,*****
11657372,ok,이종혁,남,*****,연세대학교,*****,*****,통사론(국어학),국어학,연세대학교,석사,*****,*****
11659816,ok,손동호,남,1980,사단법인 한국인문사회총연합회,연구교수,재직,현대소설(국문학),한국 근대문학,연세대학교,박사,孫東鎬,Son Dong-ho
11659833,ok,정승연,여,*****,동국대학교,*****,*****,언어교육,외국어로서의 한국어 교육,,,*****,*****
11660238,ok,임보람,여,1983,강원대학교 국학연구소,연구원,재직,현대소설(국문학),"현대문학, 서사학, 수사학, 문예창작",서강대학교,박사,林보람,"Im, Boram"
11660336,ok,김민영,여,1981,중앙대학교,강사,재직,영상문학,TV드라마,중앙대학교,박사,金敏永,Kim Min yeong
11660640,ok,정진희,여,1984,,,,음운론(언어학),구성원소이론,한국외국어대학교,박사수료,,
11660745,ok,오영섭,남,1977,인하대학교(연계),조교수,재직,기타교육학,다문화교육(다문화상담),인하대학교,박사,吳瑛燮,Youngsub Oh
11660876,ok,이현진,여,1981,,,미취업,국어교육학,독서교육,고려대학교,박사수료,,
11661677,ok,남유진,여,*****,고려대학교,*****,*****,의미론(국어학),의미론,고려대학교,박사수료,*****,*****
11661679,ok,최일영,남,1986,고려대학교,,미취업,한문학,한국한문학,고려대학교,박사수료,崔日映,Choi Il Young
11661687,ok,진윤정,여,1984,고려대학교,대학원생,재직,발달사,국어학사,고려대학교,박사수료,陳允貞,JIN YUNJEONG
11662010,ok,이경화,여,1990,고려대학교,강사,재직,구비문학,"구비문학, 민속학, 문화콘텐츠",고려대학교,박사,,Lee Kyung Hwa
11662260,ok,이미진,여,1988,고려대학교 고려대학교 부설 한자한문연구소,연구교수,재직,한문산문,한문산문,고려대학교,박사,李美珍,Lee Mijin
11662450,private,,,,,,,,,,,,
11662646,ok,신소윤,여,1994,경북대학교,강사,재직,고전비평,고전비평(한문학),경북대학교,박사수료,申所潤,Shin so youn
11662677,ok,배은혜,여,1991,동국대학교,강사,재직,음운론(언어학),국어음운사,,,裵恩惠,Bae Eunhye
11662679,ok,강현아,여,1993,경북대학교,,,,,,,姜賢兒,KANG HYEON AH
11662781,private,,,,,,,,,,,,
11662815,ok,이재섭,남,1992,경북대학교,강사,재직,방언학(국어학),사회방언학,경북대학교,박사,李在燮,Jaeseob Lee
11663449,ok,이보미,여,1992,연세대학교,대학원생,,한국어교육학,한국어교육,연세대학교,석사,李보미,Lee Bomi
11663775,ok,WANGYANAN,여,1988,고려대학교,기타,미취업,한문학,한문학,고려대학교,박사,王亞楠,WANG YANAN
11664262,ok,김태영,여,1989,한라대학교,강사,재직,소설,고전소설,고려대학교,박사,金泰穎,kimtaeyoung
11664424,ok,전은경,여,1990,,,,화용론(국어학),의미론,中央民族大學,석사,,
11664531,ok,션스린,여,1982,경북대학교,,,통사론(언어학),한국어문법론,,,沈士琳,shen shi lin
11664716,private,,,,,,,,,,,,
11666661,ok,이준희,남,*****,서울대학교,*****,*****,영상문학,국어국문학과,서울대학교,석사,*****,*****
11666871,ok,최계영,여,1976,서울대학교,강사,미취업,역사/비교언어학,만주퉁구스어학,서울대학교,박사,崔桂英,"Choe, Gyeyeong"
11667184,ok,유민형,남,1984,고려대학교,대학원생,미취업,구비문학(국문학),판소리,고려대학교,박사,劉旻馨,Yoo Min-Hyung
11667913,ok,김수지,여,1992,광주교육대학교,강사,재직,국어교육학,"문학교육, 현대소설교육",한양대학교,박사,金守志,Kim Su Ji
11668275,ok,김희상,남,1986,東京大學,대학원생,,,,東京大学,석사,金 希相,"KIM, HEESANG"
11668756,ok,윤희상,남,*****,Stanford University,*****,*****,현대소설(국문학),현대문학,고려대학교,박사수료,*****,*****
11669193,ok,장윤정,여,1977,숙명여자대학교,강사,재직,한국어와문학,국제한국어교육,숙명여자대학교,박사,張允禎,JANG YOUN JUNG
11670006,ok,박병훈,남,*****,원광대학교 종교문제연구소,*****,*****,한국종교일반,한국종교전통,서울대학교,박사,*****,*****
11670410,ok,도정업,남,1980,서울대학교 인문학연구원,선임연구원,재직,역사/비교언어학,알타이어학,서울대학교,박사,都正業,Do Jeong Up
11670605,ok,푸량,여,1993,경북대학교,,미취업,형태론(국어학),문법론,,,付亮,FU LIANG
11670975,private,,,,,,,,,,,,
11670992,ok,이정연,여,1973,이화여자대학교,기타,재직,한국어교육학,외국어로서의 한국어교육,한국외국어대학교,박사,李禎蓮,lee jung youn
11671452,ok,나원주,여,*****,이화여자대학교,*****,*****,한국어교육학,한국어교육,이화여자대학교,박사,*****,*****
11671700,ok,공주은,여,1988,영남대학교,객원교수,재직,현대소설(국문학),현대소설(국문학),영남대학교,박사,孔主恩,GongJueun
11671881,ok,이정민,남,1987,강원대학교,대학원생,미취업,현대희곡(국문학),근현대연극사,,,李情玟,Lee Jung-min
11672516,ok,오예림,여,1990,서울대학교,대학원생,미취업,국어교육학,한국어교육전공,서울대학교,박사수료,吳叡琳,OH Yelim
11672528,ok,김지영,여,1982,숙명여자대학교 인문학 연구소,HK교수,재직,비교문학,일본근현대문학,東京大學,박사,金志映,Jiyoung Kim
11672633,ok,이지은,여,*****,서울대학교,*****,*****,현대시(국문학),현대시,서울대학교,석사,*****,*****
11673417,ok,홍승혜,여,1989,고려대학교,기타,재직,기호학,기호학,고려대학교,박사,,SEUNG HYE HONG
11673822,ok,이혜원,여,*****,신라대학교,*****,*****,한국어교육학,"담화분석, 공감교육, 말하기, 듣기, 화용",부산외국어대학교,박사,*****,*****
11676077,ok,최종원,남,*****,국립군산대학교,*****,*****,통사론(국어학),문법론(통사의미),서울대학교,박사,*****,*****
11680090,ok,하신영,여,1979,인천대학교(연계),부교수,재직,음운론(국어학),"국어음운론, 한국어교육",서울대학교,박사,河信永,"Ha, Shin Young"
11680183,ok,김현숙,여,1964,충남대학교,대학원생,,국어교육,외국어로서의 한국어교육,,,金顯淑,HYUNSUK KIM
11680244,ok,최선호,여,1971,아주대학교 다산기초교육연구소,강사,재직,소설,현대소설,국가평생교육진흥원(대학과정),학사,崔 善 鎬,Choi Sunho
11680646,ok,이건범,남,1965,,,,,,,,,Keonbum Lee
11680815,ok,강설금,여,1982,서울시립대학교,객원교수,재직,중국문화학,중국근현대문학,서울대학교,박사,姜雪今,Jiang Xuejin
11681183,ok,오소은,여,1995,충남대학교,강사,재직,고전시가,고전문학,충남대학교,박사,,Oh Soeun
11683394,ok,이주희,여,1992,연세대학교,대학원생,미취업,사회언어학,사회언어학,연세대학교,박사수료,,"Lee, Juhee"
11686149,ok,이기영,여,1968,한국과학기술원,강사,재직,한국어교육학,외국어로서의 한국어교육,배재대학교,박사,李紀永,"Yi, Kieyoung"
11686655,ok,윤선영,여,1984,고려대학교,연구교수,재직,한국경학,한문학,고려대학교,박사,尹善英,"Yoon, Sun-young"
11686814,ok,이찬행,남,1985,명지대학교,,미취업,문예창작,문화콘텐츠,,,李燦行,Lee Chan Haeng
11687769,ok,임희현,여,1989,서울대학교,강사,재직,현대소설(국문학),현대소설,서울대학교,박사,林希炫,Heehyun Lim
11689268,private,,,,,,,,,,,,
11693853,ok,김지율,여,1973,경상국립대학교,연구교수,재직,운문,현대시,경상국립대학교,박사,金志栗,KimJiYul
11696211,ok,윤유나,여,1986,동국대학교,대학원생,재직,운문,시,동국대학교,박사수료,尹宥那,YoonYooNa
11696295,ok,리우팡,여,1981,靑島幼兒師範高等專科學校,조교수,재직,의미론(국어학),"인지언어학, 대조언어학",경북대학교,박사,劉芳,Liu Fang
11696450,ok,유상희,여,1981,한국교육과정평가원,부연구위원,재직,국어교육학,국어 교육(논증 교육),The Ohio State Univ.,박사,柳尙希,"Ryu, Sanghee"
11696615,ok,전영지,여,1979,한국예술종합학교,강사,재직,연극사,한국계 미국 연극,University of Illinois at Urbana - Champaign,박사,,Young Ji Jeon
11697061,ok,박은선,여,1958,한남대학교,강사,재직,문예창작,비평,한남대학교,박사,朴殷善,Eunseon Park
11697107,ok,오연경,여,1974,고려대학교(연계),부교수,재직,문학이론,현대문학,고려대학교,박사,吳硏鏡,Oh Younkyung
11697440,private,,,,,,,,,,,,
11698642,ok,전기량,여,*****,(사)세종대왕기념사업회,*****,*****,국어사,국어문법사,동국대학교,박사,*****,*****
11699006,ok,하현정,여,*****,전남대학교,*****,*****,의미론(언어학),의미론,전남대학교,박사수료,*****,*****
11699647,ok,김희동,남,1979,서울교육대학교,강사,재직,,,서울교육대학교,박사,金熙東,Kim Heedong
11699671,ok,양영옥,여,*****,성균관대학교,*****,*****,한문학,필기문학,성균관대학교,박사,*****,*****
11699759,ok,박융배,여,1977,이화여자대학교 뇌융합과학연구원,,재직,,,,,,
11700230,ok,주수민,여,*****,한국외국어대학교,*****,*****,고전산문,고전소설,한국학중앙연구원,박사,*****,*****
11700654,ok,이건호,남,1981,한양대학교,강사,재직,고전산문,설화,한양대학교,박사,이건호,Lee gun-ho
11701012,ok,박선이,여,*****,고려대학교,*****,*****,한문학,한문산문,고려대학교,박사,*****,*****
11701839,ok,유예현,여,1987,서울대학교,,,,,,,柳藝鉉,YOO YEHYUN
11702431,ok,이동훈,남,1969,동아방송예술대학교(대학별),조교수,재직,방송·영상,방송영상뉴미디어,중앙대학교,석사,李東薰,Lee Dong Hoon
11703097,ok,정장순,남,1988,한국기술교육대학교,강사,재직,구비문학,국어국문학과,고려대학교,박사,鄭章淳,Jeong Jang Soon
11703224,ok,임정남,여,1978,한양대학교,기타,재직,언어교육,한국어 읽기 / 발음,한양대학교,박사,任貞南,Im Jung-nam
11703342,ok,김대진,남,1989,동국대학교,대학원생,재직,작가론,식민지 작가론,동국대학교,박사수료,金大晉,"Kim, Dae-jin"
11705175,ok,남향림,여,1987,고려대학교 민족문화연구원,선임연구원,재직,어휘론(국어학),어휘사,경희대학교,박사,南香林,Nan Xianglin/Nam Hyangrim
11705269,ok,남궁선,여,1973,연성대학교,강사,재직,현대시(국문학),현대시,고려대학교,박사,南宮屳,NAMGUNG SUN
11706712,ok,이지은,여,1983,서울대학교 인문학연구원,선임연구원,재직,현대소설(국문학),현대소설,서울대학교,박사,李知垠,LEE JIEUN
11706863,ok,안한나,여,1977,평택대학교,부교수,재직,한국어교육학,한국어교육(외국어로서의 한국어),연세대학교,박사,,AHNHANNA
11707425,private,,,,,,,,,,,,
11707684,private,,,,,,,,,,,,
11707763,private,,,,,,,,,,,,
11708207,ok,류재화,남,1955,,,,한문산문,한국한문학,영남대학교,박사,류재화,Ryu Jae-Hwa
11708742,ok,이강석,남,*****,부산대학교,*****,*****,한문학,한문학,부산대학교,박사,*****,*****
11709363,ok,김지훈,남,1988,연세대학교(미래캠퍼스) 글로벌한국학연구소,전임연구원,재직,한국현대사,한국사,연세대학교,박사,金志勳,Kim Jihoon
11709604,ok,이수연,여,1982,국민대학교(연계),부교수,재직,의미론(국어학),"의미론, 문법론",서울대학교,박사,李秀娟,LeeSooYeon
11709831,ok,전민경,여,1983,부산대학교,강사,재직,한문학,연행록,부산대학교,박사,田旼坰,jeon min gyeong
11710122,ok,류연석,남,*****,서울대학교,,*****,국어교육,"문학, 문학교육, 고전시가교육",서울대학교,박사,*****,*****
11710463,ok,오영창,남,1992,서울대학교,선임연구원,재직,국어교육학,고전시가,서울대학교,박사,,Youngchang Oh
11710905,ok,임진숙,여,1977,부산외국어대학교,조교수,재직,한국어교육학,외국어로서의 한국어 교육학,부산외국어대학교,박사,林珍淑,limkjinsuk
11711276,ok,LIUNA,여,1983,서울대학교 국어교육연구소,연구원,미취업,국어교육학,한국어교육,서울대학교,박사,劉娜,LIUNA
11711968,ok,나보령,여,1987,한국해양대학교,조교수,재직,현대소설(국문학),현대문학,서울대학교,박사,羅寶鈴,Na Boryeong
11712391,ok,김치성,남,*****,한양대학교(연계),*****,*****,,,한양대학교,박사,,*****
11712789,ok,이앤슈아이,남,1987,건국대학교,조교수,재직,언어교육,"외국어습득론, 언어교육이론",경희대학교,박사,閻帥,YAN SHUAI
11712865,ok,김유정,여,1985,경상국립대학교,강사,재직,음운론(언어학),방언,영남대학교,박사,,kim yu jeong
11713374,ok,은필관,남,1984,고려대학교,대학원생,,국어교육,고전문학/고전문학교육,고려대학교,석사,殷必官,Eun Pilgwan
11713545,ok,이한나,여,1990,연세대학교 인문학연구원,연구교수,재직,현대소설(국문학),한국현대소설,동국대학교,박사,李한나,Lee Hannah
11714051,ok,조용구,남,1980,광주교육대학교,강사,재직,국어교육학,초등국어교육,한국교원대학교,박사,曺榕九,Jo Yong-gu
11714524,private,,,,,,,,,,,,
11714801,ok,심지영,여,1970,세종대학교(연계),부교수,재직,통사론(국어학),"통사의미론, 대조언어학, 한국어교육학",서울대학교,박사,沈志暎,SIM JI YOUNG
11715888,private,,,,,,,,,,,,
11715975,ok,이지용,여,1979,경상국립대학교(연계),부교수,재직,의미론(국어학),의미론,고려대학교,박사,,"Lee, Jiyong"
11716044,ok,오선경,여,*****,원광디지털대학교(대학별),*****,*****,한국어교육학,한국어문화교육학,고려대학교,박사,,*****
11716777,ok,김운옥,여,1963,영진전문대학교,조교수,재직,한국어교육학,외국어로서의 한국어 교육,영남대학교,박사,金雲玉,Kim Woon Ok
11716783,ok,윤영해,여,1974,한국외국어대학교,강사,재직,음운론(국어학),한국어 발음교육,한국외국어대학교,박사,,Yoon Young Hae
11716839,ok,김남규,남,1982,아주대학교,강의교수,재직,문학사,현대문학,고려대학교,박사,金男奎,"Kim, NamKyu"
11717304,ok,유요문,남,1987,국립순천대학교(연계),조교수,재직,고전산문,고전소설,고려대학교,박사,兪堯文,Yomoon Yoo
11717765,ok,이승희,여,*****,성균관대학교,*****,*****,예술철학,예술철학,성균관대학교,박사,*****,*****
11717782,ok,유리,여,*****,국립공주대학교(연계),*****,*****,국어교육학,국어교육,한양대학교,박사,,
11719203,ok,정진이,여,1981,가톨릭관동대학교,강사,재직,TV/뮤지컬드라마,공연콘텐츠,한양대학교,박사,鄭珍伊,Jung JinYi
11719450,private,,,,,,,,,,,,
11719827,ok,김윤슬,여,1990,부산대학교,강사,재직,통사론(언어학),한국어통사론,부산대학교,석사,金윤슬,KIM YOONSEUL
11721643,ok,송영숙,여,1968,경희대학교,대학원생,미취업,전산언어학,국어학,경희대학교,박사,,youngsook song
11723285,ok,장연진,여,1976,고려대학교,강사,재직,현대소설(국문학),한국 현대 소설,고려대학교,박사,張姸珍,Jang Yeon Jin
11723286,ok,김개영,남,*****,국립목포대학교(연계),*****,*****,문예창작,소설/창작론,동국대학교,박사,,
11723290,ok,김주식,남,1984,동국대학교,대학원생,재직,국어교육학,기능론(듣기말하기읽기쓰기 통합),,,金柱植,Ju-sic kim
11723348,ok,심선향,여,1974,광주과학기술원,강의교수,재직,기타인문학,"한국어,한국문화 교육 전공",한국외국어대학교,박사,沈宣享,"Shim, Sun-Hyang"
11723360,ok,이병하,남,1991,서울대학교,대학원생,미취업,,,,,李炳夏,Lee Byung Ha
11724263,ok,TANGQI,여,*****,연세대학교,*****,*****,사회언어학,사회언어학,연세대학교,박사,*****,*****
11724458,ok,송다금,여,1981,연세대학교,강사,재직,현대소설(국문학),현대문학,연세대학교,박사,宋多昑,SONG DAGEUM
11724652,ok,담력기,남,*****,고려대학교,*****,*****,형태론(국어학),형태론,고려대학교,박사수료,*****,*****
11726909,ok,최은영,여,1973,한국예술종합학교,연구교수,재직,영상문학,영상문학,전북대학교,박사,,Choi Eunyoung
11727154,ok,박다솜,여,1990,한양대학교,강사,재직,현대소설(국문학),근현대소설,한양대학교,박사,,Park Dasom
11727993,ok,박수민,남,1989,고려대학교,강사,재직,국어교육학,현대문학교육,고려대학교,박사,朴秀民,Park Soo-Min
11728683,ok,이소윤,여,1988,서울과학기술대학교(연계),조교수,재직,구비문학(국문학),신화/무가,서울대학교,박사,李昭允,LEE SO YUN
11728692,ok,이소영,여,1988,한국과학기술원,강사,재직,현대소설(국문학),1960-1990년대 소설,서울대학교,박사,李昭映,Lee So-young
11729372,ok,이고은,여,1982,전남대학교 인문융합연구원,연구교수,재직,기타인문학,한국문화학,한국학중앙연구원,박사,李高恩,Goeun Lee
11729658,ok,최지현,여,1986,경상국립대학교,강사,재직,현대소설(국문학),"한국근현대소설, 한일비교문학",경상국립대학교,박사수료,,Choe Ji Hyeon
11729811,ok,권영빈,여,1984,동아대학교,초빙교수,재직,현대소설(국문학),현대소설(국문학),동아대학교,박사,權寧斌,Kwon Young Bin
11729878,ok,김민조,남,1987,서울대학교,대학원생,미취업,현대희곡(국문학),한국 현대희곡,서울대학교,박사수료,金玟助,Min Jo Kim
11729943,ok,박성혜,여,1987,서울시립대학교,객원교수,재직,구비문학(국문학),구비문학,서울대학교,박사,朴晟蕙,Park Seong Hae
11729960,ok,황성은,여,1982,배재대학교(연계),부교수,재직,한국어와문학,외국어로서의 한국어교육학,배재대학교,박사,,"Hwang, Shung Eun"
11730681,ok,오가현,여,1985,부산경상대학교(대학별),조교수,재직,음운론(국어학),음운론,동아대학교,박사수료,吳佳炫,ohgahyun
11730693,ok,김지윤,여,*****,포항공과대학교,*****,*****,현대소설(국문학),현대소설,서울대학교,박사,,*****
11730807,ok,남윤혜,여,1990,서울대학교,대학원생,,한문학,한문학,서울대학교,석사,南潤慧,Nam Yun hye
11730898,ok,문정현,여,1982,배재대학교(연계),부교수,재직,한국어교육학,한국어교육학,배재대학교,박사,,"Mun, Jung Hyun"
11730979,ok,진민희,여,1987,성균관대학교,선임연구원,재직,한문학,한국한문학,성균관대학교,박사,陳慜熙,MinHui Jin
11731025,ok,정경화,여,1979,이화여자대학교,대학원생,,,,,,鄭京和,Jung  Kyungwha
11731258,ok,최은정,여,1988,한양대학교,강사,재직,현대소설(국문학),현대소설,한양대학교,박사,崔恩禎,Choi Eun Jeong
11731289,ok,김고은,여,1991,서울대학교,대학원생,퇴직,방언학(국어학),방언학,서울대학교,박사,金高恩,Kim Goeun
11731482,ok,김효숙,여,1961,단국대학교,강사,재직,문학비평(국문학),문예 비평,중앙대학교,석사,金孝俶,kim Hyo Suk
11731944,ok,최태원,남,*****,專修大學,*****,*****,현대소설(국문학),"현대소설, 번역번안",서울대학교,박사,*****,*****
11732045,ok,Nguyen Thi Hien,여,1980,Van Lang University,조교수,재직,현대시(국문학),한국현대시,서울대학교,박사,,Nguyen Thi Hien
11732291,ok,한경희,여,1987,서울대학교,강사,재직,현대소설(국문학),여성문학,서울대학교,박사,,Kyunghee Han
11732303,ok,김수진,여,1979,부산대학교,대학원생,미취업,소설,현대문학,부산대학교,박사수료,金秀珍,Kim Sujin
11732659,ok,김태은,여,1975,한국교육과정평가원,연구위원,재직,교육심리학,교육심리학,홍익대학교,박사,金兌垠,Kim Tae Eun
11732917,ok,조윤정,여,1968,중앙대학교,강사,재직,한국어교육학,한국어교육,중앙대학교,박사,趙允淨,CHO YUN JEONG
11733123,ok,이효녕,남,1986,고려대학교,강사,재직,구비문학(국문학),"판소리, 가면극, 무속, 민요",고려대학교,박사,李皢寧,Lee-Hyo-Nyoung
11733151,ok,김기엽,남,1981,광운대학교(연계),조교수,재직,한문학,한문학,고려대학교,박사,金紀燁,Kim Gi Yeop
11733367,private,,,,,,,,,,,,
11734944,ok,박준용,남,1976,고려대학교 한국어문교육연구소,대학원생,,국어교육학,읽기평가,고려대학교,박사수료,朴晙鎔,"Park, JunYong"
11735344,ok,조보윤,여,1975,고려대학교,강사,재직,고전산문,"구비문학(고전서사, 디지털 콘텐츠, 종교의례)",고려대학교,박사,曺寶允,Cho Bo Yoon
11735502,ok,홍민경,여,1970,고려대학교,,미취업,한국어교육학,한국어문화교육학,고려대학교,석사,洪旼更,HongMinkyoung
11735525,ok,김민혁,남,1987,한양대학교,전임연구원,재직,고전산문,고전서사,한양대학교,박사,金旻赫,"Kim, Minhyeok"
11735677,ok,김정아,여,1963,나사렛대학교,조교수,재직,기타국어학,현대문학,충남대학교,박사,金貞雅,Kim Jung-Ah
11735954,ok,변경가,여,*****,서원대학교(연계),*****,*****,국어교육학,쓰기교육,이화여자대학교,박사,,*****
11736578,ok,최진호,남,1974,부산대학교 점필재연구소,전임연구원,재직,기타인문학,동아시아학,성균관대학교 동아시아학술원,박사,崔珍豪,CHOI JINHO
11736592,ok,이윤희,여,1993,홍익대학교,초빙교수,재직,국어교육학,"문학교육, 현대시교육",한양대학교,박사,李允熙,Lee YunHee
11736997,ok,유해인,여,1991,전주대학교 한국고전학연구소,연구교수,재직,고전산문,고전소설,고려대학교,박사,劉海仁,Yoo Haein
11737372,ok,석금애,여,1994,,,,언어교육,한국어문화교육학,中央民族大學,학사,,
11737913,ok,홍해월,여,*****,,,*****,산문,고전문학,,,*****,*****
11738187,ok,이은애,여,1986,한국연구재단,강사,미취업,통사론(국어학),문장문법론,경상국립대학교,박사,,Lee Eun Ae
11738738,ok,안정은,여,1989,충남대학교,강사,재직,한문산문,한문일기,성균관대학교,박사,安正恩,AhnJeongeun
11738750,ok,권미란,여,1982,중부대학교,연구교수,재직,희곡,한국 희곡,서강대학교,박사,權美蘭,kownmiran
11738986,ok,장미경,여,1969,성신여자대학교(연계),조교수,재직,한국어교육학,"한국어 읽기 교육, 한국어 교육 정책",고려대학교,박사,張美敬,Mikyung Chang
11739470,ok,장경식,남,1958,,,,사전학,백과사전편찬론,경기대학교,박사수료,張景植,"Jang, Kyung Sik"
11739622,ok,백해파,남,1980,,,재직,,,연세대학교,박사,白海波,BAI HAIBO
11739784,ok,이보라,여,1985,고려대학교,대학원생,미취업,한국어교육학,한국어교육,고려대학교,석사,李寶羅,"Lee, Bora"
11740244,ok,고야마 린타로,남,1977,慶應義塾大學,부교수,재직,기타일본문학,漢文學,,,合山林太郞,GOYAMA Rintaro
11740471,ok,전보라,여,1985,부산가톨릭대학교(연계),부교수,재직,교육학,교육심리 및 상담심리,부산대학교,박사,,"Jeon, Bo-Ra"
11740998,ok,오세진,여,1985,한양대학교,강사,미취업,음성학(언어학),실험음성학,한양대학교,박사,吳世珍,Oh Se Jin
11742590,ok,권혜경,여,1971,부산외국어대학교,강사,재직,한국어교육학,외국어로서의 한국어교육,부산외국어대학교,박사,權惠卿,kwon hye kyoung
11743687,ok,장영은,여,1977,성균관대학교,초빙교수,재직,작가론,한국문학,성균관대학교,박사,,JANG YOUNG EUN
11744627,private,,,,,,,,,,,,
11745042,ok,이규민,남,1990,고려대학교,연구원,재직,기타산업공학,융합데이터분석,,,李奎旻,Kyu-Min Lee
11745272,ok,남미정,여,1979,서원대학교(연계),조교수,재직,한국어교육학,한국어교육,이화여자대학교,석사,,Mi Jung Nam
11745461,ok,이소흔,여,1970,서울시립대학교,강사,,국어사,문법사,서울시립대학교,박사,李昭欣,"Lee, Soheun"
11745880,ok,소열녕,남,1981,광운대학교(연계),부교수,재직,국어학,"음운론, 국어사, 중국어 음성학",성균관대학교,박사,蕭悅寧,SEOW YUENING
11746492,ok,허세문,남,1978,서울대학교,초빙교수,재직,통사론(언어학),"generative syntax, syntax/semantics interface",서울대학교,박사,許世文,Semoon Hoe
11747814,ok,최혜민,여,*****,한성대학교,*****,*****,한국어교육학,한국어교육,한성대학교,박사수료,*****,*****
11747874,ok,이현주,여,1979,국립부경대학교,강사,재직,구비문학,설화,국립부경대학교,박사,,Lee Hyeonju
11748034,ok,LI HUAZI,여,1983,,조교수,재직,대조언어,중한언어대조,延邊大學,석사수료,李花子,LI HUAZI
11748446,ok,윤서옥,여,1991,,,,민속학(인류학),사회문화,중앙대학교,석사,,
11748751,ok,장연지,여,1991,국립국어원,,재직,코퍼스,말뭉치언어학,연세대학교,박사,,
11749022,private,,,,,,,,,,,,
11749440,ok,노유니아,여,1982,명지대학교(연계),조교수,재직,문화사(역사학),"시각문화, 물질문화 연구",東京大学,박사,盧유니아,Junia Roh
11750609,ok,유성희,남,1989,국립국어원,연구원,재직,코퍼스,말뭉치언어학,연세대학교,석사,兪成熙,Yoo Seong Hee
11753816,ok,이경주,여,*****,한국외국어대학교,,,사회언어학,외국어로서의한국어교육,한국외국어대학교,박사수료,*****,*****
11754145,ok,이종원,남,1981,한국교육과정평가원,부연구위원,재직,국어교육,문학교육,서울대학교,박사,李鍾源,Lee Jongwon
11755383,ok,박수연,여,1976,세종사이버대학교(대학별),부교수,재직,한국어와문학,한국어교육,연세대학교,박사,朴修演,Sooyeon Park
11755525,ok,심재경,여,1989,고려대학교,강사,재직,한국어교육학,한국어문화교육학,고려대학교,박사,,Sim Jekyoung
11756973,ok,이지혜,여,1986,이화여자대학교,대학원생,미취업,소설,현대소설,이화여자대학교,석사,李智慧,leejihye
11758440,ok,윤수연,여,*****,충남대학교(연계),*****,*****,음운론(언어학),음운론,MASSACHUSETTS INSTITUTE OF TECHNOLOGY,박사,,*****
11758710,private,,,,,,,,,,,,
11759350,ok,현재환,남,*****,한양대학교(연계),*****,*****,과학기술철학,과학사철학(HPS)/과학기술학(STS),서울대학교,박사,,*****
11759917,ok,공민식,남,1977,충남대학교,,,한문교육,한문 문법,,,孔玟植,MINSIK KONG
11760953,ok,오상현,남,1995,University of California Merced,대학원생,재직,수리물리,엑스레이이미징,광주과학기술원,학사,吳尙玹,Maverick S. H. Oh
11761862,ok,금보현,여,1993,성균관대학교,대학원생,미취업,현대희곡(국문학),현대문학,성균관대학교,박사수료,琴寶玄,BOHYUN KUM
11762871,ok,유현성,남,1993,건국대학교,대학원생,,현대소설(국문학),현대소설,건국대학교,석사,柳炫成,you hyun sung
11763178,ok,조규찬,남,1984,충남대학교,강사,재직,희곡,희곡 및 영상문학,충남대학교,박사,曺圭燦,Cho Kyu Chan
11764920,ok,김정인,여,*****,충남대학교(연계),*****,*****,음운론(국어학),음운론,이화여자대학교,박사,*****,*****
11765555,ok,곽지은,여,1997,성균관대학교,대학원생,재직,한문학,한국한문학,성균관대학교,박사수료,郭池銀,Kwak Jieun
11765719,ok,이경남,남,*****,광주교육대학교(연계),*****,*****,국어교육학,국어교육,한국교원대학교,박사,*****,*****
11765811,ok,박효정,여,*****,연세대학교,*****,*****,통사론(국어학),북한 문법,연세대학교,박사,*****,*****
11766483,ok,강보유,남,1959,,교수,재직,의미론(언어학),한국어교육,延边大學敎,박사,姜宝有,Jiang baoyou
11767394,ok,한윤정,여,1982,남서울대학교(연계),조교수,재직,한국어교육학,외국어로서의한국어교육,경희대학교,박사,,Han Yunjung
11767618,ok,유인선,남,1984,국립부경대학교,계약교수,재직,의미론(언어학),"코퍼스언어학, 인지언어학",국립부경대학교,박사,兪仁善,YUINSEON
11768196,ok,이원영,남,1982,동국대학교(대학별),조교수,재직,국어교육학,"국어교육학, 문학교육, 문학",동국대학교,박사,,lee won young
11769522,ok,지해인,남,1994,한국학중앙연구원,대학원생,재직,학제간연구,디지털인문학,한국학중앙연구원,석사,池海印,Haein Ji
11772415,ok,최란,여,1988,,,미취업,의미론(언어학),의미론,전남대학교,박사,崔兰,LAN CUI
11773287,ok,최준호,남,*****,서울대학교,*****,*****,국어사,"한국어문법사, 한국어어휘사",서울대학교,박사,*****,*****
11773741,ok,류나영,여,1977,Pennsylvania State Univ.,조교수,,,,University of Toronto,박사,柳糥瓔,Na-Young Ryu
11773841,ok,이유진,여,1982,서강대학교,강사,재직,고전산문,고전소설,고려대학교,박사,李有珍,LEE EUGENE
11774567,ok,윤지은,여,*****,서울대학교,,,현대시(국문학),현대시,서울대학교,석사,*****,*****
11776163,ok,조서연,여,1985,東京大学,객원교수,재직,현대희곡(국문학),희곡/극문학,서울대학교,박사,曺瑞姸,CHO SEO YOUN
11776434,private,,,,,,,,,,,,
11777298,ok,양수연,여,1988,서울대학교,강의교수,재직,국어교육학,표현교육론(화법 및 작문 교육),서울대학교,박사,楊修娟,Yang Sooyeon
11777367,ok,이원기,여,1986,서울대학교,연구원,미취업,국어교육,한국어교육,,,李遠綺,LEE WONKI
11777575,ok,김소정,여,1994,대구가톨릭대학교,연구교수,재직,한국어교육학,한국어교육,대구가톨릭대학교,박사,金沼廷,KIMSOJEONG
11778219,ok,오태환,남,*****,연세대학교,*****,,,,,,*****,*****
11778780,ok,엄학준,남,1994,선문대학교 인문미래연구소,연구교수,재직,현대소설(국문학),현대소설,선문대학교,박사,嚴鶴竣,EOM HAK JUN
11780146,ok,이진경,여,1976,성균관대학교,기타,재직,번역,한문고전번역,성균관대학교 동아시아학술원,박사,李珍璟,LEE JIN KYUNG
11780229,ok,안예림,여,*****,전남대학교,*****,*****,통사론(국어학),통사의미,중앙대학교,박사,,*****
11781358,ok,정겨울,여,1985,단국대학교(연계),조교수,재직,중국현대문학,중국현대문학,北京大學,박사,,JUNGKEOYUL
11781804,ok,김민채,여,1987,부산대학교,연구교수,재직,교수이론/교육방법/교수법,교육과정 및 교육방법 전공,부산대학교,박사,金旼蔡,Kim-Minchae
11782969,ok,권애영,여,*****,한국외국어대학교,*****,*****,기타중문학,아동문학,한국외국어대학교,박사,,*****
11783089,ok,정혜선,여,1981,국립국어원,공무원,재직,국어사,문법사,서강대학교,박사,,
11783871,ok,최선희,여,*****,대구교육대학교(연계),*****,*****,국어교육학,문법교육,서울대학교,박사,,
11783949,ok,조아람,여,*****,,,*****,음운론(국어학),국어사 음운론,,,*****,*****
11784195,ok,김수정,여,1987,경일대학교(대학별),조교수,재직,통사론(국어학),형태론/통사론,영남대학교,박사,金秀貞,Su-jeong Kim
11784898,private,,,,,,,,,,,,
11785016,ok,김륭,남,1978,연세대학교,,,한국어와문학,국어국문학,연세대학교,석사,金隆,KIM RYUNG
11785245,ok,박소현,여,1983,전남대학교 이순신해양문화연구소,연구교수,재직,중국고전문학,文學批評史,北京大學,박사,朴素鉉,PARK SO HYUN
11786332,ok,박재연,여,1988,고려대학교,기타,미취업,현대소설(국문학),현대소설,고려대학교,석사,,Park JaeYeon
11786571,ok,백준영,여,1990,연세대학교,대학원생,미취업,사회언어학,사회언어학,연세대학교,석사,白俊英,"Paik, junyoung"
11786730,ok,최지영,여,1979,숭실대학교(연계),조교수,재직,한국어교육학,한국어교육,이화여자대학교,박사,,Jiyoung Choi
11786967,ok,김준희,여,1987,인하대학교(연계),조교수,재직,구비문학(국문학),구비문학,서울대학교,박사,金俊希,KIM JUNHEE
11787410,ok,최유진,여,1989,고려대학교,대학원생,미취업,,,,,崔唯辰,"Choi, Yu-jin"
11787412,ok,심지연,여,1988,고려대학교,연구교수,재직,한국어교육학,한국어문화교육학,고려대학교,박사,沈智姸,Jeeyun Sim
11787756,ok,강혜진,여,1990,광운대학교(연계),조교수,재직,고전산문,"고전문학, 동아시아 문화 및 콘텐츠 융복합",고려대학교,박사,姜慧眞,Kang Hyejin
11787969,ok,김민영,여,*****,한국고전번역원,*****,*****,한문학,한문산문,서울대학교,박사,*****,*****
11788131,ok,차명희,남,1988,단국대학교(연계),조교수,재직,통사론(국어학),국어학,단국대학교,박사,,Cha MyungHee
11788924,ok,김동연,남,1983,경북대학교,강사,재직,고전시가,"가사, 근대전환기",경북대학교,석사,金東演,KIM DONG YOUN
11789063,ok,권난희,여,1970,경상국립대학교,강사,재직,한문비평,한시 및 한시비평,경상국립대학교,박사,權蘭姬,Gwon Nan-hui
11789532,ok,문하이얀,여,*****,고려대학교,*****,,,,,,*****,*****
11789629,private,,,,,,,,,,,,
11789640,ok,감준희,여,1980,한국학중앙연구원,전임연구원,퇴직,한문산문,조선후기 연행록,한국학중앙연구원,박사,甘晙熙,GamJunhee
11790296,ok,장사작,여,1993,,,,한문학,한문산문,,,張思酌,ZHANG SIZHUO
11790382,ok,변은미,여,1991,고려대학교,대학원생,미취업,한문학,"한국경학, 한자학",고려대학교,박사수료,卞恩美,Byeon Eunmi
11790406,ok,송성립,여,1977,,,,한문교육,한시 교육,고려대학교,석사,宋成立,Song sung lib
11790723,ok,이준규,남,1992,고려대학교,대학원생,미취업,,,,,李埈圭,Lee junkyu
11796122,ok,김경태,남,1979,연세대학교 매체와예술연구소,연구원,재직,기타영화,퀴어 영화 및 미디어,중앙대학교,박사,金炅兌,Kim Kyungtae
11797763,ok,조완철,남,1987,부산외국어대학교,강사,재직,한국어교육학,외국어로서의 한국어교육전공,부산외국어대학교,박사수료,,CHOWANCHEOL
11798306,ok,chen jing,여,1989,이화여자대학교,,미취업,,,,,陈晶,Chen Jing
11798331,ok,서윤정,여,1980,명지대학교(연계),부교수,재직,미술사,미술사,University of California at LA,박사,,Seo yoon jung
11798582,ok,송상덕,남,1990,숭실대학교,강사,미취업,현대소설(국문학),한국현대소설,숭실대학교,박사,宋相悳,SONG SANGDUCK
11799059,ok,노하늘,여,1990,고려대학교 한국어문교육연구소,연구원,재직,국어교육학,문법교육,고려대학교,박사,魯하늘,Haneul Noh
11800703,ok,박성은,여,1971,건국대학교,기타,재직,기타인문학,통일인문학,건국대학교,박사,,Park Sungeun
11800788,ok,정희재,남,1993,고려대학교,대학원생,미취업,음성학(국어학),음성학,고려대학교,박사수료,,Jeong Heejae
11801645,ok,김보영,여,1978,중앙대학교(연계),부교수,재직,경영학일반,회계학,중앙대학교,박사,金寶英,KIM BOYOUNG
11803191,ok,박난아,여,1995,단국대학교,대학원생,미취업,한시,한시,단국대학교,석사,朴蘭雅,PARK NAN A
11804491,ok,LUO PENG,여,1992,고려대학교,,미취업,한국어교육학,한국어문화교육학,고려대학교,석사,羅芃,LUO PENG
11805240,ok,성호현,남,1975,광운대학교,강사,재직,형태론(일본어학),일한대조,筑波大学,박사,成昊炫,sung hohyun
11805581,ok,강서희,여,1986,서울신흥초등학교,,,,,한국교원대학교,박사,姜舒喜,Kang Seohee
11806561,ok,이석,남,*****,인천대학교(연계),*****,*****,일본문화학,"대중문화, 서브컬처",東京大學,박사,*****,*****
11806916,ok,박혜림,여,1985,한국교원대학교(연계),부교수,재직,국어교육학,작문교육,한국교원대학교,박사,朴惠？,Park Hyerim
11808493,ok,김지석,남,1991,연세대학교(미래캠퍼스) 근대한국학연구소,대학원생,미취업,,,,,金知奭,KIMJISUK
11809443,ok,김가림,여,*****,단국대학교(연계),*****,*****,언어치료교육,언어병리전공,단국대학교,박사,,*****
11810267,ok,김명자,여,1966,건국대학교,강사,미취업,구비문학,판소리,건국대학교,박사,金明姉,Kim Myung ja
11810390,ok,양설,여,1990,,,미취업,운문,한시,서울대학교,박사,楊雪,YANG XUE
11810467,ok,김동현,남,1989,경북대학교,대학원생,재직,현대희곡(국문학),근대연극사,경북대학교,박사수료,金東鉉,"Kim, Donghyun"
11810953,ok,채예송,여,1989,한동대학교,강사,재직,국어교육학,국어교육,경북대학교,박사,,Chae Yesong
11812107,ok,이주연,여,1984,건국대학교,강사,재직,언어교육,외국어로서의 한국어교육,건국대학교,박사수료,李婤蓮,Lee Ju Yeun
11816392,ok,김미현,여,*****,충남대학교(연계),*****,*****,의미론(프랑스어학),"어휘의미론, 성구론, 사전편찬",Université de Lorraine,박사,*****,*****
11817272,ok,장현묵,여,1985,세종대학교,초빙교수,재직,한국어교육학,한국어 읽기,세종대학교,박사,張賢默,Jang Hyunmuk
11818820,ok,곽유석,남,1991,성균관대학교,강사,재직,형태론(국어학),형태론,성균관대학교,박사,郭儒錫,Yuseok Kwak
11818855,ok,서혜진,여,1991,국립국어원,공무원,재직,어휘론(국어학),어휘의미,성균관대학교,박사,徐惠珍,SEOHYEJIN
11819435,ok,이후남,여,1986,한국학중앙연구원 전통한국연구소,연구교수,재직,고전산문,고전소설,한국학중앙연구원,박사,李厚男,Lee Hunam
11820033,ok,오세원,남,*****,연세대학교,*****,*****,한국어와문학,한국어교육,연세대학교,박사,*****,*****
11820501,ok,윤국희,여,1989,서울대학교,강사,재직,현대소설(국문학),현대소설,서울대학교,박사,,"Yoon, Kuk-Hee"
11820685,ok,천성호,남,1994,연세대학교,대학원생,미취업,통사론(국어학),통사론,연세대학교,박사수료,千成皓,Cheon Seong Ho
11820879,ok,한새해,여,*****,서강대학교,*****,*****,한문산문,한문학,서강대학교,박사,*****,*****
11821103,ok,박인성,남,*****,부산가톨릭대학교(연계),*****,*****,국문학,,서강대학교,박사,,
11821104,ok,한희정,여,1985,Eotves Lorand Univ.(ELTE),초빙교수,재직,언어교육,국어국문학 한국어교육,단국대학교,박사,韓熙晶,Han Hee-Jung
11822899,ok,김경회,남,1976,울산대학교(연계),조교수,재직,고전산문,국어국문학,한국외국어대학교,박사,金京會,"Kim, Kyung-Hoi"
11822942,ok,김정훈,남,1985,국립창원대학교(연계),조교수,재직,중국어학,응용언어학-중국어,北京師範大學,박사,金正勳,KIM JEONG-HOON
11822946,ok,노미연,여,1966,동국대학교,강사,,기타국어학,외국어로서의 한국어교육,동국대학교,박사,,
11827874,ok,정진,여,1983,The University of Hong Kong,강사,재직,한국어교육학,한국어교육,이화여자대학교,박사,丁眞,Jin Jeong
11828043,ok,이재준,남,1982,서울시립대학교,강사,재직,고전시가,가사문학,서울시립대학교,박사,,
11828404,ok,석형락,남,1977,아주대학교,강의교수,재직,현대소설(국문학),현대소설,고려대학교,박사,石亨洛,"SEOK, HYEONG RAK"
11828477,ok,황인석,남,1989,성균관대학교 유교문화연구소,전임연구원,재직,윤리교육학,동양윤리 및 동양철학,서울대학교,박사,黃仁奭,hwanginsok
11828624,ok,조영애,여,1974,부산대학교,연구원,재직,문화예술경영,공연학 및 예술경영,부산교육대학교,석사,趙瑛愛,Cho Young-Ae
11828807,ok,고상미,여,*****,전남대학교,,*****,,,,,*****,*****
11829270,ok,강성주,남,1995,전남대학교,대학원생,미취업,고전시가,고전시가,전남대학교,박사수료,姜成柱,Kang Seongju
11829474,ok,이해윤,여,1984,단국대학교 한문교육연구소,연구교수,재직,일반문자학(중국어학),중국문자학,北京師範大學,박사,李海潤,LEE HAEYOON
11829650,ok,구자윤,남,1971,,강사,미취업,국어교육학,"국어교육, 교사선발(임용)",고려대학교,박사수료,,
11830073,ok,지여정,여,1992,경희대학교,대학원생,미취업,현대시(국문학),한국언어문화학,경희대학교,박사수료,,Ji Yeo-Jeong
11830762,ok,장기영,여,*****,연세대학교(미래캠퍼스) 근대한국학연구소,*****,*****,현대소설(국문학),"근대문학, 문학비평, 연극비평",연세대학교(미래캠퍼스),석박통합과정,*****,*****
11831338,ok,최지지,여,1987,한양대학교,강사,미취업,언어교육,외국인을 위한 한국어 교육,한양대학교,석사,崔至知,Gigi Choi
11831587,private,,,,,,,,,,,,
11832077,ok,김리안,여,1975,부산대학교,강의교수,재직,문학교육,희곡과 현대문학,부산대학교,석사,金利晏,"Kim, leean"
11832453,private,,,,,,,,,,,,
11832834,ok,강은진,여,1990,동신대학교(연계),조교수,재직,국어사,음운사,,석사,姜恩珍,Kang Eun-jin
11832888,ok,서윤정,여,1991,고려대학교,강사,재직,음성학(국어학),음성학,고려대학교,박사,徐允廷,"Seo, YoonJeong"
11833129,ok,장세희,여,1984,숙명여자대학교,강사,재직,고전시가,시조,숙명여자대학교,박사,張世熙,Jang Sehui
11833436,ok,이해영,여,1975,中國海洋大學,교수,재직,현대소설(국문학),"한국현대문학연구, 식민지 문학 연구, 재외한인문학연구",서울대학교,박사,李海英,LI HAIYING
11834086,ok,황명랑,여,1979,전주대학교(연계),부교수,재직,기타국문학,한국어교육,전주대학교,박사수료,,HWANG MYUNGRANG
11834087,ok,최경복,남,1972,전주대학교(연계),부교수,재직,기타국문학,한국어교육,전주대학교,박사수료,,Choe Kyeong Bok
11834968,ok,서명삼,남,1976,서강대학교(연계),조교수,재직,종교사회학,종교인류사회학,Univ. of Chicago,박사,徐明三,Myung Sahm Suh
11836007,ok,조대한,남,*****,명지전문대학,*****,*****,현대시(국문학),현대시,한양대학교,박사,*****,*****
11836881,ok,천해주,여,*****,대구교육대학교,*****,*****,국어교육학,"작문교육, 독서교육",고려대학교,박사,,*****
11837280,ok,최종윤,남,*****,진주교육대학교(연계),*****,*****,국어교육학,초등국어교육,한국교원대학교,박사,*****,*****
11837328,ok,양소영,여,*****,Istanbul Universitesi,*****,*****,한국어교육학,한국어 교육학,Ankara Universitesi,박사,*****,*****
11837956,ok,박상준,남,1989,서강대학교,연구교수,재직,희곡,현대희곡,서강대학교,박사,朴商俊,Park Sang Jun
11838163,ok,이채은,여,1988,서강대학교 인문과학연구소,선임연구원,재직,고전산문,고전산문,서강대학교,박사,,Lee Chae-Eun
11838752,private,,,,,,,,,,,,
11839044,ok,강영주,여,1975,고려대학교 국제한국언어문화연구소,강사,재직,응용언어학,외국어로서 한국어교육,한국외국어대학교,박사수료,姜英周,kang youngjoo
11839648,ok,팜흐우쭝,남,1991,선문대학교,대학원생,,비교문학,현대문학,Dai hoc thai nguyen,학사,,Pham Huu Chung
11839915,ok,박성준,남,1986,서울과학기술대학교,강사,미취업,현대시(국문학),현대시,경희대학교,박사,朴晟濬,Park Seungjun
11840409,ok,이솔빈,남,1994,고려대학교,대학원생,미취업,인지/언어심리,행동인지과학,고려대학교,박사,李率賓,Solbin Lee
11840915,ok,최유성,남,1974,인하대학교,,미취업,기타사회과학일반,다문화교육,,,崔有成,Choi Yu Seong
11841012,ok,박정모,남,*****,강원대학교,*****,*****,국어사,국어사,강원대학교,박사수료,*****,*****
11841647,ok,김범진,남,1991,한국과학기술원,초빙교수,재직,국어교육학,국어교육,서울대학교,박사,金汎津,Kim Beomjin
11841798,ok,김빛솔,여,1994,,,재직,국어교육학,한국어교육전공,서울대학교,석사,,
11841823,ok,권근영,여,1994,서울대학교,대학원생,미취업,문학교육,현대산문교육,서울대학교,박사수료,權根瑩,KWON KUEN YOUNG
11842092,ok,이현정,여,1982,부산대학교,조교,재직,한문산문,조선전기한문학,,,李賢貞,Lee Hyun Jung
11842248,ok,박소용,여,1987,제주대학교,강사,재직,국어교육학,국어교육,제주대학교,박사수료,朴昭容,Pak So-Yong
11844408,ok,최지선,여,*****,세명대학교,*****,*****,고전산문,고전서사,성신여자대학교,박사,*****,*****
11844467,ok,남영희,여,*****,부산대학교,*****,*****,기타음악학,"음악 문화연구, 부산음악사",부산대학교,박사,*****,*****
11844909,ok,이주언,여,1963,국립창원대학교,강사,재직,운문,현대시,국립창원대학교,박사,李株言,Lee Ju-eon
11845257,ok,정민경,여,1986,부산대학교,강사,재직,문화예술경영,공연학 및 예술경영학,부산대학교,박사수료,鄭暋暻,"Min-kyoung, Jeong"
11845294,ok,최금자,여,1969,부산대학교,POST_MAS,재직,한시,한문학,부산대학교,박사,崔今子,choigeumja
11846675,ok,이은진,여,1978,고려대학교,초빙교수,재직,한국어교육학,한국어교육,경희대학교(국제캠퍼스),박사,李殷進,LEE Eun Jin
11847174,ok,김교연,여,1994,연세대학교,대학원생,미취업,한국어교육학,한국어교육,연세대학교,박사수료,金嬌娟,"Kim, Kyoyeon"
11847617,ok,최예슬,여,1992,연세대학교,대학원생,재직,한국어교육학,한국어교육,연세대학교,박사수료,,Choi Yesuel
11848109,ok,정진경,여,1987,연세대학교,대학원생,재직,한국어교육학,한국어교육정보학,연세대학교,박사수료,鄭眞耕,JUNG JIN KYUNG
11848168,private,,,,,,,,,,,,
11848425,ok,김민지,여,1989,서울대학교,강사,재직,문학사,국어국문학,서울대학교,박사,金珉志,Kim Minji
11848993,ok,이병주,남,1990,공군사관학교,조교수,재직,평론,현대비평,고려대학교,박사,李炳宙,LEEBYEONGJOO
11849037,ok,황선희,여,1989,중앙대학교,강사,재직,현대시(국문학),현대시,중앙대학교,박사,黃善熙,Seon-Hui Hwang
11849579,ok,WU QINGNAN,여,1989,,,미취업,의미론(국어학),의미론(국어학),,,武慶楠,WU QINGNAN
11850644,ok,김소희,여,*****,국립국어원,*****,*****,의미론(언어학),이론언어학,고려대학교,박사,,*****
11851456,private,,,,,,,,,,,,
11852592,ok,이슬기,여,1980,한국성서대학교(대학별),조교수,재직,국어교육학,작문교육,한국교원대학교,박사,,"LEE, SEUL KI"
11853228,ok,전희선,여,1973,,,,현대시(국문학),현대시,강원대학교 강릉캠퍼스,박사,全希璿,JEON HEUI SUN
11853591,ok,성혜윤,여,*****,연세대학교,,*****,,,,,*****,*****
11853744,ok,정지훈,남,1993,연세대학교,대학원생,미취업,한국어교육학,한국어교육,연세대학교,박사수료,,Ji Hoon Chung
11854275,private,,,,,,,,,,,,
11854892,ok,전홍화,여,1981,경희대학교,대학원생,재직,,,,,,QUAN HONGHUA
11855796,ok,황지현,여,1987,성균관대학교,강사,재직,고전산문,고전소설,성균관대학교,박사,黃智鉉,Hwang Ji Hyun
11856152,ok,ZHAO DAN,여,1990,충남대학교,대학원생,미취업,음운론(국어학),음운론,충남대학교,석사,趙丹,ZHAO DAN
11856451,ok,허예슬,여,1993,성균관대학교,강사,재직,소설,현대소설,성균관대학교,박사,許예슬,HUH YESEL
11857350,ok,문장원,남,1986,고려대학교 한국어문교육연구소,연구원,재직,국어교육,문학교육,고려대학교,박사,文章源,"Moon, Jangwon"
11857371,ok,정대영,남,1996,고려대학교,대학원생,미취업,한문학,한국한문학,국립경국대학교,학사,鄭大泳,JEONG DAE YEONG
11857394,ok,권민지,여,1991,Michigan State Univ.,조교수,재직,언어교육,외국어로서의한국어교육,한국외국어대학교,박사,權珉志,Minjee Kwon
11857580,ok,김다미,여,1989,단국대학교,연구원,미취업,조선후기사,"사회문화사, 제도사",단국대학교,박사수료,金多媄,Kim Da Mi
11857798,ok,곽지숙,여,1985,부산대학교,기타,미취업,고전시가,고전시가,부산대학교,석사,郭智淑,"Kwak, Jisuk"
11858137,ok,강진주,여,1986,전북대학교,기타,퇴직,국어사,"국어사, 음운론",전북대학교,박사수료,姜珍珠,"Kang,Jinju"
11858212,ok,엄진주,여,1994,성균관대학교,강사,재직,국어교육,문학교육(현대산문교육),서울대학교,박사,嚴珍珠,Eom Jinju
11858759,ok,박소영,여,1986,숭실대학교(연계),조교수,재직,국어교육,글쓰기 교육,숭실대학교,박사,,So Young Park
11859471,ok,김정원,남,*****,성균관대학교,*****,*****,음운론(국어학),국어학,성균관대학교,박사수료,*****,*****
11859618,ok,AN YINGJI,여,1979,雲南民族大學,기타,재직,국어사,음운사,서울대학교,박사,安英姬,AN YINGJI
11859690,ok,정은영,여,1981,대구가톨릭대학교 한국학연구소,연구원,재직,문자론(국어학),국어사,대구가톨릭대학교,박사,鄭恩英,"JEONG, EUNYEONG"
11859855,ok,김인환,남,1991,대구한의대학교,강사,재직,통사론(국어학),(통사론),영남대학교,박사,金仁煥,"kim, in-hwan"
11860167,ok,김선,여,1989,순천향대학교,강사,재직,소설,현대문학,홍익대학교,박사,金仙,KIM SEON
11860349,ok,조현웅,남,1985,한국과학기술원,강사,재직,한국유가철학,다산 정약용 철학,한국학중앙연구원,박사,趙顯雄,Jo Hyounung
11860540,ok,마소연,여,*****,울산대학교,*****,*****,구비문학,무가,울산대학교,박사,*****,*****
11860833,ok,여문리,여,1987,숙명여자대학교,대학원생,미취업,언어교육,국제한국어교육,,,呂文利,LU WENLI
11860994,ok,김민지,여,*****,한국기술교육대학교,*****,*****,현대시(국문학),현대시,이화여자대학교,박사,*****,*****
11861186,ok,이준엽,남,1990,세종대학교,겸임교수,재직,영화이론,영화사,한양대학교,박사,李濬燁,"LEE, JoonYeob"
11861284,ok,김민재,여,1988,서울대학교,강사,재직,국어교육학,국어교육전공(현대시교육),서울대학교,박사,金玟哉,Minjae Kim
11862053,ok,서영호,남,1978,경상국립대학교 인문학연구소,연구교수,재직,기타인문학,문화콘텐츠학,고려대학교세종캠퍼스,박사,徐榮晧,Suh Youngho
11862114,ok,유진숙,여,1963,한국학중앙연구원,대학원생,미취업,번역,고전번역,이화여자대학교,석사,,
11862402,private,,,,,,,,,,,,
11862477,ok,전세진,여,1991,서울과학기술대학교,초빙교수,재직,현대시(국문학),현대시,서울대학교,박사,全世珍,JEON SEJIN
11862586,ok,김동은,여,1989,서울대학교 인문학연구원,선임연구원,재직,방언학(국어학),방언학,서울대학교,박사,,Kim Dongeun
11862595,ok,이소연,여,1975,한국학중앙연구원 한국학중앙연구원,대학원생,재직,기타인문학,고전번역학,이화여자대학교 통역번역연구소,석사,,
11862723,ok,이선윤,여,1994,계명대학교,기타,,,,,,李宣潤,Sunyun Lee
11863007,ok,한지은,여,1959,서강대학교 동아연구소,책임연구원,재직,교회사,한국교회사,연세대학교,박사,韓知恩,HAN JI EUN
11863113,ok,정성호,남,1988,경희대학교,,,한국어교육학,한국어교육,경희대학교,박사수료,鄭成浩,Jeong Seongho
11863183,ok,최준석,남,1997,계명대학교,기타,,,,,,崔俊錫,Junseok Choi
11863195,ok,김민수,남,1987,서울과학기술대학교,초빙교수,재직,현대소설(국문학),현대소설,서울대학교,박사,金珉洙,Kim Minsu
11863201,ok,이순미,여,1962,성균관대학교 유교철학ㆍ문화콘텐츠연구소,기타,미취업,유교철학,유교철학,성균관대학교,박사,李 順 美,LEE SOON MI
11863203,private,,,,,,,,,,,,
11863204,ok,김선영,여,1997,계명대학교,기타,,국어교육학,국어교육,,,,Seonyoung Kim
11863440,ok,박혜영,여,1990,한국항공대학교,조교수,재직,한문학,한시,경희대학교,박사,朴惠瑛,"Park, Haeyoung"
11863627,ok,이미영,여,1985,강원대학교,선임연구원,재직,현대소설(국문학),현대소설 및 비평,서울대학교,박사,,"Lee, Mi-young"
11864897,ok,박주현,여,1991,중앙대학교,,,,,,,,
11865148,ok,이도현,남,1981,울산대학교 인문과학연구소,전임연구원,미취업,한시,조선후기 한시,성균관대학교,박사,李度炫,Lee Do Hyun
11865306,ok,이경훈,남,1979,동신대학교(연계),조교수,재직,한국어와문학,한국어교육,,박사,이경훈(李炅勳),이경훈(Lee Kyeonghun)
11866063,ok,이경화,여,1986,이화여자대학교,대학원생,미취업,국어교육학,현대시교육,,,李京花,"Lee, Gyeong-Hwa"
11867166,ok,우정훈,남,1981,서울대학교 규장각한국학연구원,,재직,서지학,서지학,,,禹貞訓,"Woo, junghoon"
11867263,ok,김수연,여,1978,경성대학교,조교수,재직,예술교육학,연극교육&교육연극,Univ. of Warwick,박사,金穗姸,"Kim, su-youn"
11868158,ok,박철민,남,1992,한국학중앙연구원,연구원,재직,기타문헌정보학,한국문헌학,한국학중앙연구원,박사,朴哲珉,"Park, Cheol-Min"
11870769,ok,허유진,여,1998,서울대학교,,미취업,,,,,許喩眞,HUR YUJIN
11870916,ok,문선희,여,1981,한양대학교,대학원생,재직,국어교육학,언어교육,한양대학교,박사수료,文 宣 喜,"Moon, Sun-hee"
11871491,ok,장준익,남,1986,한국연구재단,기타,미취업,중국어사,중국어문자학(汉语言文字学),南京大學,박사,張俊翼,JANG JUNIK
11871606,ok,김예람,남,1992,서강대학교,강사,미취업,현대소설(국문학),현대소설,서강대학교,박사,金예람,Yei-ram Kim
11871760,ok,이경민,남,1989,춘천교육대학교,연구원,재직,,,경희대학교(국제캠퍼스),박사수료,,"Lee, Kyoung-Min"
11871815,ok,허선애,여,1984,국립금오공과대학교(연계),조교수,재직,현대소설(국문학),문학비평 및 소설,서울대학교,박사,,heo seon ae
11872265,ok,이회환,여,1974,경상국립대학교,강사,재직,통사론(언어학),현대문법론,경상국립대학교,박사,李會煥,LEE HOI HWAN
11872418,ok,황혜란,여,1978,서울여자대학교,초빙교수,재직,한국어와문학,"현대문학, 한국문화, 한국문학교육",한국학중앙연구원,박사,黃蕙蘭,Hwang hye ran
11872441,ok,유순덕,여,*****,경기대학교 인문학연구소,*****,*****,작가론,"국어국문학(현대문학, 시전공)",경기대학교,박사,*****,*****
11873618,ok,김영식,남,1973,서울예술대학교,조교수,재직,문예창작,시,명지대학교,박사,金永植,"Kim, Young-sik"
11874605,ok,이경란,여,1959,한국해양대학교,강사,퇴직,현대소설(국문학),현대소설. 청소년문학,국립부경대학교,박사,李炅蘭,Lee Kyungran
11874941,ok,이명주,여,*****,경상국립대학교(연계),*****,*****,인사관리/노사관계,인사조직전략,서강대학교,박사,*****,*****
11875007,ok,신효경,여,1972,충남대학교,강사,재직,고전산문,고전소설,충남대학교,박사,申孝京,Shin hyo kyung
11875463,ok,장서란,여,*****,전남대학교,*****,*****,현대시(국문학),현대시,서강대학교,박사,*****,*****
11875486,ok,김문희,여,1984,,,,역사/비교언어학,근세한일교재연구,,,金文姬,kimmoonhee
11875647,ok,홍송이,여,1972,강원대학교,강사,재직,교육학일반,교육심리학,강원대학교,박사,洪松怡,Hong Song-Ee
11876374,ok,김태선,남,1982,고려대학교,대학원생,,문예창작,문예비평,고려대학교,박사,金兌宣,Kim Tae-Seon
11876969,ok,John P. DiMoia,남,1966,서울대학교(연계),교수,재직,한국현대사,"과학사, 의료사, 아시아학",Princeton Univ.,박사,,John P. DiMoia
11877088,ok,염창동,남,1994,연세대학교,대학원생,미취업,현대소설(국문학),한국근대소설,연세대학교(미래캠퍼스),석박통합과정,廉昌東,Ryuem Chang Dong
11878865,ok,강동훈,남,1981,한국교원대학교,,,국어교육학,초등국어교육전공,한국교원대학교,박사,姜東薰,Kang Dong Hoon
11878869,ok,최종현,남,1982,전북대학교(연계),조교수,재직,정치경제,세계화의 국내정치적 영향,University of Notre Dame,박사,,Choi Chonghyun
11881928,ok,권민자,여,1983,한림대학교,강사,재직,문학사,현대문학,동국대학교,박사,權珉子,min ja kwon
11882044,ok,백수진,여,1979,경상국립대학교,강사,재직,화용론(국어학),담화 화용론,경상국립대학교,석사,白修珍,BACKSOOJIN
11883010,ok,leeyichi,여,1991,,,미취업,중국어교육,중국어교육,동국대학교,박사,李憶琦,LEE YI CHI
11883049,ok,황윤정,여,1984,서강대학교(연계),부교수,재직,국어교육,고전산문교육,서울대학교,박사,黃允禎,Yun jeong Hwang
11885437,ok,한지수,여,1990,이화여자대학교,,미취업,국어교육학,이해교육,이화여자대학교,석사,,
11886119,ok,조승희,여,*****,연세대학교 언어연구교육원 한국어학당,*****,*****,응용국어학,한국어교육,,,*****,*****
11886136,ok,손성희,여,1965,연세대학교 언어연구교육원 한국어학당,,재직,,,,,孫聖喜,Shon Sunghee
11886176,private,,,,,,,,,,,,
11886391,private,,,,,,,,,,,,
11886887,ok,하빛나,여,*****,한양대학교,*****,,현대시(국문학),현대문학,한양대학교,박사수료,*****,*****
11887114,ok,이혜경,여,1978,동덕여자대학교,조교수,재직,국어교육학,외국어로서의 한국어교육,인하대학교,박사,李惠卿,Lee Hyekyung
11887970,ok,강지영,여,1993,서울대학교,강사,재직,국어교육학,문법교육전공,서울대학교,박사,姜芝瑩,Jiyoung Kang
11888185,ok,한담,여,*****,국립목포대학교(연계),*****,*****,중국현대문학,현당대 중국 문학 및 문화 연구,北京大學 中國語言文學系,박사,,*****
11888204,ok,김누리,여,1993,명지대학교(서울캠퍼스),대학원생,미취업,평론,(근/)현대문학평론,명지대학교(서울캠퍼스),석사,金누리,KIM NULI
11889173,ok,곽예근,남,1986,한양대학교,연구원,퇴직,현대시(국문학),현대시,,,郭禮根,Gwak Ye Geun
11889836,ok,김진만,,,서정대학교(대학별),*****,*****,음성학(국어학),"한국어교육, 음성학",한양대학교,박사,,*****
11889937,ok,강신희,여,1991,한국외국어대학교,,,한국어교육학,외국어로서의 한국어 교육,한국외국어대학교,박사,姜信熙,Kang Shinhee
11890063,ok,김영주,남,1970,동국대학교,연구원,재직,동양철학일반,주역의 철학적 함의 연구,동국대학교,박사,金寧柱,Kim Young Ju
11890388,ok,김선우,남,*****,성균관대학교,*****,*****,기타국문학,아리랑/현대시,성균관대학교,박사수료,*****,*****
11890713,ok,이은주,여,*****,고려대학교,,*****,국어교육학,국어교육학과,고려대학교,박사,*****,*****
11891456,ok,김요섭,남,1988,성균관대학교,강사,재직,현대소설(국문학),한국현대소설,성균관대학교,박사,金曜燮,Kim Yosub
11892221,ok,김종희,여,1995,성균관대학교,대학원생,미취업,통사론(국어학),통사론,성균관대학교,석사,金宗喜,KIM JONG HEE
11892768,ok,한나,여,1983,초당대학교(연계),조교수,재직,비교교육학,국제비교교육학,北京師範大學,박사,韓나,HAN NA
11893367,private,,,,,,,,,,,,
11893391,ok,김희영,여,1984,성신여자대학교,회원,재직,동양철학일반,양명학,성신여자대학교,박사,金熙永,KIM HEE YOUNG
11894676,private,,,,,,,,,,,,
11895078,private,,,,,,,,,,,,
11895204,ok,이정숙,여,1972,인천대학교,,재직,문학교육,문학교육비교연구,山東大學,박사,,LEE JUNGSUK
11895248,ok,우진옥,여,1962,한국연구재단,기타,퇴직,고전산문,고전문학,건국대학교,석사,禹鎭玉,woojinok
11895458,ok,신민섭,남,1990,단국대학교 한문교육연구소,연구원,재직,한문학,한문산문,단국대학교,박사,申敏燮,"Shin, Min-seob"
11895923,ok,임동현,남,1989,인천대학교 인문학연구소,전임연구원,재직,문화이론/대중문화론,문화연구,연세대학교,박사,林東炫,LIM DONG HYUN
11897587,ok,방은수,남,*****,서울교육대학교(연계),*****,*****,국어교육학,초등국어교육전공,한국교원대학교,박사,*****,*****
11898892,ok,반재영,남,1989,고려대학교 국제한국언어문화연구소,연구교수,재직,현대소설(국문학),1950~60년대 문학과 사상사,고려대학교,박사,潘在泳,Bahn JaeYoung
11899364,ok,류재율,남,1970,,조교수,재직,한국어교육학,한국어교육정책,부산외국어대학교,박사,,JAE YOUL RYU
11900411,ok,허주영,여,1990,한국외국어대학교,대학원생,미취업,현대시(국문학),1980~1990년대 한국현대문학,한국외국어대학교,박사수료,,"Haw, Ju-Young"
11900463,ok,고명재,남,1987,계명대학교,강사,재직,현대시(국문학),현대문학,영남대학교,박사수료,高明載,Ko Myeong Jae
11901086,ok,김성수,남,1998,고려대학교,대학원생,재직,고전산문,국어국문학과 고전문학전공,고려대학교,석사,金成洙,KIM SOUNGSU
11901693,ok,강아름,여,*****,충남대학교(연계),*****,*****,의미론(언어학),의미론,Univ. of Chicago,박사,,*****
11901896,ok,김지윤,여,1980,부산대학교,강사,재직,유아교육,유아교육,부산대학교,박사,金知玧,kim ji yoon
11902464,ok,안다미,여,1989,소속없음,기타,미취업,조선후기사,"조선후기사, 사회사",성균관대학교,박사,安多美,Ann Da Mi
11903042,ok,성미향,여,1974,,,미취업,응용국어학,한국어교육,연세대학교,석사,成美香,SUNG MIHYANG
11903304,private,,,,,,,,,,,,
11903720,ok,정하라,여,1979,명지대학교,,재직,한국어교육학,"문학을 통한 한국어교육, 평생교육으로서의 한국어교육학",서울대학교,박사,鄭河羅,Jeong Hara
11904255,ok,김나래,여,1989,연세대학교,,미취업,현대시(국문학),현대시,연세대학교,박사수료,金拏來,Kim Na Rae
11904934,ok,장박,여,1993,연세대학교,,미취업,한문학,한문학,,,張博,ZHANG BO
11905060,private,,,,,,,,,,,,
11905603,ok,이지현,여,1986,고려대학교,,,,,,,,
11906219,ok,김중일,남,1977,광주대학교(대학별),,재직,문예창작,시 창작 방법론,단국대학교,박사,金重一,kim joong il
11907659,ok,이다온,여,1991,숭실대학교,강사,미취업,현대소설(국문학),현대소설,숭실대학교,박사,李多穩,Daon Lee
11908079,ok,박정미,여,1973,부산외국어대학교,초빙교수,재직,한국어교육학,"한국어문화교육,한국문화교육, 다문화교육",부산외국어대학교,박사,朴貞美,Park Jung Mi
11908417,ok,정희철,남,1995,한국고전번역원,연구원,재직,동양철학일반,"조선후기철학, 중국고대철학",연세대학교,석사,丁熙哲,"Hee Chul, Chung"
11909307,ok,최지현,여,1994,한양대학교,대학원생,미취업,화용론(국어학),음운론 및 화용론,한양대학교,석사,崔智現,Choi Ji hyeon
11909489,ok,조정화,여,1993,홍익대학교(연계),조교수,재직,심리언어학,심리언어학,University of Michigan,박사,,Jeonghwa Cho
11910292,ok,권진희,여,1980,,,,국어교육학,현대시,,,,Kwon jin-hee
11910293,ok,박찬호,남,1990,전북대학교,대학원생,미취업,동양철학일반,한국유가철학,전북대학교,석사,朴燦浩,PARK CHAN HO
11911013,ok,백미경,여,*****,경북대학교,*****,*****,통사론(국어학),국어학,경북대학교,박사수료,*****,*****
11911228,ok,이현전,여,1995,연세대학교,,,응용언어학,영어습득/코퍼스언어학,,,李炫典,Hyunjun Lee
11911266,ok,블라디미르 티호노프,남,1973,Universiteit i Oslo,교수,재직,한국현대사,"사상사, 한국근세사, 동아시아관계사",Moscow State University,박사,,Vladimir Tikhonov
11911469,private,,,,,,,,,,,,
11912151,ok,박종원,남,1969,"Univ. of Minnesota~, Duluth",교수,재직,통사론(영어학),"통사론, 의미론, 인지언어학",University of Illinois at Urbana - Champaign,박사,,Chongwon Park
11912505,ok,임이랑,여,1984,한국과학기술원,강사,재직,고전산문,"한문산문, 구비문학",전북대학교,박사,任이랑,ImLeeLang
11912992,ok,정치훈,남,1991,서울사이버대학교,대우교수,재직,현대시(국문학),현대시,한양대학교,박사,鄭治訓,Jeong Chi Hun
11913128,ok,김창욱,남,1992,연세대학교,대학원생,미취업,현대시(국문학),현대시,연세대학교,석사,金昶郁,"Chang-uk, Kim"
11914601,ok,DESSIAR ACHMAD RIO,남,1986,경북대학교 영남문화연구원,,미취업,음운론(언어학),음성학,,,아흐마드리오데시아르,ACHMAD RIO DESSIAR
11914706,ok,서반석,남,1982,명지대학교(연계),,재직,통사론(국어학),문법론,서울대학교,박사,徐磐錫,Seo Banseoc
11915011,ok,국원호,남,1973,강원대학교(삼척캠퍼스),강사,재직,현대시(국문학),현대시,서강대학교,박사,,kook won ho
11915213,ok,주월랑,여,*****,청주대학교(연계),*****,*****,한국어교육학,한국어교육,연세대학교,박사,*****,*****
11915904,ok,임다영,여,1979,이화여자대학교 중국문화연구소,연구교수,재직,국어사,한국조선언어사회,東京大学,박사,林茶英,Lim Dayong
11916216,ok,최나은,여,1992,서울대학교,대학원생,,국어교육학,"표현교육, 화법교육",서울대학교,학사,,Choi Naeun
11917071,ok,조영헌,남,1976,,,,,,한국외국어대학교,박사,,
11917096,ok,박혜진,여,1985,인하대학교(연계),조교수,재직,국어교육,문법교육,서울대학교,박사,朴惠辰,Park hyejin
11917417,ok,유성령,여,1992,Old Dominion Univ.,조교수,재직,초등교육,문식성,Pennsylvania State Univ.,박사,兪成伶,"Seongryeong, Yu"
11917471,ok,정현정,여,1977,동국대학교,,재직,국어교육,외국어로서의 한국어교육,,,鄭鉉靜,Jung Hyun Jung
11918537,ok,박기성,남,1977,원광대학교,,,한문산문,한문고전,원광대학교,박사,朴基誠,Park gi seong
11918628,ok,김민우,남,1987,,,재직,한국어교육학,한국어교육,배재대학교,석사,金珉佑,"Kim, Minwoo"
11920127,ok,안희영,여,1980,서울시립대학교,강사,재직,화용론(언어학),언어 사용 언어 교육,University of Southern California,박사,,Heeyoung Ahn
11920129,ok,안선영,여,1981,Univ. of Manitoba,조교수,재직,응용언어학,SECOND LANGUAGE ACQUISITION,Univ. of Maryland at College Park,박사,安宣映,SUNYOUNG AHN
11921888,ok,서만,여,1986,서울대학교,대학원생,미취업,국어교육,한국어 문법 교육,서울대학교,석사,徐曼,XU MAN
11922535,private,,,,,,,,,,,,
11923204,ok,박소연,여,*****,가톨릭대학교,*****,*****,국어교육,한국어교육,가톨릭대학교,박사,*****,*****
11923328,ok,손현숙,여,1959,고려대학교세종캠퍼스 공공정책연구소,강사,재직,문예창작,현대시,고려대학교세종캠퍼스,박사,孫賢淑,Son Hyun Suk
11924229,ok,김지영,여,1978,국립군산대학교,강사,재직,,,,,金祉英,Kim Ji Young
11925827,ok,정두호,남,1992,경상국립대학교 경남문화연구원,선임연구원,재직,한국유가철학,한국유가철학,동국대학교,박사,鄭斗鎬,"Jung, Du Ho"
11927887,ok,호창수,남,1990,육군사관학교,조교수,재직,국어교육학,문학교육(현대소설),서울대학교,박사,扈彰水,Ho Changsu
11928682,private,,,,,,,,,,,,
12388255,ok,박상희,여,1980,성공회대학교(대학별),조교수,재직,정치사회학/사회운동론,"의료사회학, 시민권과 인권, 난민과 탈북민 등 소수자 연구, 웰빙",서울대학교,박사,,Sang-Hee Park
12389267,ok,안데쉬 칼손,남,1966,SOAS. University of London,부교수,재직,기타한국사,조선후기사,Stockholms Universitet.,박사,,Anders Karlsson
12390107,ok,이무조,여,1972,영남대학교,POST_MAS,미취업,통사론(언어학),한국어 통사론,영남대학교,박사수료,李武晁,Yi Mujo
12390201,ok,변은지,여,1988,,,,국어교육학,이해교육,이화여자대학교,석사,,
12390352,ok,정윤성,남,1991,연세대학교,대학원생,미취업,현대소설(국문학),현대문학,연세대학교,석사,丁潤聲,JUNG YOONSUNG
12390365,ok,나윤하,여,1996,연세대학교,대학원생,미취업,구비문학(국문학),국어국문학과 고전문학,연세대학교,석사,,"NA,YOONHA"
12391588,ok,최선지,여,1994,고려대학교,대학원생,미취업,통사론(국어학),한국어 문법론,고려대학교,박사수료,崔先志,CHOI SUNJI
12391963,ok,김준수,남,1987,서울시립대학교,강사,재직,음운론(국어학),국어음운사,서울시립대학교,박사,金俊收,KIM JUNSOO
12392260,ok,류승의,여,1984,동명대학교,강사,재직,한국어교육학,한국어교육학,부산외국어대학교,박사수료,柳承宜,RYU SEUNGUI
12392308,ok,양희문,여,1993,華中師範大學,대학원생,미취업,한시,한중비교문학,華中師範大學,석사수료,楊茜雯,Yang XiWen
12392383,ok,김현우,남,1981,연세대학교(연계),부교수,재직,응용언어학,제2언어습득,University of Hawaii at Manoa,박사,,HYUNWOO KIM
12392539,ok,채예람,여,1989,연세대학교,강사,재직,현대소설(국문학),현대문학,연세대학교,박사수료,,Chae Ye-Ram
12393559,ok,박우희,남,1993,한성대학교,대학원생,,가상현실,VR/AR,,,朴宇禧,ParkWoohee
12393601,ok,김지은,여,1996,한국과학기술연구원,,재직,가상현실,VR/AR,,,,Kim Jieun
12393686,ok,전한솔,남,1995,서울대학교,대학원생,미취업,국어사,국어사,고려대학교,학사,,Hansol Jeon
12394081,ok,김민정,여,1979,이화여자대학교,,재직,한국어교육학,한국문화교육,이화여자대학교,박사,金旼貞,Kim Minjeong
12394138,ok,김혜영,여,1983,서울대학교,강의교수,재직,통사론(국어학),통사론,서울대학교,박사,,
12395375,private,,,,,,,,,,,,
12395427,private,,,,,,,,,,,,
12395479,ok,손진원,여,1989,고려대학교,대학원생,미취업,현대소설(국문학),현대문학,고려대학교,박사수료,孫眞元,Son Jin-won
12395544,ok,김나래,여,1995,고려대학교,대학원생,,,,고려대학교,석사,金娜萊,KIM NARAE
12395916,ok,이시연,여,*****,성균관대학교,*****,*****,한국경학,한국 경학,성균관대학교 동아시아학술원,박사,*****,*****
12397180,ok,이인영,여,1980,한양대학교,,미취업,운문,국어국문학과,한양대학교,박사,李仁英,Lee In-young
12397194,ok,최현민,남,1991,고려대학교,연구교수,재직,고전산문,"고전서사, 고전소설",고려대학교,박사,崔鉉敏,"Choi, Hyun-min"
12399049,ok,심규식,남,1989,고려대학교 고려대학교 부설 한자한문연구소,연구교수,재직,한문학,한문학/문헌학,고려대학교,박사,沈揆植,SIM KYUSIK
12399891,ok,도현미,여,1980,단국대학교,연구교수,재직,교육공학,교육공학/수업설계/이러닝/mooc,단국대학교,박사,都賢美,Hyunmi Do
12402141,ok,신상후,여,1981,한국학중앙연구원(연계),조교수,재직,동양철학,한국유가철학,이화여자대학교,박사,申相厚,
12402725,ok,전솔비,여,1989,연세대학교,대학원생,미취업,비교문학,비교문학,연세대학교,석사,全솔비,JEON SOLBEE
12403920,ok,이병철,남,1984,소속없음,기타,미취업,현대시(국문학),현대문학,한양대학교,박사,,Lee Byung Chul
12404660,ok,신현규,남,1991,인하대학교 한국학연구소,HK연구교수,재직,통사론(국어학),한국어통사론,서울대학교,박사,辛玹圭,Shin Hyeon Gyu
12405844,ok,진주,여,1984,전북대학교,강사,재직,현대희곡(국문학),한국현대희곡,전북대학교,박사수료,陳珠,JINJU
12406633,ok,권오수,남,1990,대구대학교,대학원생,,,,,,權五洙,"Gwon, O Su"
12406888,ok,윤복실,여,1970,서강대학교 미디어융합연구소,연구교수,재직,동양철학일반,예술철학,성균관대학교,박사,尹福實,YUN BOKSIL
12407014,ok,홍정현,여,1978,한국과학기술원부설 한국과학영재학교,기타,재직,국어교육학,문법 교육,한국교원대학교,박사,洪貞賢,Hong Jeonghyun
12408168,ok,전영주,여,1978,이화여자대학교 에듀테크융합연구소,POST-DOC,재직,국어교육학,"문법교육, 어휘교육",이화여자대학교,박사,全映珠,Young Ju Chun
12408215,ok,이용규,남,1991,서울대학교,대학원생,,국어사,국어학 국어사,서울대학교,석사,李鏞奎,LeeYongKyu
12408354,ok,강성애,여,1985,남서울대학교,강사,재직,영상문학,현대문학,중앙대학교,박사,姜聖愛,Kang Sung Ae
12408421,ok,한병인,여,1968,한남대학교,초빙교수,재직,현대시(국문학),국어국문과 현대문학,충남대학교,박사,韓炳仁,Han-Byeoung In
12410117,ok,이주현,여,*****,동국대학교,*****,*****,고전산문,고전산문,동국대학교,석사,*****,*****
12411027,ok,박주혜,여,1988,한양대학교,강사,재직,아동문학,아동문학,한양대학교,박사,朴柱慧,ParkJuHye
12412143,ok,장은애,여,1989,국민대학교,강사,미취업,소설,한국 근현대문학,국민대학교,박사수료,張恩愛,JANG EUN AE
12412894,ok,등천,여,1986,中國海洋大學,조교수,재직,현대소설(국문학),"중한비교문학, 번역문학",고려대학교,박사,鄧倩,DENG QIAN
12413162,ok,염승연,여,1995,전남대학교,대학원생,재직,,,,,廉承娟,YUM SEUNG YUN
12413953,ok,박소은,여,*****,경북대학교,*****,*****,국어교육,문법교육,경북대학교,박사,,*****
12414663,ok,정혜현,여,*****,고려대학교 한국어문교육연구소,*****,*****,국어교육학,문법교육,고려대학교,박사수료,*****,*****
12414858,ok,이지후,남,1993,충북대학교,대학원생,미취업,한시,고전문학,충북대학교,박사수료,李智厚,Lee Ji Hoo
12415631,ok,정해윤,여,1993,대구대학교,강사,재직,통사론(국어학),통사론,연세대학교,박사,丁海允,Chung HaeYun
12415682,ok,이복자,여,1973,연세대학교 언어연구교육원 한국어학당,강사,재직,한국어교육학,한국어교육,연세대학교,박사,李福子,Lee bok ja
12415750,ok,김상민,남,1992,연세대학교,기타,미취업,통사론(국어학),통사론,연세대학교,박사,金相玟,Kim Sangmin
12415771,ok,송준영,남,1993,단국대학교,대학원생,미취업,성운학(중국어학),성운학,단국대학교,석사,宋俊暎,JoonYoung Song
12415793,ok,이선화,여,1975,중앙대학교,강사,재직,통역번역,"일본어 통역, 번역",중앙대학교,박사,李宣和,Seonhwa LEE
12415905,ok,송재익,남,1977,,,,국어교육학,국어교육학,고려대학교,석사,,
12416021,ok,조지은,여,1976,Univ. of Oxford,부교수,재직,언어이론,Pragmatics,University of London,박사,,Jieun Kiaer
12417028,ok,최솔잎,여,1989,단국대학교,대학원생,미취업,한문산문,한문산문,단국대학교,석사,崔솔잎,Choi Sol Ip
12417432,ok,대니얼 피퍼,남,1980,University of British Columbia,조교수,재직,한국근대사,"아시아학, 한국근대사",University of British Columbia,박사,,Daniel Pieper
12418017,ok,차순정,여,1976,국립공주대학교,강사,재직,한국어교육학,"한국어교육, 국어학",국립공주대학교,박사,車淳靜,
12418145,ok,임진하,여,1990,서울대학교,강사,재직,현대소설(국문학),현대소설,서울대학교,박사,任珍夏,Lim Jinha
12418296,ok,송잔나,여,1958,National Research University Higher School of Economics,조교수,재직,러시아사,고려인역사,"Institute of Russian History, Russian Academy of Sciences",박사,,Zhanna Son
12419903,ok,이암,여,1983,,,,응용언어학,한국어교육,,,李岩,Li Yan
12422102,ok,편지윤,여,*****,청주교육대학교(연계),*****,*****,국어교육학,독서교육,이화여자대학교,박사,*****,*****
12422770,ok,황태진,여,*****,경북대학교(연계),*****,*****,한국현대사,한미 관계사,Univ. of California at Berkeley,박사,,*****
12424628,ok,이명엽,여,1964,인하대학교,,,,,,,李明葉,LEE MYUNG YEOB
12425203,ok,김정란,여,1965,부산대학교,대학원생,미취업,한문학,한시,부산대학교,석사,金貞蘭,Kim Jeung Ran
12425386,ok,이유정,여,1972,건국대학교,조교수,재직,기타인문학,문화콘텐츠,고려대학교,박사,李宥姃,leeyoujung
12425935,ok,배규리,여,1992,부산대학교,대학원생,미취업,한문학,한국한문학,부산대학교,석사,,
12426637,ok,정혜윤,여,1993,서울대학교,대학원생,미취업,국어교육,한국어교육전공,서울대학교,학사,鄭惠允,Hyeyun Jeong
12426710,private,,,,,,,,,,,,
12426724,ok,이수진,여,1991,서울대학교,연구원,미취업,문학교육,현대산문전공,서울대학교,박사,李秀眞,LEE SUJIN
12427696,ok,김보경,여,1986,연세대학교,대학원생,,,,,,金甫徑,BOKYOUNG KIM
12428018,private,,,,,,,,,,,,
12428060,ok,김현수,여,1986,국립창원대학교(연계),부교수,재직,교육상담,교육상담.심리,이화여자대학교,박사,金鉉秀,Kim. Hyeonsu
12428068,ok,이승우,남,1982,,,,,,,,,
12429713,ok,노들,여,*****,이화여자대학교,*****,*****,국어교육학,디지털 리터러시 교육,이화여자대학교,박사,,*****
12433203,ok,이지영,여,1988,경희대학교,강사,재직,문학비평(국문학),근현대문학,경희대학교,박사,李知英,Lee Ji Young
12433501,ok,강민지,여,1994,경북대학교,대학원생,재직,의미론(언어학),의미론,경북대학교,박사수료,姜旼知,Kang Min Ji
12434381,ok,송주호,남,1992,경북대학교,고등학교 교사,재직,국어교육학,문법 교육,경북대학교,박사수료,宋周浩,Ju Ho Song
12438654,ok,임인화,남,*****,진주교육대학교(연계),*****,*****,국어교육학,문학교육,한양대학교,박사,*****,*****
12439640,ok,진경지,남,1975,國立政治大學,부교수,재직,한문산문,민속 문학,한양대학교,박사,陳慶智,CHEN QING ZHI
12439720,ok,진솔,여,1992,한국교원대학교,강사,재직,국어교육,초등국어교육,한국교원대학교,박사,陳率,Jin Sol
12439766,ok,남은영,여,1982,인하대학교,강사,재직,문화예술경영,문화경영,인하대학교,박사,南恩英,Nam Eunyoung
12440086,ok,하명진,여,1992,,,,,,,,,
12440171,ok,안용주,남,1984,경상국립대학교,강사,재직,현대소설(국문학),현대소설,경상국립대학교,박사수료,安容周,An Yongjoo
12440174,ok,박광규,남,1965,경상국립대학교,강사,재직,화용론(언어학),비교언어학 (대조언어학),경상국립대학교,박사,朴珖珪,BHARK GWANG GEU
12440930,ok,양지현,여,1975,경상국립대학교,강사,재직,형태론(언어학),형태분석,경상국립대학교,박사,梁芝賢,Yang Jihyeon
12441444,ok,윤예전,여,*****,이화여자대학교,*****,*****,국어교육,고전문학교육,이화여자대학교,석사,*****,*****
12441464,ok,엄인영,여,*****,이화여자대학교,*****,*****,국어교육,국어교육-표현연구,이화여자대학교,박사,*****,*****
12441526,private,,,,,,,,,,,,
12442217,ok,Duanbaihui,여,1994,연세대학교,,미취업,조선후기사,외교관계사,,,段柏慧,Duan Baihui
12442793,ok,황훼이민,여,1994,경북대학교,,미취업,의미론(국어학),의미론,,,,HUANG HUIMIN
12443066,ok,정보배,여,1984,부산대학교(연계),부교수,재직,문학교육,고전산문교육,부산대학교,박사,鄭寶培,Jeong Bobae
12443957,ok,정유선,남,1989,국립순천대학교,연구교수,재직,현대시(국문학),현대시,조선대학교,박사,,Jeong Yusun
12444086,ok,김웅기,남,1995,경희대학교,강사,재직,현대시(국문학),현대시,경희대학교,박사,金雄基,Woong Gi Kim
12444375,ok,김한결,남,1982,서울시립대학교,객원교수,재직,국어사,문법사,서울대학교,박사,金한결,KIM HAN GYUL
12444576,ok,전진영,여,1994,고려대학교,대학원생,미취업,구비문학(국문학),판소리,고려대학교,석사,全珍泳,Jeon Jinyeong
12445219,ok,박은현,여,1986,연세대학교,,재직,기타인문학,한국어교육 정보학,,,,
12445220,ok,강예지,여,1992,연세대학교,,재직,기타언어학,말뭉치언어학,,,,
12446471,ok,정수연,여,1977,수원대학교,객원교수,재직,현대시(국문학),현대시,고려대학교,박사,鄭守娟,Suyeun Jung
12446481,ok,이민주,여,1989,서울대학교,기타,미취업,고전산문,고전소설,서울대학교,박사,李珉周,LEE MINJOO
12446690,ok,김연주,여,1992,고려대학교,대학원생,미취업,한문학,한문산문,고려대학교,석사,金蓮珠,Kim Yeonju
12446900,ok,김유동,남,1989,한국연구재단,대학원생,미취업,문학사,현대문학,고려대학교,석사,,
12446942,ok,이성주,남,1989,동국대학교,대학원생,미취업,운문,현대문학(현대시),동국대학교,석사,李成柱,"Lee, Seong-Ju"
12446954,ok,석선영,여,*****,大阪公立大學,*****,*****,비교문학(일본문학),.,고려대학교,학사,*****,*****
12446959,ok,박아름,여,1983,고려대학교,강사,재직,한국어교육학,한국어문화교육학,고려대학교,박사,朴아름,Park Areum
12446973,ok,최윤영,여,1996,고려대학교,대학원생,미취업,문학비평(국문학),현대비평,고려대학교,박사수료,崔允英,CHOE YUN YOUNG
12447300,ok,박주은,여,1993,광운대학교,강사,재직,기타문학,문학치료전공,건국대학교,박사,朴柱垠,Park Jooeun
12448254,ok,김미연,여,1986,성균관대학교 비교문화연구소,연구교수,재직,비교문학(국문학),번역문학,고려대학교,박사,金美姸,KIM MIYEON
12448271,ok,신찬경,여,1990,고려대학교,대학원생,미취업,고전산문,구비문학,고려대학교,석사,申贊景,Shin Chankyung
12448282,ok,박소영,여,1982,연세대학교,대학원생,,한국어와문학,한국어 교육,성신여자대학교,석사,朴昭榮,SOYOUNG PARK
12448577,ok,하카마다 미츠야스,남,1964,靜岡大學,교수,재직,일본고전산문,고대설화,,,袴田光康,Hakamada Mitsuyasu
12448839,ok,엄미경,여,1972,동국대학교,기타,미취업,불교문헌학,불교한문번역학,동국대학교,박사,嚴美鏡(明俊),"Um, Mi-Kyoung"
12448912,ok,이선빈,여,*****,경상국립대학교,*****,*****,한국어교육학,외국어로서의 한국어교육,부산대학교,박사,*****,*****
12449107,ok,김정하,여,1986,대구가톨릭대학교 사회과학연구소,연구교수,재직,무용교육,문화예술교육,대구가톨릭대학교,박사,金正夏,Jeongha Kim
12449134,ok,고승관,남,1989,제주대학교,강사,재직,고전시가,고전시가,제주대학교,박사,高承寬,Ko Seung Gwan
12449237,ok,김형민,여,1979,서울여자대학교,초빙교수,재직,한국어교육학,한국어문화교육학,고려대학교,박사,,Hyeongmin Kim
12449293,private,,,,,,,,,,,,
12449362,private,,,,,,,,,,,,
12449366,ok,김지은,여,1992,이화여자대학교,대학원생,미취업,국어교육학,국어교육학,이화여자대학교,석사,,KIM JIEUN
12449498,ok,선우은실,여,1991,국립순천대학교(연계),조교수,미취업,현대소설(국문학),현대문학,인하대학교,박사,鮮于銀實,SUNWOOEUNSIL
12449516,ok,김지선,여,*****,덕성여자대학교 역사문화연구소,*****,*****,학제간연구,디지털 인문학,한국학중앙연구원,박사,*****,*****
12450161,ok,정진현,여,1986,동명대학교,초빙교수,재직,한국어와문학,외국어로서의 한국어교육,부산대학교,박사,,Jung Jinhyun
12450252,ok,이지혜,여,1987,경희대학교,강사,재직,과학기술과문학,한국문화콘텐츠,경희대학교,박사수료,李智惠,LeeJiHye
12450757,ok,김규태,남,1988,제주대학교,강사,재직,중국소설,중국고전소설,제주대학교,박사,金奎兌,KIM KYUTAE
12450907,ok,이천천,여,1994,,,재직,,,,,,
12450936,ok,신다솔,여,1990,서울대학교,대학원생,미취업,한국어교육학,표현 교육,서울대학교,박사수료,申다솔,SHIN DASHOL
12451073,ok,백종륜,남,1991,서울대학교,대학원생,재직,현대소설(국문학),현대문학전공,서울대학교,박사수료,白種倫,Jong-Ryun Baek
12451173,ok,문미애,여,1970,전북대학교,기타,미취업,한문산문,한문학,전북대학교,박사,文美愛,"Moon, mi-ae"
12452145,ok,최중녀,여,1969,성운대학교,강사,재직,현대소설(국문학),현대소설,대구가톨릭대학교,박사,崔重女,choi jung nyu
12452165,ok,양세정,여,*****,제주대학교,*****,*****,언어습득,언어교육,University of Hawaii at Manoa,박사,,*****
12452658,ok,김민구,남,1990,서강대학교,대학원생,미취업,현대시(국문학),현대시,서강대학교,석사,金玟求,KIM Min Goo
12453118,ok,공태수,남,1987,동아대학교,강사,재직,통사론(국어학),"한국어교육, 통사론",동아대학교,박사수료,,
12453552,ok,박경희,여,1964,연세대학교 언어연구교육원 한국어학당,강사,재직,,,,,朴景禧,"Park, kyunghee"
12453571,ok,이준,남,1989,한양대학교,강사,재직,문화예술경영,문화콘텐츠학(Culture Contents Studies),한양대학교,박사,李濬,Jun Lee
12453576,ok,차상아,여,1984,연세대학교,,,한국어교육학,한국어교육,연세대학교,박사수료,,Cha Sang A
12454522,ok,이민정,여,1976,나사렛대학교,강사,재직,현대소설(국문학),현대소설,한남대학교,박사,李珉禎,Lee Min Jung
12454971,ok,고동현,남,1992,서울대학교,대학원생,미취업,통사론(국어학),통사의미론,서울대학교,박사수료,高東賢,Koh Donghyun
12455346,ok,김지영,여,1989,연세대학교,대학원생,미취업,사회언어학,국어국문학,연세대학교,박사수료,金志泳,"Kim, Jiyeong"
12456264,ok,김수미,여,1979,숙명여자대학교,강사,재직,언어교육,국제한국어교육,숙명여자대학교,박사,金守美,Kim Sumi
12456586,private,,,,,,,,,,,,
12456650,ok,양미영,여,1984,충남대학교,강사,재직,현대소설(국문학),비교문학,충남대학교,박사,梁美英,Miyoung Yang
12458409,ok,이지연,여,1989,우송대학교,강사,재직,국어교육학,한국어교육,서울대학교,박사,,Lee Jeeyeoun
12458798,ok,박황희,남,1964,고려대학교,강사,재직,한문학,한문 번역,고려대학교,박사,朴熿熙,Park-HwangHee
12459156,ok,박경자,여,*****,동신대학교 인문사회과학연구소,*****,*****,한국어와문학,한국어교육학,동신대학교,박사,*****,*****
12459187,ok,박진철,남,1976,서울여자대학교,초빙교수,재직,한국어교육학,문법 교육,연세대학교,박사,朴眞哲,PARK JINCHUL
12459242,ok,조예신,여,1970,중앙대학교,강사,재직,연극연출/연기,연기뮤지컬,동국대학교,박사,趙藝新,CHO YE SHIN
12459723,ok,강연진,여,1977,고려대학교,겸임교수,재직,국어교육학,문식성교육,고려대학교,박사,강연진,Kang Yeonjin
12459942,ok,박군석,남,1969,부산대학교,강사,,운문,현대시,부산대학교,박사,朴軍碩,Park Gun-Seok
12460303,ok,이숙진,여,1982,명지대학교,강사,재직,어휘론(국어학),한국어교육,강남대학교,박사,李淑珍,LEESOOKJIN
12460774,ok,김세나,여,1985,국립군산대학교,초빙교수,재직,소설,현대소설,한양대학교,박사,,"kim, se-na"
12461494,ok,정윤희,여,*****,가톨릭관동대학교(연계),*****,*****,교육심리학,교육심리학,숙명여자대학교,박사,,*****
12462234,ok,김진선,여,1991,조선대학교,대학원생,미취업,,,,,金珍先,Kim jinseon
12462675,ok,쿼터메인 토마스 닐,남,*****,연세대학교(연계),*****,*****,,,Univ. of Oxford,박사수료,,*****
12463161,ok,김민교,여,1982,조선대학교,,,,,,,,
12463913,ok,김난경,여,1980,성신여자대학교,강사,재직,구비문학(국문학),설화,성신여자대학교,박사,金爛炅,kim nan kyung
12465288,ok,한재민,남,1988,경희대학교,,미취업,,,,,,HAN JAEMIN
12466137,ok,허진혁,남,1989,세종대학교,초빙교수,재직,현대소설(국문학),현대문학,한양대학교,박사,許珍赫,Heo Jin-Hyuk
12466686,ok,천수연,여,1979,연세대학교,객원교수,미취업,학제간연구,한국학/한국어문화교육,연세대학교,박사,천수연,chun sooyeon
12467143,ok,박유현,여,1991,한국교육과정평가원,부연구위원,재직,국어교육,현대산문교육,서울대학교,박사,,Park Yuhyun
12467680,ok,김지우,여,1997,서강대학교,대학원생,미취업,현대소설(국문학),현대소설,서강대학교,박사수료,,
12467888,ok,조은,여,*****,국립국어원,*****,*****,,,,,*****,*****
12468043,ok,이현숙,여,1964,경상국립대학교,대학원생,재직,,,경상국립대학교,석사,李玹淑,Lee hyunsook
12468141,ok,CHEN XIUXIU,여,1987,동국대학교,,미취업,언어교육,외국어로서의 한국어교육,,,陳秀秀,CHEN XIUXIU
12468160,ok,김민정,여,1990,경상국립대학교,연구교수,재직,고전산문,고전소설,경상국립대학교,박사,金珉廷,Kim Min-jeong
12468569,ok,김보람,여,1989,연세대학교,대학원생,,,,,,,
12468782,ok,여현정,여,1994,영남대학교,객원교수,재직,형태론(국어학),형태론,영남대학교,박사,余玹靖,Yeo Hyeonjeong
12468822,ok,이형주,남,1987,서울대학교,강사,재직,어휘론(국어학),"어휘론, 통사론",서울대학교,박사,李炯柱,Lee Hyungju
12469476,ok,서현주,여,1974,평택대학교,겸임교수,재직,소설,현대소설,경희대학교,박사,徐賢珠,Seohyunjoo
12469909,ok,송은정,여,1970,국립순천대학교,강사,재직,소설,현대문학,국립순천대학교,박사,宋銀貞,Song eun jeong
12470033,ok,JIN MEIYING,여,1980,,,,,,,,,
12470189,ok,정계룡,남,1990,서울대학교,대학원생,재직,국어교육학,글쓰기 교육,서울대학교,박사수료,鄭鷄龍,JUNG GE RYONG
12470788,ok,최지연,여,*****,서울대학교,*****,*****,한국음악이론/분석,한국음악학,서울대학교,박사,*****,*****
12471864,ok,박지현,여,1982,연세대학교,,재직,응용국어학,한국어교육,연세대학교,박사,,Park Jihyun
12472697,ok,박장범,남,1988,광운대학교,초빙교수,재직,국어교육학,문학교육,서울대학교,박사,朴壯汎,Park Jangbeom
12472740,ok,wanglinchang,여,1992,,대학원생,미취업,,,,,,
12472775,ok,박성근,남,1980,,,,,,,,,
12473091,ok,송채은,여,1996,고려대학교,대학원생,미취업,한문학,한시,고려대학교,박사수료,宋采恩,"Song, Cheaeun"
12473116,ok,김영서,남,1994,고려대학교,대학원생,,,,,,金榮緖,KIMYOUNGSEO
12473259,ok,박시은,여,1995,경상국립대학교,강사,재직,화용론(언어학),사회언어학,경상국립대학교,박사수료,朴是垠,Park Si Eun
12473267,ok,문선영,여,*****,경북대학교,*****,*****,국어교육학,현대시교육,이화여자대학교,박사,*****,*****
12473291,ok,윤수미,여,1985,한양대학교,강사,재직,소설,현대소설,한양대학교,박사,尹琇美,Yoon su-mi
12473379,ok,조은영,남,1969,육군사관학교,교수,재직,동양철학일반,동양철학,성균관대학교,박사,,
12474195,ok,김혜진,여,1989,서울대학교,강사,재직,국어교육,"문학교육, 현대시교육",서울대학교,박사,金蕙珍,Kim Hyejin
12474228,ok,엄찬영,남,1968,재단법인 한국학 호남진흥원,연구위원,재직,한문산문,고전번역,,,,
12474866,ok,이효순,여,1993,충북대학교,강사,재직,구비문학,고전문학(구비문학),충북대학교,박사,李孝順,"Lee, Hyo-Sun"
12475357,ok,김현정,여,1987,대구대학교,강사,재직,현대시(국문학),현대시,영남대학교,박사,,KIM HYEON JEONG
12475867,ok,정재윤,남,1989,한국학중앙연구원,연구교수,재직,고전산문,고전소설,한국학중앙연구원,박사,,jung jaeyoon
12476677,ok,최지연,여,1983,단국대학교 한문교육연구소,,재직,중국고전문학,"중국고전문헌학, 고적정리 및 연구",北京師範大學,박사,崔至延,CHOI JI YEON
12477142,ok,이철기,남,*****,현대고등학교,*****,*****,국어교육,국어사교육(문자 및 표기),고려대학교,박사수료,*****,*****
12478626,ok,이강혁,남,*****,서울대학교,*****,*****,국어사,문법사,서울대학교,박사,*****,*****
12478685,ok,백유진,여,1987,,고등학교 교사,재직,국어교육학,작문교육,한국교원대학교,박사,,
12478705,ok,최언희,여,1991,경희대학교,대학원생,미취업,,,,,崔彦姬,CUI YANJI
12479803,ok,김순옥,여,1973,한양대학교,강사,재직,응용언어학,국어학,한양대학교,박사,金順玉,Kim Soon-ok
12480039,ok,김정윤,여,1993,성균관대학교,대학원생,재직,형태론(국어학),형태론,성균관대학교,석사,金禎潤,Kim Jeongyun
12480573,ok,강숙영,여,1974,충남대학교,강사,재직,소설,현대소설,충남대학교,박사,姜淑英,KANG SUK YOUNG
12480594,private,,,,,,,,,,,,
12480843,ok,방승호,남,1986,충남대학교,강사,재직,문학이론,현대시 비평,충남대학교,박사,方勝號,Bang seung-ho
12482143,ok,박정순,남,1986,숭실대학교,강사,재직,음운론(국어학),음운사,숭실대학교,박사수료,朴正淳,Park Jungsoon
12482390,ok,김점숙,여,1961,한양대학교,강사,미취업,현대시(국문학),현대시,한양대학교,박사,金点淑,Kim Jum Sook
12483120,ok,이지성,여,1990,전남대학교,대학원생,재직,한국어와문학,한국어 교육,전남대학교,석사,李智晟,LEE JISEONG
12484128,ok,최영미,여,*****,한국교원대학교,*****,,국어교육학,국어교육,한국교원대학교,박사수료,*****,*****
12484382,ok,김주성,남,1984,해군사관학교,강사,재직,국어정책론,국어정책론,연세대학교,박사,金柱星,"Gim, Joosung"
12484840,ok,오주혜,여,1963,부산대학교,책임연구원,재직,운문,현대 시,부산대학교,박사,吳周惠,Oh Joo hye
12485084,ok,전상호,남,1987,한림대학교,강사,재직,통사론(국어학),국어학,한림대학교,박사수료,田常鎬,JEONSANGHO
12485100,ok,김나현,여,1993,한림대학교,대학원생,미취업,통사론(국어학),통사론,한림대학교,박사수료,金娜賢,Nahyeon Kim
12485498,ok,유옥순,여,1969,국립순천대학교,강사,퇴직,국어교육학,국어교육,국립순천대학교,박사수료,劉玉順,yoo Oksoon
12485911,private,,,,,,,,,,,,
12486751,ok,배재훈,남,1983,한국교원대학교,대학원생,,국어교육,초등국어교육,,,裵宰焄,Bae Jae Hun
12486757,ok,이융희,남,1987,한양대학교,강사,재직,평론,장르문학,한양대학교,박사,李隆熙,LEE YungHee
12486788,ok,남기민,여,1988,경상국립대학교,강사,재직,구비문학(국문학),판소리,경상국립대학교,박사,南杞旼,Nam Kimin
12487813,ok,유현주,여,1982,성균관대학교,기타,미취업,유교철학,사서삼경,성균관대학교,박사,柳炫州,YOO HYUNJU
12490449,ok,김동협,남,1974,고려대학교 고려대학교 부설 한자한문연구소,연구교수,재직,,,고려대학교,박사,,kimdonghyeop
12490699,ok,에르덴치멕,여,1986,,,,,,,,,
12490830,ok,배주용,여,1975,부산가톨릭대학교,강사,재직,응용언어학,응용언어학,부산대학교,박사,裵朱勇,"Bae, Ju-Yong"
12491125,ok,오리사,여,*****,동국대학교,,*****,국어교육학,문학교육,동국대학교,박사,*****,*****
12491194,ok,김성희,남,1975,연세대학교 국학연구원,연구교수,재직,비교문학(국문학),북한문학,Harvard University,박사,金晟熙,Kim Sunghee
12491668,ok,전지영,여,1986,서강대학교,강사,재직,통사론(국어학),문법론,서강대학교,박사,全智英,"Jeon, Jiyoung"
12492156,ok,허갑순,여,1955,조선대학교,강사,퇴직,현대시(국문학),현대시,조선대학교,박사,許甲順,heo gab soon
12492283,ok,신경훈,여,1954,소속없음,기타,퇴직,한시,한국한문학,국립창원대학교,박사,申慶薰,"Shin, Kyeong-Hoon"
12492312,ok,김영일,남,1984,State University of New York at Binghamton,,재직,통사론(국어학),"한국어교육, 한국어문법론",숭실대학교,박사,金榮一,KIMYOUNGIL
12492791,ok,박지영,여,1983,전북대학교(연계),부교수,재직,의학사,한국 근현대 의학사,서울대학교,박사,朴智瑩,Jiyoung Park
12492937,ok,홍지현,여,1992,부산대학교,대학원생,미취업,문학이론,한문학,동의대학교,학사,洪禔賢,
12493950,ok,송창경,여,1996,서울대학교,,미취업,국어교육학,한국어교육,서울대학교,박사수료,宋昶坰,Changkyung Song
12495745,private,,,,,,,,,,,,
12495928,ok,한아름,여,1983,전북대학교 한스타일연구센터,연구원,재직,현대소설(국문학),현대소설,전북대학교,박사수료,韓아름,AhReum Han
12496093,ok,이동재,남,1983,세종대학교,초빙교수,재직,현대소설(국문학),근대소설,한양대학교,박사,李東宰,Lee Dong-jae
12496342,ok,김명인,남,1977,인하대학교,강사,재직,현대시(국문학),현대문학,인하대학교,박사,,
12496559,ok,박소희,여,1986,경상국립대학교 경남문화연구원,선임연구원,재직,조선후기사,"조선후기사, 근대 전환기",영남대학교,박사,朴昭姬,PARKSOHEE
12496783,ok,박현숙,여,1969,대전대학교,강사,재직,고전산문,"야담, 한문단편",인하대학교,박사,,
12496946,ok,최보선,여,1985,국립국어원,공무원,재직,한국어교육학,외국어로서의한국어교육학,영남대학교,박사,甫甫先,Boseon Choi
12497029,ok,이인,남,1989,건국대학교,대학원생,재직,현대희곡(국문학),"현대희곡, 드라마",건국대학교,석사,,"Lee, In"
12497157,ok,이소정,여,1987,경희대학교,강사,재직,소설,현대소설,경희대학교,박사,李素貞,Lee so jeong
12497181,ok,김정숙,여,1977,국립부경대학교,강사,재직,,,,,金貞淑,Kim Jungsook
12497225,ok,이경희,여,1981,경희대학교,강사,재직,한국어교육학,한국어학,경희대학교,박사,李璟姬,LEE KYUNG HEE
12497391,ok,박윤영,여,1984,숙명여자대학교,대학원생,미취업,현대소설(국문학),현대문학,숙명여자대학교,박사수료,朴玧映,PARK YOON YOUNG
12497794,ok,이혁,남,1974,경북대학교,강사,재직,한문산문,조선후기 한문산문(실용문),경북대학교,박사,李赫,lee hyeok
12497939,ok,김상모,남,1982,국립창원대학교,강사,재직,현대소설(국문학),현대문학,경북대학교,석사,,Kim Sang mo
12498089,ok,김유리,여,1991,조선대학교,초빙교수,재직,한국어교육학,한국어교육,연세대학교,박사,金柔利,Yuri Kim
12498187,private,,,,,,,,,,,,
12498195,ok,정재훈,남,1982,경희대학교,강사,재직,현대소설(국문학),현대소설 (재일조선인 문학),경희대학교,박사,鄭載勳,"Jae-hoon, Jeong"
12498453,ok,김정은,여,1987,충북대학교,강사,퇴직,여성문학,비평사 및 문화사,서울대학교,박사,金貞恩,JEONGEUN KIM
12498464,ok,곽성민,남,1983,경상국립대학교,강사,재직,고전산문,고전소설,부산대학교,석사,郭星旻,Kwak Sungmin
12498577,ok,김미수,여,1986,경북대학교,강사,재직,한시,조선후기 한시,경북대학교,박사,金美壽,kim mi su
12498617,ok,박동억,남,1987,숭실대학교,조교수,재직,현대시(국문학),현대시,숭실대학교,박사,朴東檍,Park Dong-uk
12498621,ok,신윤수,여,1994,단국대학교,연구원,미취업,한문학,한문학,단국대학교,박사,申阭穗,SHINYUNSOO
12498638,ok,이지은,여,1987,부산대학교,강사,재직,한국어교육학,한국어 교육,부산대학교,박사,李知恩,Lee Ji Eun
12498731,ok,임명선,여,1987,부산대학교,POST-DOC,재직,현대소설(국문학),근현대소설,부산대학교,박사,林明善,LimMyungsun
12498859,ok,전영규,여,1986,중앙대학교 문화콘텐츠기술연구원,대학원생,미취업,문예창작,문학이론,중앙대학교 문화콘텐츠기술연구원,박사수료,全瑛奎,Jeon yeong gyu
12498885,ok,이은진,여,1978,국립창원대학교,강사,재직,고전시가,고전시,국립창원대학교,박사,李殷珍,Lee eun-jin
12498903,ok,손기범,남,1975,제주대학교,강사,재직,운문,유배가사,제주대학교,박사수료,孫基範,Son gibeom
12498905,ok,서여진,여,1982,덕성여자대학교,강사,재직,현대소설(국문학),현대소설,서울대학교,박사,徐與振,SEO YEO JIN
12498957,ok,곽녕,여,1992,연세대학교,,,,,,,郭宁,GUO NING
12499116,ok,한주희,여,1987,충남대학교,,,,,,,韓周希,Han Ju hee
12499571,private,,,,,,,,,,,,
12500352,private,,,,,,,,,,,,
12500941,ok,ITOHIROKO,여,1982,제주대학교 재일제주인센터,전임연구원,재직,비교사회학/세계지역연구,디아스포라,경북대학교,박사,伊藤浩子,ITO HIROKO
12501379,ok,박지은,여,1994,고려대학교,대학원생,재직,음성학(국어학),"사회음성학, 공손성",고려대학교,박사수료,朴志恩,Park Jieun
12501787,ok,허준,남,1974,서강대학교,강사,재직,기타한국사,조선시대사,"Univ. of California, Los Angeles",박사,許濬,Joon Hur
12502060,ok,오은화,여,1992,연세대학교,,재직,음성학(국어학),한국어교육,연세대학교,석사,吳恩嬅,OH EUNHWA
12502066,ok,김한근,남,1991,연세대학교,연구원,재직,한국어교육학,외국어로서의 한국어교육,연세대학교,박사,金翰槿,KIM HANGEUN
12502405,ok,성호정,남,1994,경북대학교,대학원생,재직,소설,현대소설,경북대학교,석사,成昊定,seong ho jeong
12503177,ok,이유리,여,1985,국립한국문학관,선임연구원,재직,서지학,"동아시아 출판문화사, 서적교류사",한국학중앙연구원,박사,李裕利,LEE Eury
12504001,ok,임지훈,남,1988,한양대학교,강사,재직,현대시(국문학),현대시,한양대학교,박사,林志勳,Lim Jee Hoon
12505492,ok,성창훈,남,1985,성균관대학교,대학원생,미취업,,,성균관대학교,박사수료,成昌勳,Sung Chang Hun
12505498,ok,이현정,여,*****,연세대학교,*****,*****,문예창작,시문예창작,중앙대학교,박사,*****,*****
12505731,ok,정은진,여,1996,고려대학교,대학원생,,국어교육,문법교육/국어사교육/국어사,고려대학교,박사수료,鄭恩珍,Jung Eunjin
12505862,ok,김지영,여,1998,국립군산대학교,,재직,,,,,,JiYoung Kim
12506044,ok,윤선희,여,1985,숭실대학교,강사,재직,현대시(국문학),현대시,,,尹善熙,Sun hee Yoon
12506319,ok,송정윤,여,1985,서울특별시교육청,공무원,재직,국어교육학,작문 교육,고려대학교,박사,宋正允,SONG JUNG-YOON
12506334,ok,이승철,남,1980,서울대학교(연계),부교수,재직,환경및경제인류학,경제인류학,Columbia University,박사,李承哲,"Lee, Seung Cheol"
12507798,ok,곽도형,남,*****,서울과학기술대학교,*****,*****,한국어교육학,한국어문화교육학,고려대학교,박사,*****,*****
12507833,ok,문종필,남,1980,우석대학교,강사,재직,문학이론,현대 시,중앙대학교,박사,文鍾弼,moonjongpill
12508068,ok,민혜영,여,1986,한국학중앙연구원,연구원,재직,한문학,한국경학,경상국립대학교,박사,閔惠永,Min Hye-yeong
12508073,ok,강민정,여,*****,경상국립대학교,*****,*****,의미론(국어학),"담화분석, 화용론, 의미론",경상국립대학교,박사,*****,*****
12508078,ok,박성희,여,1994,경상국립대학교,강사,재직,방언,방언학,경상국립대학교,박사수료,朴成喜,PARK SEONGHUI
12508338,ok,장환,여,1990,고려대학교,대학원생,미취업,,,,,,
12508433,ok,오규설,남,1984,효성여자고등학교,고등학교 교사,재직,국어교육학,읽기교육,경북대학교,박사,吳圭卨,Kyuseol Oh
12509431,ok,민선홍,여,1991,한양대학교,연구원,재직,고전산문,고전서사,한양대학교,석사,閔仙泓,MIN SEONHONG
12509563,ok,김민구,남,1992,고려대학교,대학원생,재직,한문학,한국한시,고려대학교,석사,金敏求,kim min ku
12509609,ok,김보현,여,1992,국립순천대학교(연계),조교수,재직,언어교육,한국어교육학,중앙대학교,박사,金甫玹,KIM BOHYEON
12512758,ok,나의강,남,1990,서울대학교,,,,,,,羅毅剛,LUO YIGANG
12515321,ok,임우열,여,*****,극동대학교(대학별),*****,*****,한국어교육학,한국어교육,경희대학교,박사,,*****
12515538,ok,금동현,남,1994,경북대학교,대학원생,미취업,영화사,한국영화사,경북대학교,박사수료,琴東鉉,"Dong-Hyeon, Geum"
12516719,ok,황량,여,1984,,,,,,,,黄亮,huangliang
12517917,ok,김승주,남,1991,한국과학기술원,POST-DOC,재직,국어교육학,작문교육,한국교원대학교,박사,,Seunju Kim
12518596,ok,최유미,여,1972,부산대학교,기타,재직,고전산문,고전산문,부산대학교,박사수료,崔有美,Choi You-Mi
12518936,private,,,,,,,,,,,,
12520330,ok,문진숙,여,*****,경희대학교,*****,*****,한국어와문학,한국어학,경희대학교,박사,*****,*****
12521142,ok,김유희,여,1983,강원대학교,강사,재직,현대시(국문학),현대시,강원대학교,박사,金有熙,"Kim, Yuhee"
12521614,ok,심주희,여,1994,연세대학교,대학원생,미취업,사회언어학,사회언어학,연세대학교,석사,沈珠熙,SIM JUHUI
12521624,ok,리우 완잉,여,1987,,,재직,형태론(언어학),형태론,이화여자대학교,박사,劉婉瑩,Liu Wanying
12522237,ok,신동재,남,1987,서울교육대학교,강사,재직,기타국문학,아동문학,연세대학교,박사,,SHIN DONGJAE
12522621,ok,권민수,여,1999,연세대학교,대학원생,미취업,언어교육,한국어교육,연세대학교,석사,權珉秀,Kwon Minsoo
12522868,ok,이태교,남,1993,선문대학교,대학원생,미취업,,,,,李太敎,Lee TaeGyo
12523898,ok,이수화,여,1988,전남대학교,강사,재직,국어교육학,B121203,전남대학교,박사,,Soohwa Lee
12523926,private,,,,,,,,,,,,
12523948,ok,송미숙,여,1969,한국교통대학교,강사,재직,미술사,한국미술사,명지대학교,박사,宋美淑,Song mi suk
12523998,ok,정은주,여,1982,한국외국어대학교,강사,재직,응용언어학,외국어로서의 한국어교육,한국외국어대학교,박사,鄭恩珠,Jung Eunjoo
12524026,ok,함병호,남,*****,충남대학교(연계),*****,*****,의미론(국어학),정보구조,동국대학교,박사,*****,*****
12524027,ok,박창영,남,1986,동국대학교,초빙교수,재직,통사론(국어학),통사론,동국대학교,박사,朴倉永,Park Changyoung
12524049,ok,김옥기,여,1964,건국대학교 GLOCAL(글로컬)캠퍼스,,미취업,언어습득,외국어습득,건국대학교 GLOCAL(글로컬)캠퍼스,박사,金玉機,"Kim, Okki"
12526572,ok,문호선,여,1966,한국연구재단,연구원,,기타인문학,효교육학,성산효대학원대학교,박사,文皓宣,moon  ho sun
12526787,ok,박준형,남,1989,경상북도교육청,연구위원,재직,국어교육학,현대문학교육전공,경북대학교,박사,朴埈亨,Park JunHyeong
12527147,ok,막시모바알렉산드라,여,1987,한국연구재단,기타,미취업,한국어교육학,한국문화,계명대학교,박사,,MAKSIMOVA ALEKSANDRA
12527705,ok,허모아,여,1992,서울대학교,대학원생,미취업,국어교육학,국어교육전공(읽기교육),서울대학교,박사수료,,"Heo, Moah"
12528042,ok,김유경,여,1997,상명대학교,,재직,,,,,金兪炅,Kim Yu Gyeong
12528267,ok,김연지,여,1991,단국대학교,대학원생,미취업,한문학,산문문학,단국대학교,석사,金姸祉,KIM YUNJI
12528269,ok,김동섭,남,1994,서울대학교 교육종합연구원,연구원,재직,국어교육학,국어교육,서울대학교,석사,金東燮,"Kim, Dongseop"
12529449,ok,송호영,여,1967,,,,,,,,,
12530085,ok,이하은,여,*****,충남대학교,*****,*****,현대소설(국문학),현대소설,충남대학교,박사,*****,*****
12530125,ok,엘리아,여,1981,서울대학교,대학원생,,,,,,,Elia Rodriguez Lopez
12530423,ok,이중원,남,1986,김포대학교,강사,재직,현대시(국문학),현대시,한양대학교,박사,李中原,Yi Joongwon
12531953,ok,이유인,여,1978,상명대학교,,,한국어교육학,언어문화,상명대학교,박사,李有仁,LEE YU IN
12532992,ok,왕난난,여,1980,鞍山師範學院,부교수,재직,의미론(언어학),한중대조,경북대학교,박사,王楠楠,WANG NANNAN
12533778,ok,장지영,남,1982,성균관대학교,강사,재직,문학비평(국문학),현대문학,성균관대학교,박사,張智榮,Chang Jiyoung
12534522,ok,표가령,여,*****,서울대학교,*****,*****,한문학,조선후기한문학,서울대학교,박사,*****,*****
12535051,ok,공민정,여,1978,한국교원대학교,강사,재직,한문교육,한문교육,한국교원대학교,박사,,
12535245,ok,정은주,여,*****,국립공주대학교,*****,*****,국어교육,문학교육,한국교원대학교,박사,*****,*****
12535756,ok,길태은,남,1970,전북대학교,기타,미취업,한국유가철학,조선후기경학사상,전북대학교,박사,吉泰恩,Gil Tae Eun
12535987,private,,,,,,,,,,,,
12536286,ok,박옥현,여,1967,인하대학교,연구교수,재직,기타교육학,다문화교육학,인하대학교,박사,朴玉鉉,Park Okhyun
12536748,ok,이채윤,여,*****,한양대학교,*****,*****,국어교육학,"읽기교육, 리터러시",한양대학교,박사,,*****
12538026,ok,김하나,여,1975,제주대학교,대학원생,재직,한국어교육학,한국어교육전공,제주대학교,박사수료,,
12539739,ok,응우옌 응옥 뚜이옌,여,1984,Dai Hoc Da Nang,교수,재직,한국어교육학,한자어교육,성공회대학교,석사,,NGUYEN NGOC TUYEN
12539954,ok,강새미,여,1991,西北師範大學,,재직,구비문학,구비설화,건국대학교,박사수료,姜새미,Kang Saemi
12540073,ok,오창학,남,1986,광운대학교(연계),부교수,재직,언론학/언론정보학,"문화연구, 영상산업과 정책",서울대학교,박사,吳昶學,WU CHANGXUE
12540281,ok,유미향,여,1978,동양미래대학교(대학별),조교수,재직,국어교육학,"문법 교육, 대학 글쓰기, 말하기",고려대학교,박사,兪美香,Yu Mihyang
12540284,ok,김철준,남,1970,延边大學敎,교수,재직,기타국어학,음운론,延边大學敎,박사,金哲俊,JinZhejun
12540710,ok,박소혜,여,1974,북한대학원대학교 심연북한연구소,연구교수,재직,북한정치/통일,사회문화언론,북한대학원대학교,박사,朴素慧,PARK SO HYE
12541071,ok,성고운,여,*****,,,*****,미술사,중국도자사,复旦大学,박사,*****,*****
12541105,ok,남혜경,여,1992,이화여자대학교,대학원생,재직,고전산문,고전 소설,이화여자대학교,박사수료,南惠京,Nam Hyekyoung
12541331,ok,정희련,여,1984,서강대학교,강사,재직,통사론(언어학),통사론,서강대학교,박사,鄭熙璉,Chung Heeryun
12541446,ok,이토 다카요시,남,1981,,조교수,재직,,,,,伊藤貴祥,"ITO, Takayoshi"
12541884,ok,심은경,여,1973,단국대학교,강사,재직,한문학,한문학,단국대학교,박사,沈銀京,Shim EunKyung
12542121,ok,LEE SEUNGMIN,여,1973,용인대학교,초빙교수,재직,영화비평,다큐멘터리,중앙대학교,박사,,LEE SEUNGMIN
12542470,ok,먓띠다우,여,1985,Yangon university of foreign languages,교수,재직,국어교육,한국어학,경희대학교,박사,,Myat Thida Oo
12542647,ok,강영란,여,1968,전남대학교,대학원생,,응용언어학,한국어교육,전남대학교,박사수료,姜永蘭,Kang Youngran
12542983,ok,김서율,여,1990,청주교육대학교,객원교수,재직,국어교육학,"문학교육, 현대소설교육",한양대학교,박사,金序律,Kim Seo Yul
12543969,private,,,,,,,,,,,,
12545183,ok,강민근,남,1985,중앙대학교,대학원생,미취업,,,중앙대학교,박사수료,姜旻槿,Mingeun Kang
12545396,ok,이지환,남,1991,서강대학교,대학원생,미취업,구비문학(국문학),구술서사학,서강대학교,석사,李知煥,Lee Ji Hwan
12545495,ok,정명희,여,1973,국립중앙박물관,공무원,재직,미술사,한국미술사(불교미술),홍익대학교,박사,鄭明熙,Jeong Myounghee
12545531,ok,황현동,남,1993,서울대학교,강사,재직,의미론(국어학),통사의미론,서울대학교,석사,黃賢東,"Hwang, Hyeondong"
12548610,ok,김태형,남,1992,경희대학교 K-컬처·스토리콘텐츠연구소,강사,재직,현대시(국문학),시,경희대학교,박사,金泰亨,Kim TaeHyeong
12549295,ok,류상범,남,1994,강원대학교,강사,재직,현대시(국문학),현대문학(현대시),충남대학교,박사,柳尙範,Ryu Sangbeom
12549597,ok,김규광,남,1992,한국기술교육대학교,강사,재직,,,,,,Kyukwang Kim
12550436,ok,이현서,여,1977,단국대학교,초빙교수,재직,구비문학,구비문학,단국대학교,박사,李弦栖,Lee Hyeon Seo
12551053,ok,김지연,여,1969,경상국립대학교,강사,재직,운문,아동시,경상국립대학교,박사수료,金知姸,"Kim, Jiyeon"
12551259,ok,한지원,여,*****,경상국립대학교,*****,*****,구비문학,치유로서의 문학,경상국립대학교,석사,,
12553412,ok,임정민,여,1992,서강대학교,대학원생,미취업,고전산문,고전소설전공,서강대학교,박사수료,任正珉,LimJungmin
12553515,ok,마원걸,남,1991,서울대학교,,,국어사,어휘사,延邊大學,석사,馬元傑,MA YUANJIE
12554351,private,,,,,,,,,,,,
12554519,ok,왕샤오위,여,1995,서울대학교,대학원생,미취업,,,,,汪小鈺,WANG XIAOYU
12554574,ok,송미지,여,1995,서울대학교,대학원생,미취업,국어교육,국어교육,서울대학교,석사,宋美知,Song Miji
12555901,ok,조지혜,여,*****,서울대학교,*****,*****,현대소설(국문학),현대소설,서울대학교,박사수료,*****,*****
12555970,ok,박준훈,남,1995,동아대학교,강사,재직,여성문학,현대여성소설,동아대학교,박사수료,,Pak Joon Hoon
12556108,ok,김혜원,여,1994,중앙대학교,강사,재직,한국어교육학,한국어교육,중앙대학교,박사,金惠援,Kim hae won
12556536,ok,강정화,여,*****,고려대학교(연계),*****,*****,비교문학,비교문학이론,고려대학교,박사,*****,*****
12558535,ok,윤금준,여,1978,청명고등학교,고등학교 교사,재직,국어교육학,작문교육,한국교원대학교,박사,尹禁準,Yoon Keum Joon
12559549,ok,이소영,여,1974,서울대학교,대우교수,재직,교육공학,교육자원경영,이화여자대학교,박사,李韶英,Lee So Young
12559900,ok,윤종환,남,1994,연세대학교,대학원생,재직,현대시(국문학),한국현대시,연세대학교,박사수료,,YOON JONG HWAN
12561902,ok,김현주,여,*****,청주대학교(연계),*****,*****,한국어교육학,한국어교육학,중앙대학교,박사,*****,*****
12562622,ok,윤희선,남,1981,국민대학교(연계),조교수,재직,국어사,국어음운사,국민대학교,박사,尹熙先,Yun Hee-Sun
12562925,ok,한윤숙,여,1955,성균관대학교,강사,,동양철학일반,예술철학 미학,성균관대학교,박사,韓允淑,"HAN, YOONSOOK"
12563035,ok,윤나영,여,1993,연세대학교,강사,재직,언어교육,한국어교육,연세대학교,박사,尹羅暎,Nayoung Yoon
12565176,ok,최정,여,1980,전북대학교,강사,재직,현대희곡(국문학),한국현대희곡,전북대학교,박사,崔丁,Choi Jung
12565667,ok,오성령,여,*****,서울대학교,,*****,,,서울대학교,박사수료,*****,*****
12566037,ok,이혜리,여,1988,연세대학교,대학원생,,현대시(국문학),현대시,연세대학교,석사,李惠利,Lee Hye Ri
12567695,ok,정대식,남,*****,국립목포대학교(연계),*****,*****,통사론(국어학),문법론,부산대학교,박사,,
12567775,ok,류지수,여,1996,건국대학교,연구교수,재직,영어교육학,L2 Reading,서울대학교,박사,,Jisu Ryu
12567820,ok,박지영,여,*****,경북대학교,*****,*****,국어교육,현대소설교육,경북대학교,박사수료,*****,*****
12567948,ok,전지윤,여,1992,국립공주대학교,강사,재직,국어교육학,"문학교육, 현대시교육",국립공주대학교,박사,,Jeon Ji Yun
12571054,ok,윤준민,남,1991,서강대학교,대학원생,미취업,현대소설(국문학),현대소설,서강대학교,석사,尹俊閔,"Youn, JoonMin"
12571588,ok,이동일,남,1979,강원대학교,대학원생,,국어교육학,고전시가교육,강원대학교,박사수료,李東一,LEE DONGIL
12571827,private,,,,,,,,,,,,
12572030,ok,배은지,여,1990,,,,국어교육학,국어교육전공,,,,
12573177,ok,김조영,남,1973,국립공주대학교,강사,재직,한자학어학,한어문자학,국립공주대학교,박사,金照永,kim Jo-young
12573191,ok,장상지,여,*****,동국대학교,*****,*****,국어교육학,국어교육,동국대학교,박사,,
12573465,ok,유건수,남,1991,서울대학교,대학원생,재직,현대소설(국문학),국어국문학전공 현대문학,서울대학교,석사,柳健秀,Yoo Geonsu
12575095,ok,공혜란,여,1979,한국외국어대학교,강사,재직,소설,고전소설,한국외국어대학교,박사,孔惠欄,Gong hye-ran
12575189,ok,이현영,여,1979,단국대학교,강사,재직,현대소설(국문학),현대소설 전공,충북대학교,박사,李晛瑛,LEE HYON YOUNG
12576599,ok,곽윤경,여,1968,국립목포대학교,강사,재직,현대소설(국문학),국어국문학(현대문학),국립목포대학교,박사,郭潤京,"Kwark, Yun-kyeong"
12576616,ok,최석열,남,1993,연세대학교,대학원생,미취업,현대소설(국문학),국문학,연세대학교(미래캠퍼스),박사수료,崔碩烈,CHOISEOKYEOL
12577988,ok,장윤예,여,1996,,,,,,,,張允睿,JANG Yunye
12578324,ok,김백만,남,*****,소속없음,,*****,한국음악이론/분석,"대금, 한국음악이론",중앙대학교,박사,*****,*****
12579132,ok,안진산,남,1992,경북대학교,강사,재직,국어정보학,국어정보학,경북대학교,박사수료,安眞山,An Jinsan
12579656,ok,한해혈,여,1961,영남대학교,강사,재직,한문학,한시,영남대학교,박사,韓海血,han hae hyul
12579953,ok,조규현,남,1991,연세대학교,강사,재직,국제관계사(역사학),동아시아 근현대사,Univ. of Chicago,박사,曺圭炫,KYU HYUN JO
12580950,ok,박소희,여,*****,고려대학교 한국어문교육연구소,*****,*****,국어교육학,작문교육,Univ. of Delaware,박사,,*****
12581234,ok,윤은정,여,*****,중앙대학교,*****,*****,고전산문,고전서사,중앙대학교,박사수료,*****,*****
12581585,ok,김민경,여,1988,제주대학교,강사,재직,음운론(언어학),음운론,제주대학교,박사,金旼敬,KIM MIN GYEONG
12581611,ok,박성주,남,1996,名古屋大學,대학원생,재직,일본문화학,"재일조선인문학, 일본현대문학",名古屋大学,석사,朴成柱,PARK SEONGJU
12581733,ok,문성호,남,1981,제주대학교,연구교수,재직,음운론(언어학),"중국어 음운(한어중고음, 광동어)",제주대학교,박사,文聲皓,MOON SUNG HO
12582659,ok,김중섭,남,1992,성균관대학교,연구원,재직,한문학,고려시대 한문학,성균관대학교,석사,金中燮,Kim Jung Seop
12582924,ok,김수현,여,1982,동아대학교,초빙교수,재직,문학교육,독서교육,동아대학교,박사,金秀炫,kim soo hyun
12583543,ok,손재은,여,1972,건국대학교,,재직,,,,,,"Son, Jaeeun"
12584137,ok,심유미,여,1967,가톨릭대학교,강사,퇴직,문예창작,소설,단국대학교,박사,沈有美,Yumi Sim
12584141,ok,정실비,여,1983,중앙대학교,강사,재직,현대소설(국문학),현대소설,서울대학교,석사,鄭실비,JUNG SILVI
12584297,ok,이정민,여,1983,부산대학교,기타,미취업,통사론(국어학),형태통사론,부산대학교,박사,,leejeongmin
12585735,ok,서희경,여,1982,성균관대학교,연구원,재직,문예창작,"아동청소년문학, 대중과학적글쓰기",숭실대학교,박사,徐希京,Hee-Kyoung Seo
12585791,ok,김성희,여,1974,경상국립대학교,기타,재직,한시,한국 근대 한시,경상국립대학교,박사,金成姬,kimsungheui
12585819,ok,이루리,여,1982,도곡중학교,,재직,,,,,李루리,Lee Ruri
12585946,ok,이신복,여,1989,서울시립대학교,대학원생,미취업,국어사,국어사,서울시립대학교,석사,李信福,Lee Shinbok
12586326,ok,송은정,여,1980,사이버한국외국어대학교(대학별),조교수,재직,한국어교육학,한국어교육학,한국외국어대학교,박사,,Song Eun-jung
12586330,ok,공경,여,1994,부산외국어대학교,대학원생,미취업,한국어교육학,외국어로서의한국어교육전공,부산외국어대학교,석사,孔卿,GONG GYEONG
12586376,ok,정보영,남,1990,한양대학교,연구교수,미취업,운문,현대문학,한양대학교,박사,丁甫榮,JUNGBOYOUNG
12586382,ok,양진영,남,1958,한국외국어대학교,강사,재직,현대소설(국문학),현대소설,서강대학교,박사,梁珍榮,Jinyoung Yang
12586920,private,,,,,,,,,,,,
12586957,ok,신언호,남,1969,소속없음,기타,미취업,의미론(국어학),통사의미론,인하대학교,석사,申彦鎬,shin eonho
12586962,ok,임연경,여,1983,이화여자대학교 이화인문과학원,연구교수,퇴직,기타인문학,"미디어 철학, 과학기술학",City University of Hong Kong,박사,,Yeon Kyoung LIM
12587497,ok,강혜림,여,1982,동아대학교,기타,재직,한국어교육학,한국어교육,동아대학교,박사,姜惠林,KANG HYE-RIM
12587511,ok,최병해,남,1967,영남대학교,강사,재직,국어교육학,현대문학,영남대학교,박사,崔炳海,"Choi, Byung-hea"
12587996,ok,박은미,여,1980,부산외국어대학교,강사,재직,한국어교육학,한국어 교육,부산대학교,박사,,Park eunmi
12588037,ok,최가은,여,1990,한양대학교,강사,재직,현대시(국문학),여성 문학,한양대학교,박사,崔嘉珢,Choi Ga-eun
12588053,ok,황영,여,1989,전주대학교(연계),조교수,재직,음성학(언어학),조음음성학,Indiana University at Bloomington,박사,黃영,Young Hwang
12588294,private,,,,,,,,,,,,
12588589,ok,송가배,여,*****,경북대학교(연계),*****,*****,문학비평(중문학),중국현대문학,,박사,*****,*****
12588622,ok,WU CHUNZHI,여,1996,고려대학교,,미취업,,,,,吴春芝,WU CHUNZHI
12588673,ok,홍은영,여,1983,서울대학교,선임연구원,재직,음운론(언어학),공시음운론,서울대학교,박사,洪銀泳,Hong Eunyoung
12588713,ok,허의진,남,1993,경희대학교,대학원생,,비교문학,문화이론/문화연구,한신대학교,석사,許議眞,"HUR, EUIJIN"
12588731,ok,박헤레나,여,1974,전북대학교,강사,재직,한국어교육학,한국어 교수법,전북대학교,박사,朴헤레나,Park Helena
12589040,ok,조소명,남,1986,한양대학교,강사,재직,소설,국어국문학과,한양대학교,박사,曺蘇命,Cho So-myoung
12589216,ok,최다정,여,1987,인천대학교 인문학연구소,전임연구원,재직,현대소설(국문학),현대소설,이화여자대학교,박사,,Choi Dajeong
12589279,ok,오규현,남,1996,선문대학교,대학원생,재직,현대소설(국문학),현대소설,선문대학교,석사,吳圭炫,OH KYUHYUN
12589531,ok,이무경,여,1967,건국대학교,겸임교수,재직,,,,,李戊瓊,Lee Mookyoung
12589857,ok,석희진,여,1993,고려대학교,대학원생,미취업,현대소설(국문학),현대문학,고려대학교,박사수료,石喜軫,"SEOK, Heejin"
12589933,ok,박진영,남,1994,대구가톨릭대학교,대학원생,,한국어교육학,교육과정,대구가톨릭대학교,박사수료,朴鎭影,Park Jin Young
12590689,ok,유숙희,여,1986,숙명여자대학교,대학원생,,,,,,柳淑姬,Yu Sook Hee
12590827,ok,이용준,남,*****,전남대학교(연계),*****,*****,국어교육학,"리터러시교육(독서교육, 작문교육)","University of Minnesota, Twin Cities",박사,*****,*****
12591683,ok,LIU YANG,여,1993,동국대학교,대학원생,,한문소설,고전문학,동국대학교,석사,劉洋,LIU YANG
12593556,ok,원유권,남,1989,건국대학교,회사원,재직,음운론(국어학),국어학,건국대학교,박사,元裕權,Won Yugwon
12593559,ok,서소영,여,1970,Dartmouth College,부교수,재직,기타한국사,한국의학사,"Univ. of California, Los Angeles",박사,徐素英,Soyoung Suh
12594684,ok,장영미,여,1972,,교수,재직,,,,,张英美,zhangyingmei
12598587,ok,천민지,여,1980,한양대학교,강의교수,재직,한국어교육학,한국어학,경희대학교,박사,千旼志,CHUN MINJI
12600282,ok,이광훈,남,1985,淮海工学院,부교수,재직,,,,,이광훈,LIGUANGXUN
12600453,ok,최희영,여,1982,Northern Illinois University,연구원,재직,문화사(역사학),근현대 한국문화사,Northern Illinois University,박사,崔喜英,HEEYOUNG CHOI
12600479,ok,조성원,남,1992,서울대학교,조교,재직,,,서울대학교,석사,,Sungwon Cho
12600844,private,,,,,,,,,,,,
12603069,ok,김성태,남,1992,기타기관,,,,,,,,
12603077,ok,김현수,남,1992,기타기관,대학원생,재직,통사론(언어학),이론언어학,동국대학교 WISE(와이즈)캠퍼스,학사,,KIM HYUNSOO
12603134,ok,이규민,남,1994,기타기관,,,,,,,,Gyu-min Lee
12603151,ok,박권식,남,1991,고려대학교,대학원생,미취업,응용언어학,실용언어학,고려대학교,석사,朴權植,Kwonsik Park
12603169,ok,왕규현,남,1993,고려대학교,,미취업,전산언어학,기계번역,,,王奎現,"Wang,Guehyun"
12603513,ok,신운섭,남,1992,고려대학교,,,,,,,申運燮,Unsub Shin
12603816,ok,이정민,여,1984,서울대학교 언어교육원,,재직,,,서울시립대학교,박사수료,李貞慜,JEONGMIN LEE
12605086,ok,김예진,여,*****,선문대학교,,*****,,,,,*****,*****
12605437,private,,,,,,,,,,,,
12605524,ok,송향경,여,1988,성신여자대학교(연계),조교수,재직,비교문학,한중비교문학,서울대학교,박사,,SONG XIANGQING
12605769,ok,강유진,여,1998,중앙대학교,,미취업,,,,,姜愈珍,KANG YUJIN
12606045,ok,전상휘,남,1993,고려대학교,,미취업,한문학,한문산문,고려대학교,석사,全商煇,"JEON, SANGHUI"
12606421,ok,김재홍,남,1969,국민대학교,강사,재직,현대시(국문학),현대 시론 및 시인론,한양대학교,박사,金載弘,Kim Jae-Hong
12606733,ok,스콧 셰퍼드,남,1988,총신대학교(대학별),조교수,재직,기타영문학,영문학,"Royal Holloway College, Univ. of London",박사,,Scott Shepherd
12608281,ok,현명호,남,1982,동북아역사재단,연구위원,재직,동아시아,북한지역 근대사,New York University,박사,玄明昊,"Hyun, Myung Ho"
12608290,ok,최정선,여,1979,동국대학교,강사,재직,한국어교육학,외국어로서의 한국어교육,동국대학교,박사,崔廷先,"Choi, Junngsun"
12609280,ok,김기유,남,1992,계명대학교,강사,재직,통사론(언어학),실험통사론,계명대학교,박사,金起猷,Kim Kiyu
12610086,ok,배인한,남,1994,고려대학교,대학원생,미취업,고전시가,고전시가,고려대학교,박사수료,,"Bae, Inhan"
12610089,ok,이서희,여,*****,고려대학교,*****,*****,한문산문,한문산문,고려대학교,박사수료,*****,*****
12610433,ok,박수희,여,1996,고려대학교,대학원생,미취업,,,,,朴修希,Park SuHee
12611427,ok,박서욱,여,1992,고려대학교,강사,재직,한국어교육학,한국어문화교육학,고려대학교,박사,,Park Seo-uk
12611477,ok,오세종,남,1981,한성대학교(연계),조교수,재직,기타과학기술학,문화콘텐츠학,한양대학교,박사,,OhSeJong
12612384,private,,,,,,,,,,,,
12612473,ok,홍지현,여,1981,고려대학교,대학원생,미취업,한국어교육학,한국어문화교육학,고려대학교,박사수료,洪志賢,HONG JIHYEON
12612725,ok,지영원,남,1989,고려대학교,대학원생,미취업,한문학,한시비평,고려대학교,박사수료,池英源,Chi Yeong Won
12612887,ok,이주영,남,1989,고려대학교,대학원생,미취업,현대소설(국문학),대중문학,고려대학교,석사,李周泳,Lee Ju Young
12613000,ok,박영재,남,1991,고려대학교 국제한국언어문화연구소,POST-DOC,재직,고전시가,고전시가,고려대학교,박사,朴永在,Young-Zae Park
12613068,ok,장정민,남,1994,제주대학교,대학원생,재직,음운론(언어학),음운사,제주대학교,박사수료,,Jang Jungmin
12613188,ok,조남곤,남,1964,,,미취업,,,고려대학교,석사,趙南坤,JO NAMGON
12613419,ok,박주현,남,1986,경희대학교,강사,재직,고전산문,고전문학,고려대학교,박사,,Park Juhyun
12613539,ok,서성준,남,1974,충남대학교,강사,재직,한문산문,한문산문,충남대학교,박사,徐晟準,seo sung jun
12613837,ok,윤석화,여,1961,국립공주대학교,대학원생,,,,,,尹錫花,Yun soun hwa
12614210,ok,김혜린,여,1997,고려대학교,,,,,,,金慧潾,Kim Hyelin
12614973,ok,조연하,여,1970,,,재직,한국어교육학,외국어로서의 한국어교육,인하대학교,박사,,
12615148,private,,,,,,,,,,,,
12617532,ok,최은아,여,1988,성균관대학교,대학원생,미취업,문학사,현대문학,성균관대학교,박사수료,崔銀娥,"Choi, Eun Ah"
12618044,ok,조수윤,여,1989,중앙대학교,기타,미취업,문예창작,시문학,중앙대학교,박사,曺洙尹,Cho Suyun
12619627,ok,김혜선,여,1984,한양대학교,강사,재직,현대소설(국문학),현대소설,한양대학교,박사,金惠善,KIM HYE SEON
12619860,ok,김가연,여,1977,이화여자대학교,강사,재직,한국어교육학,외국어로서의한국어교육,이화여자대학교,박사,金哿緣,KIM GAYEON
12623112,ok,안아름,여,1985,경상국립대학교,강사,재직,소설,현대문학 (수사 비평),서강대학교,박사,安妸凜,An A-reum
12623139,ok,김대원,남,1992,경북대학교,대학원생,미취업,한문학,한시비평,경북대학교,석사,金大元,Daewom Kim
12623453,ok,QUAN WENHUA,여,1987,호남대학교,조교수,재직,한국어교육학,한국어교육,경희대학교,박사,權文花,QUAN WENHUA
12625604,private,,,,,,,,,,,,
12627084,ok,나상훈,남,1981,한국학중앙연구원,대학원생,미취업,번역,고전번역학,한국학중앙연구원,석사,羅相薰,Sanghoon Na
12627678,ok,이창희,남,1996,고려대학교,,,,,,,이창희,LEE CHANGHEE
12629348,ok,조창규,남,1980,소속없음,기타,,문학사,현대문학,경희대학교,박사,,JO CHANG GYU
12633041,ok,이운영,여,1983,한국교원대학교,대학원생,재직,,,,,,
12633425,ok,임정훈,남,1979,계명대학교(연계),조교수,재직,비교문헌정보학,정보서비스,국립공주대학교,박사,林正勳,"Lim, jeonghoon"
12633624,ok,이서이,여,1993,동국대학교,연구원,재직,어휘학(중국어학),중국어학,동국대학교,박사,李抒怡,LEE SEOYI
12633758,ok,김아름,여,1983,충북대학교(연계),조교수,재직,음운론(국어학),"음운사, 음성인식",서울대학교,박사,金아름,"Kim, Areum"
12634347,ok,김홍구,남,1982,한국학중앙연구원,주임연구원,재직,한문학,고전번역전공,고려대학교,박사,金弘九,Kimhonggoo
12634468,ok,이수경,여,1968,강남대학교,강사,재직,운문,"시, 문학사, 문예비평",경희대학교,박사,李秀景,"Lee, Sookyung"
12634930,ok,김미지,여,*****,한국교육과정평가원,*****,*****,영어교육,Interlanguage pragmatics,서울대학교,박사,*****,*****
12635230,ok,이주란,여,1972,배재대학교,,,국어교육,한국어교육학,배재대학교,박사,李珠蘭,Lee Juran
12637115,ok,김태인,남,1981,충북대학교(연계),부교수,재직,의미론(국어학),의미론,서울대학교,석사,金泰仁,TAEIN KIM
12637221,ok,김영연,여,1986,서울대학교,강사,재직,한문산문,16-17세기 한문산문,서울대학교,박사,金怜姸,KIM Young Yeon
12637381,ok,박정인,여,1996,,,미취업,언어이론,이론언어학,충남대학교,학사,,
12638598,ok,고은영,여,1980,제주대학교,강사,재직,구비문학,제주도 신화,제주대학교,박사,高銀英,Koh eunyeong
12639867,ok,전상은,여,1993,충북대학교,대학원생,미취업,고전시가,고전문학(고전시가),충북대학교,박사수료,,Jeon Sang Eun
12640381,ok,정혜린,여,*****,고려대학교 한국어문교육연구소,*****,*****,국어교육학,국어교육전공,고려대학교,석사,*****,*****
12640511,ok,양경언,여,1985,조선대학교(연계),조교수,재직,현대시(국문학),"현대시, 문학비평, 문예창작, 문학교육",서강대학교,박사,梁景彦,Yang Kyungeon
12640547,ok,서지성,남,1996,동아대학교,연구원,미취업,,,,,徐祗成,SEO JI SEONG
12640592,ok,방현아,여,1968,성균관대학교 동아시아한문학연구소,수석연구원,재직,기타인문학,한국한문학,성균관대학교,박사,方賢娥,Bang Hyun A
12640938,ok,남귀옥,여,1989,,,미취업,,,,,南贵玉,NAN GUIYU
12643661,ok,박소윤,여,1971,(재) 부산문화재단,책임연구원,재직,기타예술일반,"문화정책, 문화연구,국제협력",부산대학교,박사,朴沼潤,Park So-Yoon
12643713,ok,민소연,여,1994,서울대학교,,,,,,,,
12644382,ok,최원재,남,1975,동국대학교 한류융합학술원,전임연구원,재직,기타교육학,디지털 데이터 내러티브 교육학,한국학중앙연구원,박사,,"Choi, Wonjae"
12644441,ok,김효정,여,*****,서울대학교,,*****,,,,,*****,*****
12645273,private,,,,,,,,,,,,
12647398,ok,한혜민,여,1979,한국외국어대학교,조교수,재직,한국어교육학,외국어로서의 한국어교육,한국외국어대학교,박사,韓惠珉,HAN HAE MIN
12647896,ok,하나은,여,1981,부산외국어대학교,겸임교수,재직,번역,번역학,부산외국어대학교,박사수료,河那恩,Ha Naeun
12648749,ok,임지원,여,1994,서울대학교,,,국어교육학,국어교육,,,,Jiwon Lim
12649745,ok,고지선,여,1981,전북대학교,대학원생,미취업,,,,,高智善,"Ko, Jiseon"
12649826,ok,김미라,여,1990,서울대학교,기타,미취업,현대시(국문학),현대시,서울대학교,박사,,Mi-La Kim
12650247,ok,김예나,여,1992,한국외국어대학교,대학원생,재직,한국어교육학,외국어로서의 한국어교육,한국외국어대학교,박사수료,金예나,KIM YENA
12650461,ok,유환일,남,1993,성균관대학교 인문학연구원,연구원,재직,형태론(국어학),"형태론, 의미론, 어휘론",성균관대학교,박사,劉煥一,LIU HUANYI/Yoo Hwan-il
12652054,ok,우세인,여,1997,영남대학교,대학원생,미취업,고전시가,시조,영남대학교,석사,禹稅仁,WOO SEIN
12653042,ok,이문철,남,1979,延邊大學,부교수,재직,문화이론/대중문화론,미디어문화학,Chiba University,박사,李文哲,Li Wenzhe
12653368,ok,정예은,여,1993,연세대학교,대학원생,재직,어휘론(국어학),"어휘의미론, 단어형성론, 사회언어학",연세대학교,석사,鄭藝恩,Ye-Eun Jeong
12653601,ok,나상수,남,1994,경희대학교(연계),조교수,재직,국어교육학,문법교육,서울대학교,박사,,NA SANG SU
12653867,ok,정은선,여,1995,서울대학교,대학원생,재직,국어교육,고전시가,서울대학교,박사수료,鄭恩琁,JEONG EUNSUN
12654159,ok,백희정,여,*****,공주교육대학교(연계),*****,*****,국어교육학,"읽기, 매체 교육",한국교원대학교,박사,*****,*****
12654198,ok,왕요,여,1991,성균관대학교,대학원생,미취업,음운론(국어학),"국어음운론, 국어음성학",성균관대학교,박사,王瑤,WANGYAO
12654221,ok,류창,여,1991,성균관대학교,대학원생,미취업,,,,,劉暢,LIU CHANG
12654238,ok,ZHAO SHUJUN,여,*****,성균관대학교,*****,*****,국어교육,한국어교육전공,,,*****,*****
12654414,ok,이예찬,남,1989,성균관대학교,강사,미취업,북한어문학,북한문학,성균관대학교,박사,李禮讚,LEE YE CHAN
12654556,ok,백효동,남,1989,성균관대학교,대학원생,미취업,,,동국대학교,석사,白曉通,BAI XIAO TONG
12654838,ok,주희홍,여,1994,성균관대학교,대학원생,미취업,한국어교육학,한국어교육,山東大學,석사,周喜虹,ZHOU XIHONG
12655193,ok,정예인,여,1991,성균관대학교,대학원생,미취업,기타인문학,현대문학(영화사),성균관대학교,박사수료,鄭藝仁,"Jeong, Ye-In"
12655318,ok,조원학,남,1995,경북대학교,대학원생,미취업,고전시가,고전시가,경북대학교,석사,曺源學,wonhak cho
12655537,ok,CHEN GUANYU,남,1993,성균관대학교,,,,,,,陳關羽,CHEN GUANYU
12655685,ok,최새흰,여,1996,성균관대학교,,미취업,,,성균관대학교,석사,崔새흰,SAEHEEN CHOI
12656045,ok,리이,여,1995,,,미취업,,,,,,
12656060,ok,박시온,여,1998,경북대학교,대학원생,미취업,음운론(언어학),국어사,경북대학교,박사수료,,Sion Park
12656248,private,,,,,,,,,,,,
12656331,ok,이은성,남,1974,전북대학교 교과교육연구소,강사,재직,독일어교육,독어교육,전북대학교,박사,李殷星,Lee eunseung
12656443,ok,신현규,남,*****,한국외국어대학교,*****,*****,음운론(국어학),국어사,성균관대학교,박사수료,*****,*****
12656738,ok,서보호,남,1986,신라대학교(연계),조교수,재직,현대소설(국문학),수사학 및 비평,서강대학교,박사,,Seo Bo-ho
12657063,ok,이은정,여,1983,한국교원대학교,,미취업,,,,,李恩貞,LEE EUNJEONG
12657254,ok,정민영,여,1977,한국외국어대학교,강사,퇴직,교수이론/교육방법/교수법,한국어교육,한국외국어대학교,박사,鄭珉榮,JEONG MINYOUNG
12657470,ok,우채리,여,1994,고려대학교,대학원생,미취업,비교문학(국문학),동아시아 비교문학,고려대학교,박사수료,禹采里,Chaeree Woo
12659003,ok,전대일,남,*****,동아대학교(연계),*****,*****,국어교육학,독서작문교육/교육과정/한국어교육,부산대학교,박사,*****,*****
12659429,ok,이해숙,여,1977,,중학교 교사,재직,,,서울대학교,박사,李海淑,Lee Haesuk
12659501,private,,,,,,,,,,,,
12660818,ok,박도희,여,1995,성균관대학교,대학원생,재직,현대소설(국문학),현대문학,성균관대학교,석사,朴到希,PARK DOHUI
12661767,ok,JIN XUEYAN,여,*****,성균관대학교,*****,*****,한국어교육학,한국어교육전공,,,*****,*****
12662311,ok,박현,남,1992,한국교원대학교 한국어문교육연구소,기타,재직,국어교육학,작문교육,한국교원대학교,박사,朴賢,Park Hyun
12663873,ok,이지수,여,1996,고려대학교,대학원생,미취업,산문,고전서사,고려대학교,박사수료,李智秀,LEE JISU
12665257,ok,강민형,남,1991,성균관대학교,대학원생,재직,한문산문,한국한문학,성균관대학교,석사,姜敏亨,Kang Min Hyeong
12665417,ok,김유빈,여,1994,경인교육대학교,강사,재직,한시,한시,경상국립대학교,석사,金有嬪,Kim Yu Bin
12665425,private,,,,,,,,,,,,
12666360,ok,장레이,남,1993,北京大學,POST-DOC,재직,한국어교육학,"한국어문법교육, 한국어어휘교육",서울대학교,박사,张磊,ZHANG LEI
12667637,ok,박현주,여,1993,건국대학교,대학원생,미취업,,,,,,Park Hyunju
12667699,ok,장미란,여,1982,齐齐哈尔大學,,재직,의미론(국어학),한중 의미 비교,서울시립대학교,박사,張美蘭,ZHANG MEILAN
12668050,private,,,,,,,,,,,,
12669483,ok,안지현,여,1980,경성대학교,초빙교수,재직,응용언어학,"코퍼스, 언어교육",부산외국어대학교,박사,,Ahn Jihyun
12670459,ok,이나윤,여,*****,한양대학교,*****,*****,현대소설(국문학),현대소설,한양대학교,박사,*****,*****
12671244,ok,박윤아,여,1995,성균관대학교,대학원생,미취업,,,,,박윤아,PIAO YUEXIANG
12671598,private,,,,,,,,,,,,
12671601,ok,박강윤,남,1995,주식회사 문화소프트,,재직,,,,,朴剛輪,KANG YUN PARK
12672810,ok,최어진,여,1998,상명대학교,대학원생,재직,,,상명대학교,학사,崔어진,CHOI EOJIN
12673138,ok,이정민,남,1995,동국대학교,연구원,재직,국어교육,문학교육,동국대학교,박사수료,李廷敏,LEE JUNGMIN
12673446,ok,유수빈,여,1994,서울대학교,연구원,재직,한문학,"한문산문, 변려문",서울대학교,박사,劉秀斌,YU Subin
12673470,ok,김보경,여,1994,서울대학교,강사,재직,현대시(국문학),"현대시, 비평",서울대학교,박사,,Kim Bokyung
12673504,ok,나준성,남,1992,서울대학교,대학원생,미취업,현대소설(국문학),현대소설,서울대학교,박사수료,羅俊盛,RA Junsung
12673645,private,,,,,,,,,,,,
12673766,ok,서로,여,1996,,,미취업,의미론(언어학),국어학 통사의미론,강원대학교,박사수료,徐璐,XU LU
12674112,ok,김재건,남,1989,서울대학교,대학원생,미취업,,,서울대학교,박사수료,金才建,KIM JAE GEON
12675658,ok,김경남,여,1967,고려대학교,기타,미취업,한국경학,고전번역,고려대학교,박사,金暻男,"kim,kyungnam"
12676881,ok,임현정,여,1991,충남대학교,연구원,재직,,,성균관대학교,박사,任賢情,Im Hyunjung
12677884,ok,이길환,남,1995,고려대학교,대학원생,미취업,한문소설,고전소설‧한문소설‧야담,고려대학교,박사수료,李佶奐,Lee Gil Hwan
12679016,ok,한용혁,남,1987,한국공학대학교,연구교수,재직,한국어교육학,한국어교육학,가톨릭대학교,박사수료,韓用赫,Han YongHyeok
12679072,ok,홍희정,여,1993,충남대학교,강사,재직,음운론(국어학),음운론,충남대학교,박사,洪希定,Hong Hee Jeong
12682627,ok,왕캉닝,여,*****,고려대학교,,*****,현대소설(국문학),"한중비교문학, 번역문학",고려대학교,박사,*****,*****
12682731,ok,유은경,여,1973,國士館大學,강사,퇴직,일본근현대문학,일본메이지문학,中央大學,박사,劉銀炅,You Eunkyoung
12685009,ok,정다솜,여,1991,이화여자대학교,대학원생,,,,,,鄭다솜,"Jeong, Da-Som"
12685037,ok,이예리,여,1996,고려대학교,대학원생,미취업,한문학,한시,고려대학교,석사,李叡璃,Lee Yeri
12685054,ok,IANKOVETC SERGEI,남,1997,고려대학교,대학원생,미취업,,,,,,IANKOVETC SERGEI
12685125,ok,이동학,남,1998,고려대학교,대학원생,미취업,한문학,한국경학,고려대학교,석사,李東學,Donghak Lee
12685145,ok,이연지,여,1989,고려대학교,대학원생,미취업,,,고려대학교,석사,李䛇智,LEE YEON JEE
12685371,ok,남윤지,여,1994,고려대학교,대학원생,미취업,한문학,산문,고려대학교,석사,南潤芝,Nam yunji
12685743,ok,이원진,여,1978,남서울대학교(연계),조교수,재직,간호학,성인간호학전공,이화여자대학교,박사,,LEE WON JIN
12686943,ok,추진아,여,1991,,고등학교 교사,재직,,,,,秋珍娥,Chu Jinah
12688575,private,,,,,,,,,,,,
12697567,ok,성민규,남,1997,연세대학교,대학원생,미취업,국어정보학,말뭉치언어학,경북대학교,석사,成民奎,sung min kyu
12697633,ok,김지우,여,1997,중앙대학교,대학원생,재직,기타국문학,인문융합콘텐츠,중앙대학교,석사,金智佑,KIM JIWOO
12698631,ok,장현정,여,1983,강원대학교,연구교수,재직,기타교육학,"다문화교육전공(다문화사회교수방법론, 한국문화교수법)",인하대학교,박사,張鉉偵,Jang Hyeon-jeong
12698885,ok,김은정,여,1979,경일대학교(대학별),조교수,재직,기타예술체육,한국문화,이화여자대학교,박사,,Kim Eun Joung
12699450,private,,,,,,,,,,,,
12699496,ok,안성민,여,*****,한국과학기술원,*****,*****,한국어교육학,외국어로서의 한국어교육,전주대학교,박사,*****,*****
12699534,ok,강유진,여,*****,청주대학교(연계),*****,*****,음성학(언어학),사회언어학,,박사,,*****
12701167,ok,박정은,여,*****,전남대학교,*****,*****,한국어교육학,한국어교육,전남대학교,박사수료,*****,*****
12701210,ok,김춘주,여,1974,한양대학교,대학원생,재직,기타국문학,외국어로서의 한국어 교육,연세대학교,석사,金春周,ChunJu Kim
12701277,ok,WANG RUI,여,1995,동국대학교,,,어휘학(중국어학),중국어학,,,王瑞,WANG RUI
12701319,ok,전두영,남,*****,전남대학교,*****,*****,현대소설(국문학),현대소설,전남대학교,박사,*****,*****
12701993,ok,권기현,여,1984,한양대학교,강사,재직,한국어교육학,발음교육,경희대학교,박사,權起鉉,Kwon Kihyon
12702053,ok,런멍지에,여,1994,전남대학교,,미취업,,,,,任夢婕,REN MENGJIE
12702793,ok,김진우,남,1993,고려대학교,대학원생,,국어사,"중세국어, 음운론",고려대학교,석사,金鎭佑,Kim Jin-Woo
12702890,ok,이미진,여,1984,국립경국대학교 글로컬대학사업단,초빙교수,재직,비교문학,비교문학비교문화,고려대학교,박사,李美眞,LEE MI JIN
12702892,ok,임선우,남,1991,숭실대학교,강사,재직,음운론(국어학),방언학,숭실대학교,박사수료,任善優,IM SUN WOO
12706586,ok,이경민,여,1982,경희대학교,,미취업,,,,,,Lee Kyungmin
12706900,ok,김자영,여,1979,경상국립대학교,강사,재직,현대소설(국문학),현대소설,서울시립대학교,박사,金慈映,KIM Ja Young
12707289,ok,김나혜,여,1975,경북대학교,강사,재직,고전산문,고전소설,경북대학교,박사수료,金那惠,kimnahye
12707891,ok,NGUYEN THI THANH THAO,여,1995,전남대학교,,미취업,,,,,,NGUYEN THI THANH THAO
12708023,ok,르우티낌옌,여,1988,전남대학교,기타,미취업,음운론(국어학),한자음,전남대학교,박사수료,,LUU THI KIM YEN
12708690,ok,길혜빈,여,1994,경희대학교,대학원생,,영상문학,디지털 스토리텔링,경희대학교,석사,吉惠彬,Hye Bin Kil
12708820,ok,주현정,여,*****,부산외국어대학교,*****,*****,언어교육,한국어교육,부산외국어대학교,박사수료,*****,*****
12708979,ok,김참이,여,1983,동신대학교(연계),조교수,재직,한국어교육학,외국어로서의 한국어교육,한국외국어대학교,석사,,
12711274,private,,,,,,,,,,,,
12711319,ok,이해수,여,1988,서강대학교,연구교수,재직,신문방송학일반,미디어문화연구,서강대학교,박사,李海秀,Haesoo Lee
12711744,ok,김지은,여,1985,순천향대학교,강사,재직,문예창작,현대문학,단국대학교,박사,金知恩,kimjieun
12715566,ok,김정희,여,1960,상지대학교,초빙교수,재직,소설,현대문학,상지대학교,박사,金貞熙,KIM JUNG HEE
12716093,ok,소지영,여,1988,,,,,,,,,So Jiyeong
12716191,ok,강조은,여,1998,연세대학교,대학원생,미취업,전산언어학,전산언어학,연세대학교,석사,姜照恩,Kang JoEun
12717240,ok,박구비,여,1984,한신대학교,연구교수,재직,현대소설(국문학),한국여성문학,이화여자대학교,박사,朴구비,"PARK, Gubee"
12717330,ok,김원경,여,1969,성균관대학교,초빙교수,재직,한국어교육학,한국어교육,가톨릭대학교,박사,金源卿,KIM WONGYUNG
12717478,ok,정학열,남,1965,중앙대학교,기타,미취업,동양철학사,동양철학사,중앙대학교,박사,鄭鶴㤠,Jeong hakyeoul
12717865,ok,이철희,남,1989,SK이노베이션 (주),회사원,재직,,,University of Liverpool,석사,李哲希,Lee Cheolhui
12717868,private,,,,,,,,,,,,
12717872,ok,백정화,여,1971,한양대학교,강사,미취업,통사론(국어학),태(Voice),한양대학교,박사,白定和,Baek Joung-Hwoa
12717972,ok,이명애,여,1971,가톨릭대학교,강사,재직,한국어교육학,한국어교육,가톨릭대학교,박사,李明愛,Lee Myeong-ae
12718174,ok,김희경,여,1988,서울대학교,대학원생,미취업,현대소설(국문학),현대문학,서울대학교,박사수료,,Kim Hee Kyung
12718413,ok,박영지,여,1973,고려대학교,강사,재직,한국어교육학,한국어문화교육,고려대학교,박사,,PARK YOUNGJI
12718707,ok,권준형,남,1988,서울사이버대학교,대우교수,재직,문학이론,현대문학,한양대학교,박사,權俊亨,Kwon junhyeong
12718827,ok,박순란,여,1964,성균관대학교,초빙교수,재직,음운론(언어학),국어사,국민대학교,박사,朴順蘭,Park Soon Ran
12718986,ok,미하라 요시아키,남,1974,一橋大學,교수,재직,영미문학비평,문학이론,Cornell Univ.,박사,三原芳秋,Mihara Yoshiaki
12719888,ok,이안용,남,1977,인하대학교,강사,재직,국어교육학,한국어교육,인하대학교,박사,李安庸,LeeAnyong
12720423,ok,김종하,남,1985,단국대학교 동양학연구원,선임연구원,재직,한시,한국한시,성균관대학교,박사,金鍾河,JongHa Kim
12720920,ok,윤경훈,남,1993,동국대학교,대학원생,,국어교육,"작문교육, 문해교육",동국대학교,석사,尹敬勛,Yoon Gyeonghoon
12721800,ok,장지영,여,1980,서강대학교,대우교수,재직,한국어교육학,외국어로서의한국어교육,이화여자대학교,박사,張智英,Jang Jiyeong
12721858,ok,이민경,여,1980,신라대학교,강사,재직,한국어교육학,한국어교육,부산외국어대학교,석사,李珉京,Yi min gyeong
12722039,ok,장연수,남,1993,성균관대학교,대학원생,미취업,한문학,"한문산문, 문헌학",경북대학교,석사,張硯洙,yeon soo jang
12722244,ok,이서현,여,*****,단국대학교,*****,*****,한국어교육학,"교육 과정, 교수법",단국대학교,석사,*****,*****
12722248,ok,김주흠,여,1995,경운대학교(대학별),조교수,재직,한국어교육학,한국어교육 화용교육 화행교육,영남대학교,박사,,Kim Jooheum
12722281,ok,이윤주,여,1976,광주여자대학교(대학별),조교수,재직,문학사,외국어로서의 한국어교육,대구가톨릭대학교,박사,李潤珠,LEE  YUN JU
12722520,ok,박기완,남,1993,성균관대학교,대학원생,미취업,한문학,한국한문학,성균관대학교,박사수료,朴起完,PARK Kiwan
12722694,ok,김세정,여,1973,한양대학교,대학원생,미취업,현대소설(국문학),서사,한양대학교,박사수료,金世晶,Kim Sejung
12724738,ok,신현우,남,1985,서울과학기술대학교,강사,재직,문화이론/대중문화론,기술정보문화연구,서울과학기술대학교,박사,,Hyunwoo Shin
12725787,ok,유혜영,여,1985,山東大學,부교수,재직,현대소설(국문학),비교문학,서울대학교,박사,劉惠瑩,LIU HUIYING
12726134,ok,김명숙,여,1967,中央民族大學,교수,재직,기타국문학,한국언어문학,中央民族大學,박사,小金,JIN MINGSHU
12726260,ok,야나가와 요스케,남,1991,東京外國語大學,강사,재직,현대소설(국문학),소설,서울대학교,박사수료,柳川陽介,YANAGAWA YOSUKE
12726331,ok,고은선,여,1973,동국대학교,연구교수,재직,교육평가,측정평가,동국대학교,박사,高恩仙,GOEUNDUN
12726469,ok,문혜진,여,1986,한성대학교(연계),조교수,재직,산업/조직심리,조직심리,서강대학교,박사,,Moon Hyejin
12726605,ok,김운기,남,1958,국립공주대학교,,미취업,한문학,조선조 서찰 및 한시,국립공주대학교,석사,金雲基,"Kim,Woonki"
12728420,ok,강려나,여,1993,연세대학교,,,국어교육,한국어교육,연세대학교,석사수료,姜丽娜,JIANGLINA
12728506,ok,주올가,여,*****,남서울대학교,*****,*****,한국어와문학,국어국문학,연세대학교,박사수료,,*****
12729479,ok,유신지,여,*****,경북대학교,*****,*****,현대시(국문학),현대문학,경북대학교,박사,*****,*****
12729854,ok,최예슬,여,1990,경기과학고등학교,고등학교 교사,재직,국어교육학,국어교육,고려대학교,박사,崔예슬,Choi Yeseul
12730343,ok,서효원,남,1981,서강대학교(연계),조교수,재직,한국어교육학,외국어로서의 한국어교육,한국외국어대학교,박사,徐孝源,Hyowon Seo
12730359,ok,신민섭,남,1993,연세대학교,대학원생,미취업,,,연세대학교,석사,,
12730404,ok,무양,여,1995,연세대학교,대학원생,미취업,한국어교육학,한국어교육,연세대학교,석사,武洋,WU YANG
12730541,ok,채은경,여,1973,경북대학교,강사,재직,한국어교육학,한국어 읽기와 쓰기,영남대학교,박사수료,蔡恩慶,Chae Eun Kyung
12735011,ok,최주찬,남,1997,성균관대학교 한국문화연구소,연구원,미취업,현대소설(국문학),한국현대문학,성균관대학교,박사수료,崔柱燦,CHOI Joo chan
12735469,ok,등옥룡,남,1994,연세대학교,대학원생,미취업,,,,,滕玉龙,TENG YULONG
12735621,ok,정예은,여,1996,연세대학교(미래캠퍼스) 근대한국학연구소,대학원생,재직,기타국어학,국어학,연세대학교(미래캠퍼스),석사,鄭叡恩,JeongYeEun
12736887,ok,정우경,여,1994,서울대학교,연구원,재직,현대소설(국문학),현대소설,서울대학교,박사,鄭宇耕,"Jeong, Wookyung"
12737129,ok,강나래,여,1989,서울대학교,대학원생,미취업,소설,고전소설,서울대학교,석사,姜나래,Kang Narae
12737146,ok,최연이,여,1980,국립창원대학교,대학원생,미취업,한국어와문학,국어국문학과,국립창원대학교,박사수료,崔延伊,Choi Yeoni
12738410,ok,김민주,여,1992,중앙대학교,,,희곡,현대희곡,중앙대학교,석사,,Kim Minju
12738524,ok,김지현,여,1990,국립순천대학교(연계),조교수,재직,한국어교육학,한국어교육학,부산대학교,박사,金智賢,Kim Jihyun
12738695,ok,한주영,여,1982,경희대학교,강사,미취업,현대시(국문학),"현대시, 영상문학",경희대학교,박사,,Han Juyoung
12739272,ok,박홍매,여,1996,서울대학교,대학원생,미취업,,,서울대학교,석사,朴红梅,PIAO HONGMEI
12740337,ok,서지예,여,1996,성균관대학교,대학원생,미취업,,,성균관대학교,석사,舒紫婕,SHU ZIJIE
12741113,ok,민지훈,남,1982,동국대학교,강사,재직,국어교육학,"고전문학교육, 읽기교육, 문식성 교육",동국대학교,박사,閔芝勳,"Min, Ji Hoon"
12741419,ok,SUGIYAMAYUTAKA,남,1984,,,재직,국어사,"한국어 음운사, 문헌학",서울대학교,박사,杉山豐,Sugiyama Yutaka
12742265,ok,이림,남,1990,黑龍江外國語學院,기타,재직,방언학(국어학),"국어문법, 비교언어",강원대학교,박사,李林,LI LIN
12742268,ok,유영관,남,1981,강원대학교,강사,재직,통사론(국어학),통사론,강원대학교,박사수료,劉永寬,Yeongkwan Yoo
12742280,ok,이지연,여,*****,강원대학교,*****,*****,통사론(국어학),대조연구,강원대학교,박사수료,*****,*****
12742390,ok,김보라,여,1993,강원대학교,대학원생,미취업,의미론(언어학),한국어교육에서의 의미론,강원대학교,박사수료,金宝拉,KIMBORA
12742421,private,,,,,,,,,,,,
12742593,ok,진영,여,1992,성균관대학교,대학원생,,,,,,陳影,CHEN YING
12742826,ok,빕케 데네케,여,1971,Massachusetts Institute of Technology (MIT),교수,재직,비교문학,Premodern Chinese and Japanese literature; literature and thought of the Sinographic Sphere,Harvard University,박사,魏樸和,Wiebke Denecke
12742887,ok,최진영,남,1991,경기도일산동고등학교,고등학교 교사,재직,국어교육학,국어 교육,한국교원대학교,박사,崔珍榮,"Choi,Jin-Young"
12743248,ok,서강보,남,1976,한국외국어대학교,,미취업,,,,,서강보,Seo Kang bo
12743280,private,,,,,,,,,,,,
12746755,ok,오선화,여,1981,复旦大学,조교수,재직,음운론(언어학),방언학,서울대학교,박사,吴仙花,wu xianhua
12747249,ok,WANG XIAOYU,여,1997,성균관대학교,대학원생,미취업,,,성균관대학교,박사수료,王小雨,WANG XIAOYU
12747998,ok,주지영,여,*****,한성대학교(연계),*****,*****,한시,한시,경희대학교,박사,*****,*****
12748772,ok,최창륵,남,1971,南京大學,교수,재직,한국어와문학,"한국근현대문학, 한중비교문학",延邊大學,박사,崔昌竻,choe changruk
12748777,ok,JINYUEHUI,여,1985,,,미취업,언어교육,외국어로서의 한국억육전공,배재대학교,박사,金月辉,JINYUEHUI
12749045,ok,이승호,남,1996,중앙대학교,대학원생,미취업,한국어와문학,언어정보,중앙대학교,석사,李承鎬,"Lee, Seung-ho"
12749066,ok,최연화,여,1982,大連民族大學,,재직,,,,,崔娟华,cuijuanhua
12749069,ok,신선혜,여,1984,중앙대학교,강사,재직,,,,,申善惠,Shin Sunhye
12749147,ok,성현아,여,1993,단국대학교,초빙교수,재직,현대시(국문학),현대시,중앙대학교,박사,成炫兒,SUNG HYUNAH
12749748,ok,김수민,여,1996,연세대학교,대학원생,재직,컴퓨터시스템,스토리지,연세대학교,석사,金秀民,"SuMin, KIM"
12749786,ok,신수련,여,1989,한국외국어대학교,대학원생,미취업,한국어교육학,외국어로서의 한국어교육,한국외국어대학교,박사수료,申琇煉,Shin Su-reun
12750970,ok,하태희,여,1996,고려대학교,,미취업,,,,,河泰希,Taehui Ha
12751405,ok,박광은,남,1993,서울대학교,대학원생,,구비문학(국문학),구비문학,서울대학교,석사,朴光垠,"Park, Gwang-Eun"
12751630,ok,이은솔,여,1994,고려대학교,대학원생,미취업,현대소설(국문학),현대소설,고려대학교,박사수료,李殷率,"EunSol, Lee"
12751803,ok,오현지,여,1994,고려대학교,대학원생,,현대소설(국문학),국어국문학과 현대소설전공,고려대학교,박사수료,吳炫知,Oh HyunJee
12751976,ok,이영서,남,1992,고려대학교,대학원생,미취업,현대소설(국문학),현대소설,고려대학교,박사수료,李榮書,LEE YOUNGSEO
12752498,ok,김윤경,여,1977,이화여자대학교,중학교 교사,미취업,국어교육학,표현교육,이화여자대학교,박사,金允景,Kim Yunkyoung
12754163,ok,이여진,여,1981,인천대학교,연구원,재직,희곡,현대희곡이론,서강대학교,박사,李麗眞,LEE YEO JIN
12754613,ok,조한서,여,1994,서울대학교,,미취업,고전시가,고전시가,,,趙漢瑞,JO HANSEO
12754781,ok,신지연,여,1984,서울대학교,고등학교 교사,재직,국어교육학,국어교육,서울대학교,석사,申智蓮,"shin, ji-yeon"
12754872,ok,허원영,남,1992,제주대학교,강사,재직,국어교육,"문법교육, 형태론",제주대학교,박사수료,許元寧,"Heo, Won-young"
12755048,ok,도연우,여,1994,서울대학교,기타,미취업,고전시가,고려속요,서울대학교,박사수료,都姸尤,DO Yeon Woo
12755293,ok,홍정연,여,1998,건국대학교,대학원생,재직,음성학(국어학),음성학,건국대학교,석사,洪禎延,JungYeon Hong
12756436,private,,,,,,,,,,,,
12757038,ok,임소연,여,1998,한양대학교,대학원생,미취업,영화이론,영화이론전공,한양대학교,박사수료,,lim so yeon
12757711,private,,,,,,,,,,,,
12758324,ok,장준영,남,1968,숭실사이버대학교(대학별),조교수,재직,한국어교육학,한국어교육,연세대학교,박사,張峻榮,Jang Joon Young
12760499,private,,,,,,,,,,,,
12761451,ok,고윤경,여,1984,서울대학교,대학원생,미취업,여성문화,페미니즘/퀴어 문화연구,서울대학교,석사,,
12761991,ok,서유리,여,*****,경희대학교,,*****,,,,,*****,*****
12762024,ok,박수정,여,1993,부산대학교,강사,재직,현대소설(국문학),현대문학,부산대학교,박사수료,,"Park, Su-Jung"
12762559,ok,김도연,여,*****,경북대학교,*****,*****,한국어교육학,외국어로서의한국어교육학,영남대학교,박사,*****,*****
12762815,ok,김태은,여,1979,고려대학교,대학원생,미취업,한문산문,한문고전번역,성균관대학교,석사,金兌垠,Taeeun Kim
12763083,ok,정세현,여,1996,고려대학교,대학원생,미취업,고전산문,고전소설,고려대학교,석사,鄭勢賢,SeHyun Jung
12763185,ok,손현미,여,1981,국립부경대학교,강사,재직,한국어교육학,외국어로서의한국어교육전공,부산대학교,박사,孫賢美,Son Hynn-mee
12763805,ok,정경훈,남,1990,기타기관,초등학교 교사,재직,윤리교육학,윤리교육,서울대학교,박사,鄭敬勳,Kyeonghoon JUNG
12764090,ok,노강산,남,1998,고려대학교,,미취업,,,,,,
12764658,ok,한주연,여,1990,경북대학교,대학원생,미취업,국어교육,"읽기교육, 리터러시",경북대학교,박사수료,韓周延,HAN JUYEON
12764690,ok,김호성,남,1989,한국교통대학교,강사,재직,구비문학,"설화, 서사무가",경기대학교,박사,金浩聲,"Kim, Ho Sung"
12764750,ok,성창익,남,1993,경희대학교(국제캠퍼스),,미취업,,,,,成昌益,SungChangIk
12764988,ok,장수영,여,1987,합동군사대학교,강사,재직,,,한성대학교,석사,張洙榮,JangSooYoung
12765250,ok,박소예,여,1995,서강대학교,대학원생,미취업,현대소설(국문학),현대소설,서강대학교,박사수료,朴昭藝,Park Soye
12766100,ok,윤지훈,남,1976,경희대학교,연구원,재직,비교문학(국문학),한국전통언어문화,경희대학교,박사수료,尹志薰,JiHoon Yun
12766719,ok,허유경,여,*****,서경대학교,*****,*****,한국어와문학,한국어교육,한성대학교,박사,*****,*****
12769269,private,,,,,,,,,,,,
12770060,ok,오윤주,여,1973,인천대학교,강사,재직,국어교육,현대산문교육,서울대학교,박사,,"Oh, Yun joo"
12770587,ok,이선중,남,1988,배재대학교(연계),조교수,재직,한국어교육학,한국어교육학,배재대학교,박사,,LEE SUN JOONG
12770750,ok,이영욱,남,1980,부산예술고등학교,고등학교 교사,재직,국어교육학,음운교육,부산대학교,박사,李永旭,Lee Yeongwook
12772526,ok,계문함,여,1995,부산대학교,대학원생,미취업,한국어교육학,외국어로서의 한국어교육,부산대학교,박사수료,,
12772696,ok,윤혜경,여,1967,단국대학교,강사,재직,기타국어학,한국어교육,단국대학교,박사,尹惠敬,Yoon Hye Gyeong
12774373,ok,주은경,여,1996,이화여자대학교,대학원생,재직,통사론(국어학),통사론(국어학),이화여자대학교,석사,朱垠暻,Ju Eunkyeong
12776107,ok,노보윤,여,1988,단국대학교,강사,재직,고전산문,고전소설,한국학중앙연구원,박사,盧保潤,Roh Boyun
12779460,ok,양성철,남,1970,전북대학교,초빙교수,재직,,,,,梁成哲,Yang Sungchul
12780804,ok,한예민,여,1988,湖南師範大學,조교수,재직,소설,고전소설,한국학중앙연구원,박사,,
12780983,ok,최한영,여,1993,한양대학교,대학원생,미취업,고전산문,고전문학,한양대학교,석사,,Choi Hanyoung
12781177,ok,문희진,여,1994,호남대학교,강사,재직,기타교육학,다문화교육,인하대학교,박사,文熙振,MUN HUI JIN
12783102,ok,양수민,여,1997,부산대학교,대학원생,미취업,기타인문학,현대문학,부산대학교,석사,,Yang Jung Eun
12783139,ok,김병건,남,1972,건국대학교,부교수,재직,화용론(국어학),담화분석,건국대학교,박사,金秉建,Kim ByeongKeon
12783229,ok,김상태,남,1969,청주대학교(연계),조교수,재직,어휘론(국어학),어휘의미,청주대학교,박사,金相泰,"KIM, SANGTAE"
12783496,ok,김경희,여,1974,가천대학교 문화유산역사연구소,책임연구원,재직,구비문학(국문학),스토리 콘텐츠 개발,서울대학교,박사,金璟姬,KIM KYUNG HEE
12783661,ok,홍성희,여,1971,전남도립대학교,초빙교수,재직,유아교육,유아교육,전남대학교,박사,洪成姬,hong seong hee
12783723,private,,,,,,,,,,,,
12783894,ok,WANG YAN,여,1992,,,미취업,한국어교육학,한국어교육,,,왕연,WANG YAN
12784189,ok,허예인,여,1997,경희대학교,대학원생,미취업,한국어교육학,한국어학,경희대학교,박사수료,許叡仁,Heo Yein
12784433,ok,차준우,남,*****,중앙대학교(연계),*****,*****,한국어교육학,한국어 문법,중앙대학교,박사,*****,*****
12785423,ok,장보,여,1991,중앙대학교,,미취업,,,,,,ZHANG BO
12786207,ok,황사랑,여,*****,아주대학교,*****,*****,현대시(국문학),현대시,아주대학교,박사수료,,
12786334,ok,FU RONG,여,1993,서울대학교,대학원생,미취업,현대소설(국문학),한국근현대소설,서울대학교,석사,,FU RONG
12787007,ok,허은혜,여,1982,한국외국어대학교,강사,재직,통사론(언어학),외국어로서의한국어교육,한국외국어대학교,박사,許恩惠,Heo Eun Hye
12787083,ok,김미연,여,1975,,,미취업,,,,,,
12787155,ok,장준영,남,1994,중앙대학교,대학원생,미취업,현대소설(국문학),한국현대소설,중앙대학교,박사수료,張準榮,Chang Jun Young
12787374,ok,김은정,여,1986,이화여자대학교,대학원생,미취업,한국어교육학,한국어교육,이화여자대학교,석사,,"Kim, Eunjeong"
12787439,ok,홍차승,여,1973,부산대학교,대학원생,미취업,문학이론,고전문학,부산대학교,박사수료,洪佽丞,Hong cha seung
12787461,ok,남하정,여,1979,국민대학교,강사,미취업,기타국어학,한국어교육,국민대학교,박사,,NAM HAJEONG
12787469,ok,문연정,여,1993,이화여자대학교,기타,재직,한국어교육학,제2언어습득,이화여자대학교,박사,,"Moon, yeonjung"
12787502,ok,김혜진,여,1986,서울대학교,대학원생,미취업,고전시가,고전시가,서울대학교,박사,金慧眞,kim hye jin
12787842,ok,류다정,여,1995,중앙대학교,대학원생,재직,한국어교육학,한국어교육,중앙대학교,석사,,
12787847,ok,전명환,남,1995,중앙대학교,대학원생,,현대시(국문학),현대문학,중앙대학교,석사,全明煥,Jeon Myeong-hwan
12788081,ok,신다슬,여,1994,충남대학교,강사,재직,현대희곡(국문학),영상문학,충남대학교,박사,,SHIN DASEUL
12788154,ok,김용범,남,1998,서강대학교,대학원생,미취업,현대소설(국문학),현대소설,서강대학교,박사수료,김용범,Kimyongbeom
12788399,ok,송근후,남,1993,고려대학교,,,,,,,宋根厚,SONGKEUNHOO
12788451,ok,김영건,남,1991,고려대학교,대학원생,미취업,한문산문,장르론,고려대학교,석사,,Kim young-gun
12788541,ok,표유진,여,*****,이화여자대학교,*****,*****,문학비평(국문학),현대비평,이화여자대학교,석사,,
12788678,ok,손유진,여,1987,경일대학교,초빙교수,재직,한국어와문학,한국어교육전공,동국대학교 WISE(와이즈)캠퍼스,박사,孫裕眞,Son You-jin
12789255,ok,이남호,남,1995,중앙대학교,강사,미취업,한국어교육학,한국어교육학,중앙대학교,석사,李南虎,leenamho
12789269,ok,정진하,여,1994,충북대학교,대학원생,재직,구비문학,구비문학,충북대학교,석사,,
12789489,ok,이지현,여,1992,고려대학교,대학원생,미취업,,,,,李祉賢,
12789728,ok,황인지,여,1988,연세대학교,연구원,미취업,교육상담,상담교육,연세대학교,박사,,Hwang In Chi
12789948,ok,박종호,남,1994,한국교원대학교 초등교육연구소,초등학교 교사,재직,,,,,朴鍾鎬,Park-JongHo
12790444,ok,왕매,여,1997,동국대학교,,미취업,한국어교육학,외국어로서의 한국어교육,동국대학교,석사,王梅,WANGMEI
12790552,ok,전다은,여,1993,대구가톨릭대학교,기타,재직,한국어교육학,한국어교육전공,대구가톨릭대학교,박사,全다은,JEONDAEUN
12791185,ok,염선옥,여,1971,서정대학교,강사,재직,문학비평(국문학),문학 비평,동국대학교,박사,廉善鈺,Yeom Sunok
12791774,ok,노민혜,여,1989,서울대학교,강사,재직,현대소설(국문학),현대문학,서울대학교,박사,,NOH MIN HYE
12791906,ok,김동훈,남,1979,강원대학교 강릉캠퍼스,강사,재직,의미론(국어학),형태의미론,강원대학교 강릉캠퍼스,박사,金東薰,Kim DongHoon
12792179,ok,조연수,여,1995,서울대학교,,미취업,,,,,趙娟隨,CHO YEONSOO
12792187,ok,전진호,남,1991,서울대학교,강사,재직,음운론(국어학),음운론,서울대학교,박사수료,,JEON JinHo
12792882,ok,허민석,남,1992,서울대학교,대학원생,미취업,현대소설(국문학),한국현대소설 및 비평,서울대학교,석사,,Heo Minseok
12792991,ok,신효정,여,1982,서강대학교(연계),조교수,재직,교육평가,교육측정평가,Univ. of California at Berkeley,박사,申孝貞,Hyo Jeong Shin
12793098,ok,윤은성,여,1987,중앙대학교,기타,미취업,현대시(국문학),현대시,중앙대학교,석사,,
12793283,ok,안성은,여,*****,단국대학교,*****,*****,문예창작,아동문학,단국대학교,박사,,*****
12793672,ok,강민하,남,1995,서울대학교,대학원생,재직,,,서울대학교,석사,姜旻河,MinHa Kang
12793743,ok,이소영,여,1996,중앙대학교,,미취업,,,,,,
12793800,private,,,,,,,,,,,,
12794086,ok,김민지,여,1994,서울대학교,대학원생,미취업,음운론(국어학),음운론,서울대학교,박사수료,金玟智,Minji Kim
12794211,ok,조하늘,여,1997,서울대학교,대학원생,미취업,한문소설,고전문학,서울대학교,박사수료,曺하늘,Cho Haneul
12794213,ok,박우빈,남,1994,중앙대학교,대학원생,미취업,한국어교육학,한국어교육학,중앙대학교,박사수료,朴玗彬,WooBin Park
12794216,ok,정성훈,남,1994,서울대학교,대학원생,미취업,현대소설(국문학),현대소설,서울대학교,박사수료,鄭聖勳,
12794258,ok,이소영,여,1993,동국대학교,대학원생,미취업,통사론(국어학),국어학,동국대학교,석사,李炤榮,Lee So-young
12794786,ok,고동호,남,*****,전북대학교,*****,*****,역사/비교언어학,역사/비교언어학,서울대학교,박사,*****,*****
12797194,ok,홍세화,여,1990,,,미취업,,,,,,
12797515,ok,이은희,여,1974,경희대학교,,미취업,,,,,,Eunhee Lee
12798134,ok,김민지,여,1992,서울대학교,,미취업,국어교육,현대시교육,서울대학교,박사수료,,Kim Minji
12798634,ok,유승희,여,1995,성균관대학교,대학원생,미취업,현대소설(국문학),여성문학,성균관대학교,박사수료,兪昇希,You SeungHee
12798889,ok,미쉘 알렉산드라 자자,여,1994,계명대학교,대학원생,미취업,,,계명대학교,석사,,Michelle Alexandra Jahja
12798903,ok,김대희,남,*****,원광대학교(연계),*****,*****,국어교육학,매체언어교육,고려대학교,박사,*****,*****
12799725,ok,이예빈,여,1999,고려대학교 언어정보연구소,,재직,,,,,李叡彬,Lee Yebin
12799850,ok,안진,여,1995,전남대학교,,미취업,,,,,安眞,An Jin
12800243,ok,이현화,여,*****,한경국립대학교(연계),*****,*****,기타언어학,언어,고려대학교,박사,*****,
12800822,ok,이유경,여,*****,서울대학교 인문학연구원,*****,*****,비교문학,비교문학,서울대학교,박사,,*****
12802333,ok,조희선,여,*****,부산대학교,*****,*****,한국어교육학,한국어교육학,부산대학교,석사,*****,*****
12802864,ok,정화영,여,1981,전북대학교,강사,재직,의미론(언어학),화용의미론,전북대학교,석사,鄭花榮,JEONG HWAYEONG
12803993,ok,서욱희,남,1995,서울대학교,대학원생,미취업,현대소설(국문학),현대문학,서울대학교,석사,徐旭熙,SEO UKHEE
12804271,ok,이근영,여,1988,제주대학교(연계),부교수,재직,초등교육,초등국어교육,한국교원대학교,박사,,Lee Geun Yeong
12804778,ok,전소연,여,1992,이화여자대학교,대학원생,미취업,현대소설(국문학),현대소설,이화여자대학교,박사수료,,Jeon So yeun
12806007,ok,김소혜,여,1978,고려대학교 한국언어문화학술확산연구소 (미사용),연구교수,재직,동양/아시아영화,동아시아언어문명,Univ. of Chicago,박사,金韶慧,Kim So Hye
12806621,ok,이선주,여,1974,부산대학교,연구교수,재직,영화사,한국영화사,중앙대학교,박사,李宣珠,Sunjoo Lee
12806844,ok,황정수,남,1996,서울대학교,대학원생,재직,고전산문,한국한문산문,서울대학교,석사,,
12807307,ok,최윤지,여,1984,서울대학교(연계),부교수,재직,의미론(국어학),통사의미론,서울대학교,박사,崔允志,"CHOI, Yoonji"
12807331,ok,박보름,여,1987,서울대학교,대학원생,미취업,현대소설(국문학),현대소설,서울대학교,박사수료,없음,Park Boreum
12807348,ok,김동규,남,1991,서울대학교,대학원생,재직,,,,,,
12807370,ok,김영섭,남,1994,서울대학교,,미취업,,,,,,Kim Yeongseop
12807623,ok,오성준,남,1984,서울대학교,대학원생,미취업,소설,고전문학,서울대학교,박사수료,吳成俊,Oh Seongjun
12807629,ok,오찬미,여,1994,서울대학교,대학원생,미취업,한문산문,사론산문,서울대학교,박사,吳讚美,Chanmi Oh
12807801,ok,류선희,여,1995,성균관대학교,대학원생,미취업,고전산문,고전소설,성균관대학교,석사,,
12807879,ok,이혜린,여,1996,서울대학교,대학원생,재직,국어교육,고전시가교육,서울대학교,석사,李慧璘,LEE HYELIN
12807968,ok,유현수,남,1993,고려대학교,대학원생,미취업,현대시(국문학),현대시,고려대학교,박사수료,柳賢洙,You Hyunsoo
12808135,ok,이병훈,남,1977,(재) 한국국학진흥원,연구위원,재직,조선후기사,향촌사회사,영남대학교,박사,李炳勳,Lee Byoung Hoon
12808564,ok,김보현,여,1982,국립공주대학교,강사,재직,희곡,희곡,국립공주대학교,박사,,KIM BOHYEON
12808601,ok,정선우,여,1998,성균관대학교,대학원생,재직,한시,동아시아 한시,성균관대학교,석사,,SunWoo Jeong
12808606,ok,이화숙,여,1973,대구가톨릭대학교,강사,재직,국어사,중세국어,대구가톨릭대학교,박사,李和淑,Yi Hwasook
12808795,ok,최형우,남,1996,서울대학교,대학원생,재직,국어교육학,문법교육,서울대학교,석사,崔炯羽,Choi Hyeong Woo
12810467,ok,장원석,남,1996,서울대학교,대학원생,미취업,현대소설(국문학),1990년대 한국소설,서울대학교,석사,張元碩,JANG WONSEOK
12811855,ok,윤미선,여,*****,한국외국어대학교,*****,*****,통역번역,영어 번역학,한국외국어대학교,박사,*****,*****
12811935,ok,이혜현,여,1988,고려대학교,강사,재직,한국어교육학,한국어교육학,고려대학교,박사수료,李慧炫,LEE HYEHYUN
12812234,ok,이상욱,남,1975,서울대학교 규장각한국학연구원,책임연구원,재직,한문산문,조선과문,연세대학교,박사,李祥旭,Sang Wook Lee
12812281,ok,김유리,여,1993,서울대학교,대학원생,재직,한국어와문학,한국어교육,서울대학교,석사,,Kim Yuri
12812618,ok,손연정,여,*****,홍익대학교(연계),*****,*****,언어교육,한국어교육,연세대학교,박사,,*****
12813136,ok,이용재,남,2000,고려대학교,대학원생,재직,물류관리,산업경영공학,국가평생교육진흥원(대학과정),학사,,LEE YONG JAE
12813768,ok,장성호,남,1994,연세대학교,대학원생,미취업,현대시(국문학),현대시,한양대학교,석사,張成鎬,Seong Ho Jang
12814530,ok,송정우,남,1983,서울시립대학교,대학원생,미취업,,,,,,Jeongwoo Song
12815094,ok,김종연,남,1991,연세대학교,,미취업,문학이론,현대문학,연세대학교,석사,,
12816216,ok,박기환,남,1994,제주대학교,강사,미취업,고전산문,고전소설,제주대학교,박사수료,朴基煥,PARK KI HWAN
12816759,ok,김광희,남,1984,경인교육대학교 미디어리터러시연구소,초등학교 교사,재직,국어교육학,미디어 교육,서강대학교,석사,,
12816931,ok,오정례,여,*****,동국대학교,*****,*****,국어교육학,국어교육,고려대학교,박사,*****,*****
12818259,ok,김아람,여,1984,한림대학교(연계),부교수,재직,한국현대사,사회사,연세대학교,박사,金아람,KIM A LAM
12820169,ok,정수완,여,1963,동국대학교,교수,재직,영화사,동양영화사,동국대학교,박사,,Jung Soowan
12820427,ok,이세호,남,1995,단국대학교,대학원생,미취업,현대시(국문학),현대시,단국대학교,석사,李世浩,LEESAEHO
12821291,ok,정지윤,여,1972,연세대학교,강사,재직,한국어교육학,"한국어교육 평가, 한국어교육 교수법",연세대학교,박사수료,鄭智允,Chong Ji Yun
12823101,ok,우명길,남,1949,,,,,,,,禹命吉,"Woo, Myungkil"
12824225,ok,이주영,여,1984,한국외국어대학교,부교수,재직,영상문학,"한국 영상문학, 한국 영화, 한국 미디어, 한국 디아스포라 문화",University of Michigan,박사,,Lee Joo Young
12824889,ok,정우헌,남,1992,서울대학교,,미취업,의미론(언어학),의미론,서울대학교,박사수료,丁愚憲,Jeong Woohyun
12826418,ok,LI ZIHAN,여,2000,전남대학교,,미취업,현대소설(국문학),현대소설,전남대학교,석사,李紫含,LI ZIHAN
12827958,ok,김세리,여,1979,,,,,,,,,
12829081,ok,김수안,여,1984,연세대학교 비교사회문화연구소,HK연구교수,재직,현대소설(국문학),현대문학,연세대학교,박사,金綏案,Sueahn Kim
12829554,ok,이근영,여,1975,충남대학교,강사,재직,현대소설(국문학),현대소설,충남대학교,박사,李謹永,keun young lee
12830018,ok,문희철,남,1992,,,,,,,,文煕喆,Moon HeuiChul
12830977,ok,스판판,여,1993,부산대학교,,미취업,역사/비교언어학,외국어로서의한국어교육전공,,,石盼盼,SHI PANPAN
12831726,ok,김하연,여,1992,서울대학교,,미취업,국어교육학,국어교육,,,,
12832751,ok,YU XIANGXIN,남,1993,연세대학교,대학원생,미취업,한국어교육학,한국어교육학,연세대학교,박사수료,于祥鑫,YU XIANGXIN
12833777,ok,김태연,여,1979,서울과학기술대학교,강사,재직,한국어교육학,외국어로서의 한국어 교육,연세대학교,박사,,Kim Tae Yeon
12834639,ok,문경진,여,1989,서울시립대학교,대학원생,,음운론(국어학),국어 음운론,서울시립대학교,석사,文景珍,Moon Kyoung Jin
12835751,ok,박정아,여,*****,서경대학교(연계),*****,*****,한국어교육학,에듀테크,경희대학교,박사,,*****
12841129,ok,백명주,여,1971,제주대학교,,,,,,,白明珠,"BAEK,MYUNJU"
12841321,ok,이가은,여,1994,서울대학교,대학원생,미취업,현대소설(국문학),현대소설,서울대학교,박사수료,李嘉恩,LEE Ga-Eun
12841360,ok,구자연,여,1985,서울대학교,강사,재직,현대소설(국문학),현대소설,서울대학교,박사,具滋姸,Jayeon Koo
12841592,private,,,,,,,,,,,,
12843062,ok,김성엽,남,1997,Pennsylvania State Univ.,대학원생,미취업,국어교육학,독서/작문,고려대학교,석사,金成燁,Kim SeongYeup
12843406,ok,이채미,여,2000,,,미취업,,,,,,"Lee, Chae-mi"
12845584,ok,전경선,여,1986,국립국어원,,재직,한국어교육학,한국어교육학,이화여자대학교,박사,,Jun KyungSun
12845787,ok,박신애,여,1984,,중학교 교사,재직,국어교육학,독서교육,고려대학교,박사,,Park Shinae
12846289,ok,윤조원,여,1996,연세대학교,대학원생,미취업,문학비평(국문학),현대문학,연세대학교,석사,尹朝垣,Yoon Joewon
12847644,ok,권주안,여,1983,전북대학교,대학원생,미취업,의미론(국어학),의미론,전북대학교,박사수료,權主安,Kwon juan
12854607,ok,박송이,여,1981,한남대학교,초빙교수,재직,현대시(국문학),현대시,한남대학교,박사,朴송이,Park Song Yi
12854658,ok,오준호,남,1994,단국대학교,강사,재직,한국어교육학,외국어로서의 한국어교육 전공,동국대학교,석사,,
12855124,ok,김미향,여,1970,인천대학교,강사,재직,현대소설(국문학),1950년대 소설,인천대학교,박사,金美香,Kim mi hyang
12856378,ok,임창국,남,1971,중앙대학교(연계),교수,재직,통사론(언어학),생성이론,Cornell Univ.,박사,林昌國,Changguk Yim
12858419,ok,임미정,여,1980,연세대학교 국학연구원,연구교수,재직,한문학,한시/한시비평,연세대학교,박사,林美貞,LIM MIJUNG
12859632,ok,심지혜,여,1991,대구가톨릭대학교,대학원생,,한국어교육학,한국어교육,대구가톨릭대학교,박사수료,,
12860438,ok,윤숙,여,1985,한림대학교,강사,재직,현대시(국문학),한국현대문학,한림대학교,박사,尹淑,YunSuk
12860905,ok,박용범,남,*****,단국대학교,*****,*****,컴퓨터/인공지능,지능형SE,Polytechnic Institute,박사,*****,*****
12862026,ok,이슬아,여,1989,고려대학교,대학원생,미취업,운문,현대시,고려대학교,박사수료,李슬아,LEE SEUL AH
12862570,ok,이창희,남,1986,가톨릭대학교(연계),조교수,재직,국어교육학,국어교육,University of Rhode Island,박사,李昌熙,Lee Chang-Hee
12864964,ok,박아현,여,1983,전북대학교,기타,미취업,한국어교육학,한국어교육학,전북대학교,박사수료,,Arhyun Park
12865449,ok,김미란,여,1972,충남대학교,강사,재직,한문학,한국한문학,한국학중앙연구원,박사,金美蘭,Kim Mi-ran
12865527,ok,성인경,여,1982,동명대학교,초빙교수,재직,한국어교육학,한국어 화용 교육,부산대학교,박사,成仁敬,Seong In Kyoung
12865873,ok,이한민,여,1983,이화여자대학교,강사,재직,의미론(언어학),"의미론, 화용론",이화여자대학교,박사,李漢旻,Lee HanMin
12866026,ok,신용목,남,*****,계명대학교(연계),*****,*****,현대시(국문학),식민지시대시연구,고려대학교,박사,*****,*****
12866179,ok,김근애,여,1977,청주대학교(연계),조교수,재직,형태론(국어학),한자어,경희대학교,박사,金根愛,KIM KEUN AE
12867720,ok,정담,남,1994,국립공주대학교,강사,재직,국어사,"의미론(어휘사), 국어사",국립공주대학교,박사,鄭담,JeongDam
12868084,ok,김세연,여,1995,고려대학교,대학원생,재직,한문학,한문산문,고려대학교,박사수료,金洗延,Kim Se Yeon
12869097,private,,,,,,,,,,,,
12869177,ok,임회숙,여,1971,동아대학교,강사,재직,소설,현대소설,동아대학교,박사,,
12870297,ok,한혜정,여,*****,인하대학교,*****,*****,국어교육학,한국어교육,인하대학교,박사,,*****
12870870,ok,신은수,여,1975,전북대학교,강사,재직,국어사,어휘사,전북대학교,박사,申恩秀,Shin Eunsu
12871380,ok,SAKHABUTDINOVA LUIZA ZOIROVNA,여,1986,,조교수,재직,,,,,,
12871718,ok,곽명재,남,1986,경북대학교,강사,재직,한문학,한문산문,경북대학교,석사,郭溟財,"Gwak, myeong-jae"
12871832,ok,최민지,여,*****,서울대학교,*****,*****,현대소설(국문학),현대소설,서울대학교,박사,*****,*****
12872256,ok,김보배,여,1991,명지대학교,대학원생,미취업,문예창작,소설창작,명지대학교(서울캠퍼스),석사,,"Bobae, Kim"
12872393,ok,류동일,남,1981,국립창원대학교,강사,재직,현대소설(국문학),"김남천, 프로문학",경북대학교,박사,柳東一,Ryu Dong-il
12873223,ok,진설아,여,*****,강원대학교,*****,*****,평론,문학/소설 평론,중앙대학교,박사,*****,*****
12874236,ok,공라현,여,*****,이화여자대학교,*****,*****,문학비평(국문학),현대비평,이화여자대학교,박사,*****,*****
12874266,ok,이양금,여,1965,부산외국어대학교,초빙교수,재직,응용언어학,외국어로서의 한국어교육학,부산외국어대학교,박사,李亮金,Lee yanggeum
12874820,ok,고정대,남,1990,대구가톨릭대학교,대학원생,미취업,기타국어학,한국어교육전공,대구가톨릭대학교,석사,高正大,KO JEONGDAE
12874954,ok,조남현,남,1977,인하대학교,강사,재직,국어교육,외국어로서의 한국어교육,인하대학교,박사,趙南賢,Cho Nam Hyun
12875416,ok,이원주,여,1994,숙명여자대학교,대학원생,미취업,한국어교육학,국제한국어교육전공,숙명여자대학교,석사,,LEE WONJU
12875426,ok,황미경,여,1981,이화여자대학교,기타,미취업,음운론(국어학),음운론,이화여자대학교,박사,黃美京,Hwang Mikyeung
12875867,ok,이하영,여,1979,부산교육대학교,강사,재직,음운론(국어학),음운론,부산대학교,박사,,
12875921,ok,채송화,여,1981,서울대학교 규장각한국학연구원,선임연구원,재직,한문산문,한국한문학,서울대학교,박사,蔡頌和,Songhwa Chae
12875954,ok,조윤진,여,1998,서울대학교,대학원생,미취업,,,서울대학교,학사,,
12875998,ok,박윤자,여,1981,서강대학교,대학원생,미취업,소설,고전소설,서강대학교,박사,朴允子,Yunja Park
12876238,ok,강민호,남,1993,서울대학교,대학원생,재직,현대시(국문학),현대문학,서울대학교,박사수료,姜旼昊,Kang Min Ho
12876757,ok,최민지,여,1989,경희대학교,대학원생,미취업,운문,현대문학,경희대학교,석사,,
12876768,ok,류명옥,여,1982,동아대학교 석당학술원 인문학 연구소,전임연구원,재직,구비문학(국문학),설화,경북대학교,박사,柳明玉,Ryu Myeong Ok
12877958,ok,조윤행,여,1982,Institut National des Langues et Civilisations Orientales,강사,재직,화용론(언어학),문화 간 의사소통,연세대학교,박사,趙允行,Yunhaeng Cho
12879720,ok,김용걸,남,1992,서울대학교,대학원생,미취업,한국어교육학,표현교육,서울대학교,석사,,Kim YongGeol
12879731,ok,오성렬,남,1994,서울과학고등학교,고등학교 교사,재직,국어교육학,"읽기, 쓰기교육",고려대학교,석사,吳星烈,Oh SeongRyeol
12880124,ok,백목원,여,1980,숙명여자대학교 교양교육연구소,연구교수,재직,국어교육학,국어교육,이화여자대학교,박사,,
12880543,ok,김경모,남,*****,건국대학교,*****,*****,과학커뮤니케이션,Communication Technology,S.I Newhouse School of Public Communications at Syracuse University,박사,,*****
12880736,ok,홍종명,남,1967,한국외국어대학교,부교수,재직,한국어교육학,"언어습득, 문법교육",University of Hawaii at Manoa,박사,,Jong Myung Hong
12881450,ok,김민지,여,*****,서강대학교 서강 퓨처랩 연구소,*****,*****,한국음악이론/분석,국악이론,중앙대학교,박사,*****,*****
12881595,ok,김경숙,여,1969,부산대학교,강사,퇴직,문학비평(국문학),현대문학,부산대학교,박사,金敬淑,Kim - Kyoung sook
12881759,ok,이민경,여,*****,이화여자대학교,*****,*****,한국어교육학,"담화, 텍스트",이화여자대학교,박사,,*****
12881829,ok,김진영,남,1992,서울대학교,대학원생,미취업,한시,조선후기 한문학,서울대학교,석사,金鎭永,Kim Jinyoung
12882513,ok,장종오,여,1993,성균관대학교,대학원생,미취업,고전산문,고전문학,,,張鍾午,ZHANG ZHONGWU
12882801,ok,탄티튀히엔,여,1978,Vietnam National University Ho Chi Minh City,조교수,재직,한국어교육학,"담화, 텍스트",,,申翠賢,Than Thi Thuy Hien
12883491,ok,송혜란,여,*****,서강대학교,*****,*****,고전산문,고전소설,서강대학교,박사,*****,*****
12883521,ok,남영임,여,1993,서강대학교,대학원생,미취업,고전산문,고전소설,서강대학교,박사수료,,NAM YEONGIM
12883787,ok,김동영,남,1997,서울대학교,대학원생,미취업,교육철학/사상,교육학전공 (교육철학),서울대학교,학사,金東泳,KIM Dong Young
12884598,ok,이경인,남,1996,서울대학교,대학원생,미취업,현대소설(국문학),"소설, 비평",서울대학교,석사,,Lee KyoungIn
12884774,ok,LIYUANYUAN,여,1992,,,미취업,,,,,,
12885055,ok,장효예,여,1996,성균관대학교,대학원생,미취업,,,,,,
12886823,ok,김균탁,남,1982,,대학원생,재직,작가론,시,,,金均倬,Kim Gyun-tak
12887114,ok,이홍구,남,1994,서울대학교,강사,재직,국어사,국어사,서울대학교,박사수료,李洪九,Hong-gu Lee
12887717,ok,임현우,여,1997,단국대학교,대학원생,미취업,현대시(국문학),현대문학 현대시 전공,단국대학교,석사,任賢愚,LIM HYEONWOO
12888568,ok,정지호,남,1985,인하대학교,강사,재직,국어교육,외국어로서의 한국어 교육,인하대학교,박사,,
12888697,ok,정량량,여,1997,성균관대학교,대학원생,미취업,형태론(국어학),형태론,성균관대학교,박사수료,,JEONG RYANG RYANG
12888822,ok,이진현,여,1997,서울대학교,대학원생,미취업,국어교육학,문법교육,서울대학교,박사수료,李珍玄,jinhyun lee
12890429,ok,장다빈,여,1994,이화여자대학교,대학원생,재직,,,,,,JANG DABIN
12892857,ok,지서영,여,1998,서울대학교,대학원생,미취업,국어교육학,화법교육,서울대학교,석사,池誓鍈,Ji Seoyoung
12893053,ok,손지혜,여,1992,연세대학교,,미취업,,,,,,JIHYE SOHN
12893054,ok,여의주,여,1996,연세대학교,대학원생,미취업,한국어와문학,한국어교육,연세대학교,석사,,Euiju Yeo
12894043,ok,윤혜정,여,1993,이화여자대학교,대학원생,재직,현대소설(국문학),현대소설,이화여자대학교,박사수료,,
12894065,ok,천서윤,여,1993,이화여자대학교,대학원생,미취업,현대소설(국문학),현대소설,이화여자대학교,박사수료,千瑞允,"Cheon, Seo-yun"
12894666,ok,WU HUIYING,여,1991,,,미취업,,,,,吴慧颖,WU HUIYING
12895307,ok,김동주,남,1990,공주교육대학교,강사,재직,국어교육학,초등국어교육,한국교원대학교,박사,金東柱,"Dong-Ju, Kim"
12895928,ok,황예인,여,1994,상명대학교,강사,재직,국어교육학,고전시가교육,상명대학교,박사,,황예인
12896962,ok,림성권,남,1994,,대학원생,재직,,,,,,
12898518,ok,전예린,여,*****,서울대학교,*****,*****,,,서울대학교,석사,*****,*****
12900768,ok,이지나,여,1998,경북대학교,,미취업,,,,,,
12902571,ok,강윤희,여,1979,경북대학교,대학원생,재직,국어교육학,국어교육/한국어교육,한국외국어대학교,석사,姜侖希,Kang Yun-hee
12903538,ok,김금내,여,1986,서울교육대학교,강사,재직,국어교육학,문학교육(시교육),서울교육대학교,박사,金昑柰,Kim Geum Nae
12903542,ok,최서형,남,1996,성균관대학교,,미취업,,,,,崔舒炯,
12904548,ok,지립군,남,1995,연세대학교,,재직,한국어교육학,한국어교육,연세대학교,석사,迟立群,CHI LIQUN
12904736,ok,양성희,여,1982,전북대학교,강사,재직,의미론(국어학),국어학,전북대학교,박사,,"Yang, Sunghee"
12904957,ok,SUN FENGWEI,여,1995,연세대학교,,미취업,국어교육,외국어로서의 한국어교육,연세대학교,석사,孫豐瑋,SUN FENGWEI
12904959,private,,,,,,,,,,,,
12907573,ok,안세진,남,1997,서울대학교,대학원생,미취업,현대소설(국문학),"현대소설, 문학비평",서울대학교,석사,安世鎭,Ahn Sejin
12907917,ok,전주연,여,1979,가톨릭대학교,,미취업,,,,,,
12908184,ok,김태권,남,1982,동국대학교,,재직,기타인문학,콘텐츠기획,동국대학교,석사,金泰權,Kim Tae Kwon
12910360,ok,남소현,여,1998,연세대학교,대학원생,미취업,응용국어학,한국어교육전공,연세대학교,석사,,Sohyun Nam
12912826,ok,명수현,남,1997,부산대학교,대학원생,미취업,국어교육,"국어교육학, 문학교육, 현대시, 지역문학",부산대학교,박사수료,明秀玹,"Myung, SuHyun"
12912877,ok,박여랑,여,1995,중앙대학교,대학원생,재직,영상매체/매체기술,영상예술,중앙대학교,박사수료,朴汝朗,"Bak, Yeorang"
12914294,ok,홍우진,남,*****,수성대학교,*****,*****,문학사,고전문학전공,국립경국대학교,석사,,*****
12914511,ok,김동준,남,*****,경북대학교,*****,*****,한문학,한문,경북대학교,박사수료,*****,*****
12915774,ok,이준혁,남,1993,경북대학교,대학원생,미취업,한시,한시비평,경북대학교,석사,李浚赫,"Lee, Jun Hyeok"
12915778,ok,최경민,남,1982,경남대학교,,재직,,,,,,
12915823,ok,한경란,여,1972,숙명여자대학교 한국어문화연구소,책임연구원,재직,고전시가,고전시가,숙명여자대학교,박사,韓京蘭,"kyung-ran, Han"
12918450,ok,전가람,남,1991,서울대학교,대학원생,미취업,사회사/역사사회학,도시공간사,서울대학교,석사,,Jeon Karam
12919030,ok,김재희,여,1999,연세대학교,대학원생,미취업,응용언어학,한국어교육,연세대학교,석사,金才熙,Kim Jae-Hee
12923236,ok,김연우,남,1985,한동대학교 휴먼서비스연구소,연구원,재직,전산언어학,전산언어학,고려대학교,박사,金延禹,Yeonwoo Kim
12924121,ok,이은경,여,1979,서울여자대학교,강사,재직,현대소설(국문학),현대소설,서울여자대학교,박사,李恩璟,Lee eunkyung
12924536,ok,이소연,여,1981,한양대학교(ERICA캠퍼스),겸임교수,재직,,,한양대학교,석사,李昭娟,LEE SO YEON
12924883,ok,이주연,여,1996,성균관대학교,대학원생,재직,한문산문,한문학,성균관대학교,박사수료,,Juyeon Lee
12926008,ok,조성해,여,1990,이화여자대학교,강사,재직,한국어교육학,담화 화용,이화여자대학교,박사,,"CHO, SungHai"
12928300,ok,이남정,여,1970,국립창원대학교,강사,재직,현대소설(국문학),현대소설,국립창원대학교,박사,李男貞,LEE NAM JUNG
12928909,ok,김현진,여,*****,서울여자대학교,*****,*****,한문소설,문학치료학,서울여자대학교,석사,*****,*****
12930497,ok,FEI LI,남,*****,숙명여자대학교,,*****,전산언어학,전산언어학,연세대학교,박사,,*****
12931989,ok,YUAN XIN,여,1989,한국학중앙연구원 어문생활사연구소,기타,미취업,국어사,국어사,한국학중앙연구원,박사,袁欣,YUAN XIN
12932908,ok,김충희,남,1958,경북대학교 퇴계연구소,전임연구원,재직,한문비평,한시,경북대학교,박사,,
12933398,ok,김서연,여,1996,고려대학교,강사,재직,한국어교육학,한국어발음교육,부산외국어대학교,박사수료,金恕姸,KIM Seoyeon
12935113,ok,방유미,여,1984,경희대학교(국제캠퍼스),,미취업,기타국문학,국제한국언어문화학과,경희대학교(국제캠퍼스),박사수료,,
12936381,ok,김승래,남,1993,연세대학교,대학원생,재직,사회언어학,사회언어학,연세대학교,석사,,Kim Seungrae
12941599,ok,박지현,여,1978,부산외국어대학교,,재직,대조언어,Aspect,국립부경대학교,박사,朴智顕,PARK JI HYUN
12941615,ok,장인하,여,1994,서울대학교,,미취업,,,,,張仁河,JANG INHA
12946866,ok,고파,여,1993,한양대학교 동아시아문화연구소,대학원생,미취업,기타문학,고전문학,한양대학교,석사,高波,GAO BO
12946888,ok,왕연,여,1981,,,미취업,,,,,王娟,WANGJUAN
12949348,ok,최인찬,남,1993,전북대학교,강사,재직,국어교육학,문학교육(고전소설교육),한양대학교,박사,崔寅粲,"Choi, In-chan"
12949440,ok,NI SEN,남,1998,서울대학교,,미취업,희곡,희곡,서울대학교,석사,尼森,NI SEN
12949946,ok,김지영,여,1996,서울대학교,대학원생,재직,언어습득,국어교육과 한국어교육 전공,서울대학교,박사수료,,Kim Jiyoung
12950220,ok,이지연,여,1990,국민대학교,강사,미취업,문학비평(국문학),현대비평,이화여자대학교,박사수료,,"Jiyeon, Lee"
12951358,ok,박경남,여,1985,덕성여자대학교(연계),조교수,재직,한국어교육학,한국어교육,이화여자대학교,박사,,Park Kyeongnam
12954237,ok,안윤주,여,1974,영남대학교,,미취업,국어교육학,국어교육학,영남대학교,박사,,An yoonju
12956444,ok,이현주,여,1984,한국방송통신대학교(대학별),조교수,재직,음운론(국어학),방언음운론,서울대학교,박사,,Lee Hyunjoo
12956533,ok,김지현,여,1992,경북대학교,,,국어교육학,현대소설교육,경북대학교,박사수료,,
12957797,ok,임미주,여,1983,서울대학교,,재직,비교문학(국문학),"현대소설, 텔레비전 드라마",서울대학교,석사,,
12959667,ok,신현미,여,1977,서울과학기술대학교,강사,재직,한국어와문학,외국어로서의 한국어교육,연세대학교,박사,申賢美,SHIN HYEONMI
12960704,ok,조신,여,1991,서강대학교,대우교수,재직,통역번역학,외국어로서의한국어번역,한국외국어대학교,박사,趙欣,ZHAO XIN
12961012,ok,김연희,여,1990,성균관대학교,강사,재직,한국어와문학,한국어학,경희대학교,박사,金燕嬉,KIM YEONHEE
12961720,ok,백이연,여,1973,평택대학교,기타,재직,일본어교육,"인지언어학, 한일대조",お茶の水女子大學,박사,白以然,baek yiyun
12963269,ok,조현석,남,1986,부산대학교,대학원생,미취업,한국경학,경학,경성대학교,석사,趙顯碩,Jo Hyeon seok
12964252,ok,민지원,여,1982,성균관대학교,연구원,재직,,,,,閔智苑,MIN JI WON
12965689,private,,,,,,,,,,,,
12967238,ok,홍석우,남,1996,서울대학교,대학원생,미취업,음운론(국어학),음운론 및 음성학,서울대학교,석사,洪錫佑,Seok Woo Hong
12967354,ok,김지윤,여,*****,성균관대학교,*****,*****,한국어교육학,한국어교육학,성균관대학교,박사,*****,*****
12967470,ok,김길재,남,1996,주식회사 문화소프트,,재직,,,,,,KIM GIL JAE
12967842,ok,한수현,여,1993,재단법인 경기도교육연구원,부연구위원,재직,교육과정,교육과정,경희대학교,박사,韓樹賢,"Han, Soohyeon"
12967966,ok,조현석,남,1997,고려대학교,대학원생,미취업,고전산문,고전 문학 고전 서사,고려대학교,석사,曺玹碩,HYEONSEOK JO
12968719,private,,,,,,,,,,,,
12968843,ok,장희동,남,1991,성균관대학교,,,,,,,,ZHANG XIDONG
12969311,ok,김정은,여,1980,강원대학교,대학원생,재직,한문학,한문학,고려대학교,석사,金政垠,kim jungeun
12969447,ok,김성현,남,1995,한양대학교,대학원생,미취업,한시,한국 한시,한양대학교,석사,,Kim Seong Hyun
12969718,ok,김영인,여,1997,고려대학교,,재직,,,,,,Youngin Kim
12969725,private,,,,,,,,,,,,
12969734,ok,강다형,여,1998,고려대학교 고려대학교 부설 한자한문연구소,,재직,,,,,姜多炯,KANG DA HYUNG
12970362,ok,권기연,여,2000,연세대학교,대학원생,재직,,,연세대학교,석사,,Kwon Giyeon
12970425,ok,박원호,남,1985,한남대학교,,재직,,,한남대학교,박사,,
12970722,ok,유석,여,1999,,,,,,,,劉碩,LIU SHUO
12971138,ok,마현민,남,1999,성균관대학교,대학원생,재직,한국경학,한문학(한국경학),성균관대학교,석사,,MA HYUNMIN
12972268,ok,고현주,여,1979,충북대학교,대학원생,미취업,,,,,,
12972615,ok,ZHANG FENGSHUO,여,1994,서울대학교,,미취업,,,,,張豐碩,ZHANG FENGSHUO
12972641,ok,이지훈,남,1996,서울대학교,대학원생,미취업,현대소설(국문학),한국현대소설전공,서울대학교,박사수료,,Lee Jihun
12973177,ok,함주희,여,1994,서울시립대학교,대학원생,미취업,고전산문,고전소설,서울시립대학교,박사수료,咸柱爔,HAM JUHEE
12973934,ok,최수현,여,1998,서울대학교,대학원생,미취업,문학교육,현대산문전공,서울대학교,박사수료,,CHOI SUHYEON
12974915,ok,여란결,여,1991,,연구원,미취업,,,,,吕兰洁,LYU LANJIE
12975777,ok,구범수,남,1995,연세대학교,대학원생,미취업,현대시(국문학),국어국문학과,연세대학교,석사,具範修,KU BOMSU
12977503,ok,송태규,남,1987,,,,,,고려대학교,석사,,
12977518,ok,이혜영,여,1997,경북대학교,대학원생,재직,,,,,李譿怜,leehyeyeong
12978957,ok,김양희,여,1974,가톨릭상지대학교(대학별),조교수,재직,,,경희대학교,박사,,KIM YANGHEE
12980815,ok,박종건,남,1997,고려대학교,대학원생,미취업,,,,,朴淙鍵,ParkJonggun
12983980,ok,권제은,여,1986,숙명여자대학교,대학원생,재직,한국어교육학,국제한국어교육전공,숙명여자대학교,박사수료,權諸垠,Kwonjeeun
12984736,ok,박순형,여,1981,한양대학교,기타,미취업,음성학(국어학),음성학,한양대학교,박사,,Park Soon Hyung
12989890,ok,이찬식,남,1966,대구가톨릭대학교,연구원,재직,국어사,국어사,대구가톨릭대학교,박사,李贊植,Lee Chan Sik
12994621,ok,오승환,남,1985,한국고전번역원,연구위원,재직,한문학,번역학 전공(문학박사),성균관대학교 동아시아학술원,박사,吳承奐,OH SEUNGHWAN
12996107,private,,,,,,,,,,,,
12997348,ok,최장락,남,1994,성균관대학교,대학원생,미취업,기타인문학,문화학,성균관대학교,석사,,CHOI JANGRAK
12997599,ok,정희경,여,*****,경희사이버대학교,*****,*****,,,경희사이버대학교,석사,,*****
12998065,ok,노희호,여,1996,한양대학교,강사,재직,현대소설(국문학),현대소설 전공,한양대학교,박사,,Heui ho Roh
12999025,ok,정순화,여,1979,경상국립대학교,강사,재직,한국어교육학,한국어교육학,경상국립대학교,박사수료,,jeong soonhwa
13000719,ok,김민경,여,1999,고려대학교,대학원생,미취업,고전산문,고전서사,고려대학교,석사,,Kim Minkyeoung
13006213,ok,전흥남,남,1962,국립순천대학교,강사,재직,현대소설(국문학),현대소설  및 인문학 기타 국문학,전북대학교,박사,田興男,Heung Nam Jeon
13006689,ok,최규리,여,1994,연세대학교,대학원생,재직,전산언어학,전산언어학,연세대학교,박사,,Gyuri Choi
13010067,ok,최정은,여,1979,전북대학교,대학원생,미취업,현대소설(국문학),현대소설,중앙대학교,석사,崔靜恩,Choi Jeongeun
13011779,ok,송혜림,여,1987,연세대학교,강사,재직,비교문학,비교문학,연세대학교,박사,,HYERIM SONG
13013468,ok,범금구,남,1993,부산외국어대학교,대학원생,미취업,,,부산외국어대학교,박사수료,范金甌,FAN JINOU
13016331,ok,장금동,여,,고려대학교,,*****,비교문학(국문학),고전문학,고려대학교,학사,,
13017253,private,,,,,,,,,,,,
13018072,ok,임건수,남,1984,경희대학교,대학원생,미취업,한국어교육학,한국어학,경희대학교,박사수료,林建秀,"Im, Geon-su"
13020126,ok,김나영,여,1983,한양여자대학교(연계),조교수,재직,현대시(국문학),"현대시, 문학비평, 현대문학",고려대학교,박사,,Kim Na Young
13020761,ok,방선미,여,1977,제주대학교,강사,미취업,현대소설(국문학),현대소설,제주대학교,박사수료,房善美,SEONMI PANG
13020779,ok,이영희,여,1982,부산외국어대학교,초빙교수,재직,언어교육,말하기교육론,부산외국어대학교,박사,,Lee yeong hui
13021030,ok,황윤아,여,1999,인하대학교,대학원생,재직,기타교육학,다문화교육,인하대학교,석사,,Hwang Yunah
13021048,ok,최현정,여,1974,인하대학교,대학원생,재직,기타사회과학일반,다문화교육학,인하대학교,박사,崔賢貞,CHOI HYUNJUNG
13022835,ok,나선혜,여,1984,국립순천대학교,강사,재직,한국어교육학,"문학교육, 문화교육",국립순천대학교,박사,羅善惠,NaSeonhye
13025583,ok,이현희,여,1975,부산대학교,기타,미취업,한국어교육학,발음교육,부산대학교,박사수료,李賢僖,LEE HYUNHEE
13025969,ok,이상우,남,1990,동국대학교,대학원생,재직,현대시(국문학),문예창작전공,동국대학교,박사수료,李相雨,SangWoo Lee
13026116,ok,허원진,여,1989,부산대학교,강사,재직,한국어교육학,한국어교육,한국외국어대학교,박사,,Wonjin Hur
13026768,private,,,,,,,,,,,,
13026777,ok,강은교,여,1993,이화여자대학교,대학원생,미취업,여성학이론,여성문화,이화여자대학교,석사,姜恩敎,Eunkyo Kang
13032984,ok,여하나,여,1986,한국연구재단,강사,미취업,한국,사회문화,한국외국어대학교,박사,,
13034989,ok,강다현,여,1998,경희대학교,대학원생,미취업,한국어교육학,한국어교육,경희대학교(국제캠퍼스),석사,,Kang Da-hyun
13042104,ok,이건희,여,1982,아주대학교,강의교수,재직,언어교육,한국어교육,경희대학교,박사,,
13042172,ok,JIN MEISHAN,여,1995,서울대학교,,미취업,,,,,金美善,김미선
13043318,ok,전영근,남,1971,廣東外語外務大學,교수,재직,한국어교육학,한국어교육,조선대학교,박사,全永根,Quanyonggen
13044043,ok,배진형,여,1977,건국대학교,기타,미취업,기타인문학,문학예술치료,건국대학교,박사수료,,Bae Jin Hyoung
13044352,ok,정혜선,여,1981,Chulalongkorn University,강사,재직,한국어교육학,한국어교육,이화여자대학교,박사,,JEONG HYE SEON
13044369,ok,사책,남,1995,北京第二外國語學院,강사,재직,국문학사,"문학사, 사상사, 문화 제도",고려대학교,박사,史策,SHI CE
13044821,ok,스가이 요시노리,남,1975,近畿大學,,재직,,,,,,Yoshinori Sugai
13045155,ok,WANG WENHUI,여,*****,서울대학교,,*****,,,,,,*****
13049979,ok,김윤정,여,1981,Emory Univ.,강의교수,재직,언어습득,제1언어습득,University of California at LA,박사,,Yun Jung Kim
13050042,ok,이유정,여,1985,조선대학교 인문학연구원,연구교수,재직,현대시(국문학),현대문학,숙명여자대학교,박사,,Lee Yujeong
13051382,ok,REN ZHIQIANG,남,*****,고려대학교,*****,*****,통사론(중국어학),현대중국어 통사론,고려대학교,박사수료,*****,*****
13052782,ok,김모란,여,*****,waseda university,*****,*****,비교문학,한일비교문학문화,筑波大学,박사,*****,*****
13052907,ok,백선율,여,1991,중앙대학교,강사,재직,현대시(국문학),한국 현대시,중앙대학교,박사,白善栗,Baek Seon-Yul
13052979,ok,박보름,여,1990,광운대학교,강사,재직,소설,"현대소설, 재일조선인문학(소설)",광운대학교,박사수료,朴보름,"Park, Bo-reum"
13052996,ok,임수진,여,1975,서울대학교 언어교육원,강사,재직,한국어교육학,한국어교육,서울대학교,석사,,"Lim, Sujin"
13053130,ok,강경민,여,1974,서강대학교,강사,재직,한국어교육학,"한국어의 형태, 통사, 어휘, 의미, 화용, 담화에 관한 교육",서울대학교,박사,姜炅玟,"Kang, Kyongmin"
13053768,ok,지창영,남,1965,동악어문학회,회원,미취업,운문,한국현대시,선문대학교,박사,池昌盈,
13054843,ok,윤선숙,여,1978,제주대학교,대학원생,미취업,국어교육학,한국어교육,제주대학교,석사,,yoonsunsook
13055504,ok,김현진,여,1989,서울대학교,,재직,현대시(국문학),현대문학,서울대학교,박사수료,,Kim Hyunjin
13057109,ok,육지현,여,1982,건국대학교,강사,미취업,희곡,연극론과 연기예술이론,건국대학교,박사수료,,YOOKJEEHYUN
13057204,ok,권현지,여,1990,동아대학교,기타,미취업,문학교육,독서학,동아대학교,박사수료,權賢知,HyunJi Kwon
13058421,ok,계은진,여,1997,경희대학교,연구원,재직,한국어교육학,"한국어교육, 제2언어습득",경희대학교(국제캠퍼스),석사,桂恩珍,Eunjin Gye
13058438,ok,김두열,남,1991,국립공주대학교,중학교 교사,재직,문학교육,문학교육,국립공주대학교,박사수료,金杜烈,DUYEOLKIM
13060357,private,,,,,,,,,,,,
13060421,ok,백무늬,여,1987,경희대학교,강사,재직,문학사,현대문학,경희대학교,박사수료,,
13060494,ok,김민선,여,1980,이화여자대학교,강사,재직,한국어교육학,한국어교육학,이화여자대학교,박사,金旻宣,Kim Min-Sun
13061411,ok,신윤희,여,*****,청주대학교(연계),*****,*****,문학교육,현대시 교육,고려대학교,박사,*****,*****
13061530,ok,한예림,여,1993,성균관대학교,,미취업,,,,,,Han Yeilim
13061541,ok,곽보미,여,1990,서울대학교,대학원생,미취업,고전산문,고전소설,서울대학교,박사수료,郭보미,KWAK BOMI
13061755,ok,진지에,여,1997,,,,,,,,金潔,
13061983,ok,허난희,여,1977,한국기술교육대학교,강사,재직,소설,현대소설,이화여자대학교,박사,,Heo Nanhee
13062843,ok,변하연,여,1999,서울대학교,대학원생,미취업,현대소설(국문학),한국현대소설,서울대학교,석사,,BYEON HAYEON
13062955,ok,강지훈,남,1994,동국대학교 만해연구소,연구원,재직,,,,,姜智勳,Kang Gi Hun
13062973,ok,김동아,여,1978,전남대학교,기타,퇴직,기타사회과학,한국어교육학,전남대학교,석사,,Dongah Kim
13063268,private,,,,,,,,,,,,
13065094,ok,김정순,여,1980,울산대학교,객원교수,재직,,,울산대학교,박사수료,,
13070882,ok,왕욱요,여,1996,연세대학교,대학원생,미취업,언어교육,한국어교육,연세대학교,석사,,WANG YUYAO
13071602,ok,이영현,여,1999,연세대학교,대학원생,재직,국문학사,국어학,연세대학교,석사,李英賢,Younghyun Lee
13071805,ok,최우정,여,*****,연세대학교,*****,*****,영상문학,영화이론,연세대학교,박사수료,*****,*****
13071949,ok,최승태,남,1988,고려대학교,대학원생,미취업,,,고려대학교,박사수료,,
13072715,ok,박고은,여,1996,서울대학교,대학원생,미취업,통사론(국어학),국어학,서울대학교,박사수료,朴고은,Park Goeun
13072953,private,,,,,,,,,,,,
13073977,ok,윤위,남,1987,강원대학교,대학원생,재직,,,,,,YINWEI
13076419,ok,송지나,여,1986,홍익대학교(연계),조교수,재직,심리언어학,심리언어학,University of Southern California,박사,,Jina Song
13076706,private,,,,,,,,,,,,
13078619,ok,문영하,여,1983,이화여자대학교,강사,재직,한국어교육학,한국어교육,이화여자대학교,박사,,MOON YOUNGHA
13080840,ok,판띠홍하,여,1974,Van Lang University,강사,재직,,,,,,
13081869,ok,오수진,여,1976,경희대학교(국제캠퍼스),대학원생,재직,,,,,,Oh sujin
13082048,ok,김정은,여,*****,서원대학교(연계),*****,*****,국어교육,문법교육,서울대학교,박사,*****,*****
13083056,ok,유가은,여,*****,중앙대학교,*****,*****,현대시(국문학),현대시,중앙대학교,석사,*****,*****
13083079,ok,이찬희,남,1993,숭실대학교,강사,재직,현대시(국문학),현대시,숭실대학교,박사수료,,Lee Chanhee
13085684,private,,,,,,,,,,,,
13085753,ok,김미정,여,1988,제주대학교,기타,재직,언어인식,한국학협동과정,제주대학교,박사,,Kim Mijung
13085806,ok,김용호,남,1956,경상국립대학교,대학원생,미취업,운문,현대시,경상국립대학교,석사,,Yong-ho Kim
13086028,ok,오해인,여,1990,이화여자대학교,대학원생,미취업,희곡,희곡,이화여자대학교,석사,吳海印,Oh Hae In
13087666,ok,차진화,여,1969,서울시립대학교,대학원생,미취업,작가론,현대시,한국방송통신대학교,석사,車珍和,CHA JIN HWA
13087819,ok,SWE SWE AUNG,여,1986,경희대학교,대학원생,미취업,언어교육,한국어학,경희대학교,박사수료,,SWE SWE AUNG
13087960,ok,고은새,여,1991,한양대학교,강사,재직,현대소설(국문학),현대소설 연구,한양대학교,박사,,KoEunSae
13088356,ok,전정화,여,1973,영남대학교,대학원생,미취업,현대시(국문학),현대시,영남대학교,석사,全貞和,Jeon Jeonghwa
13088430,ok,이지상,남,1996,한양대학교,대학원생,재직,현대소설(국문학),현대소설전공,한양대학교,박사수료,李知相,Lee Jisang
13090802,ok,신지원,여,1986,한국외국어대학교,,미취업,한국어와문학,외국어로서의 한국어 교육 전공,한국외국어대학교,박사수료,辛智瑗,Jiwon Shin
13091368,ok,김소영,여,1993,제주대학교,대학원생,미취업,소설,현대소설,제주대학교,석사,,Soyoung Kim
13092074,ok,박판식,남,1973,동국대학교 만해연구소,계약교수,재직,현대시(국문학),현대문학전공,동국대학교,박사,朴判植,Park Pan Sik
13092087,ok,백혜린,여,1996,부산대학교,강사,재직,문학이론,"현대시, 시 비평, 시론",부산대학교,박사수료,,"Beak, Hye-Rin"
13092121,ok,조수아,여,1996,고려대학교,대학원생,미취업,현대소설(국문학),현대문학,고려대학교,석사,曺秀娥,Cho Sua
13092125,ok,이현주,여,1992,한국외국어대학교,대학원생,미취업,한국어교육학,외국어로서의 한국어교육전공,한국외국어대학교,박사수료,李賢柱,LEE HYUNJOO
13092390,ok,최유정,여,1992,서울대학교,대학원생,미취업,,,,,崔裕婧,CUI YUJING
13093466,ok,강소희,여,1991,이화여자대학교,대학원생,재직,소설,현대소설,이화여자대학교,박사수료,,KANG SO HEE
13093815,ok,서은송,여,1998,한양대학교,대학원생,재직,현대시(국문학),현대시(국문학),한양대학교,박사수료,徐은송,SEO EUN SONG
13094180,ok,권희봉,남,1994,영남대학교,조교수,퇴직,한국어교육학,외국어로서의 한국어교육,영남대학교,박사,,QUAN XIFENG
13094550,private,,,,,,,,,,,,
13095042,ok,박미경,여,1968,충남대학교,강사,재직,영상문학,국어국문학,충남대학교,박사,,Mikyoung Park
13095071,ok,조민형,여,1997,이화여자대학교,대학원생,미취업,문학비평(국문학),현대 비평,이화여자대학교,석사,,
13095081,ok,안혜진,여,1996,한국외국어대학교,,,,,,,,
13095091,ok,임수영,여,1991,영남대학교,대학원생,미취업,형태론(국어학),형태론(국어학),영남대학교,석사,林秀英,Lim Soo yeong
13095101,ok,오명희,여,1975,제주대학교,강사,재직,한국어교육학,한국어교육,제주대학교,박사,吳明姬,Ohmyonghui
13095278,ok,김은혜,여,1986,이화여자대학교,대학원생,미취업,국어교육학,이해교육,이화여자대학교,석사,金恩惠,KIM EUN HYE
13095482,ok,이상재,남,1991,서울대학교,대학원생,미취업,국어교육학,국어교육전공,서울대학교,석사,李尙宰,RLEE SANGJAE
13095684,ok,정치균,남,1969,국립목포대학교,대학원생,미취업,고전산문,고전문학,국립목포대학교,박사수료,鄭治均,"Jung, chigyun"
13095696,ok,정재환,남,1995,부산대학교,대학원생,미취업,고전시가,고전시가전공,부산대학교,석사,,
13095789,ok,조송이,여,1993,동국대학교,POST-DOC,미취업,현대시(국문학),매체,동국대학교,박사,趙松怡,CHO SONG LEE
13097041,ok,진초 노부유키,남,1976,,기타,재직,,,,,神長伸幸,Nobuyuki Jincho
13097248,ok,YU GUIJIANG,남,1992,한양대학교,강사,재직,음성학(국어학),음성학,한양대학교,박사,喻贵江,YU GUIJIANG
13097255,ok,CAO YANG,여,1995,한양대학교,,미취업,음운론(국어학),국어음운론,한양대학교,박사수료,曹阳,CAO YANG
13098090,ok,CUI YONGLIN,남,1994,,,미취업,,,,,,
13099752,ok,이상숙,여,1982,충남대학교,,재직,고전시가,여성 가사,충남대학교,박사,,
13101002,ok,유세인,여,1997,경희대학교,대학원생,미취업,응용언어학,"통사론, 국어정보학",경희대학교,석사,兪世仁,YOO SEIN
13103211,ok,차진명,여,1995,충남대학교,강사,재직,현대시(국문학),현대시,충남대학교,박사,車眞明,"Cha,Jin-Myeong"
13108133,ok,장지현,여,1989,충남대학교,강사,재직,의미론(국어학),의미론,충남대학교,박사,,
13112982,ok,쉬진위엔,남,1996,중앙대학교,대학원생,미취업,한국어와문학,음운론,중앙대학교,석사,許晉源,xujinyuan
13114116,ok,zhao qinghua,여,1991,서울대학교,,미취업,한국어교육학,제2언어습득,경희대학교,석사,赵清花,ZHAO QINGHUA
13116984,ok,장지훈,남,1997,동국대학교,,미취업,,,,,,JANG JI HOON
13117794,private,,,,,,,,,,,,
13119568,ok,김연경,여,*****,University of Hawaii at Manoa,*****,*****,,,,,*****,*****
13123895,ok,오유리,여,1983,,고등학교 교사,재직,국어교육학,국어교육전공,고려대학교,박사,吳裕悧,OH YOU LEE
13124529,ok,batmagnai ulziijargal,여,1994,전주대학교,,,,,,,,Batmagnai Ulziijargal
13127086,ok,홍부일,남,1992,고려대학교,대학원생,미취업,현대소설(국문학),현대문학,고려대학교,석사,洪富日,HONG BUIL
13128533,ok,CHEN CHUNQI,여,1989,서울대학교,대학원생,미취업,한국어교육학,미시문법,서울대학교,박사수료,陳春起,CHEN CHUNQI
13128541,ok,YANGJILIU,여,*****,서울대학교 국어교육연구소,*****,*****,외국어교육학,한국어교육,서울대학교,박사,*****,*****
13128591,ok,김지혜,여,*****,United Arab Emirates University,*****,*****,통사론(국어학),외국어로서의한국어교육,한국외국어대학교,박사,*****,*****
13130380,ok,문은희,여,1971,호남대학교 인문사회과학연구소,전임연구원,재직,기타사회과학,사회복지학,원광대학교,박사,,MOON EUNHEE
13131761,ok,박경진,여,1997,서강대학교,대학원생,미취업,문학비평(국문학),"문학비평, 수사학",서강대학교,박사수료,朴鏡眞,Kyung-jin Park
13133504,ok,GUO CHANG,여,1994,,,미취업,,,,,,
13133566,ok,YEQIULI,여,1985,선문대학교,대학원생,미취업,,,,,叶秋丽,YEQIULI
13133988,ok,진솔,여,2000,경희대학교,,재직,,,,,,jin sol
13134719,ok,유소영,여,1981,고려대학교,강사,재직,동양철학일반,한국철학,Brown Univ.,박사,柳素英,Soyoung You
13137981,ok,유종현,남,1993,서울대학교,대학원생,재직,비교문학,비교문학,서울대학교,박사수료,,
13142353,ok,김효정,여,1995,이화여자대학교,,,,,이화여자대학교,박사,,
13143514,ok,유상미,여,1985,국립국어원,연구원,재직,,,,,柳相美,YU Sangmi
13143528,ok,WANGJING,여,1996,서울대학교,대학원생,미취업,국어교육,한국어교육,,,王晶,WANG JING
13143538,ok,서민정,여,*****,이화여자대학교,,*****,,,이화여자대학교,석사,,*****
13144652,ok,LUO LAN,여,1992,충북대학교,,미취업,,,,,羅蘭,LUOLAN
13145344,ok,박지희,여,1991,一橋大學,,미취업,,,,,,
13146255,ok,장윤혁,남,1996,동국대학교,대학원생,미취업,현대시(국문학),현대문학전공,동국대학교,석사,,Jang Yun Hyuk
13146867,ok,김근자,여,1969,부산대학교,연구원,재직,예술교육,예술문화와영상매체협동과정,부산교육대학교,석사,金根子,Kim Geun Ja
13148480,ok,조주연,여,*****,고려대학교,*****,*****,언어이론,"이론언어학(의미론, 인지언어학)",고려대학교,박사수료,*****,*****
13148844,ok,장성훈,남,1979,경북대학교,,,,,,,張盛勛,Jang Seong Hoon
13150624,ok,신엽,여,1998,한양대학교,,미취업,응용언어학,국어학,한양대학교,박사수료,,XIN YE
13150766,ok,이진수,남,1990,중앙대학교,대학원생,미취업,현대희곡(국문학),"연극학MA, 문예창작BA",중앙대학교,석사,李賑洙,Lee Jin Soo
13153098,ok,정병혜,여,1991,고려대학교,,미취업,,,,,정병혜,ZHENGBINGHUI
13153404,ok,민선혜,여,1996,,대학원생,재직,,,,,,
13154634,ok,장은정,여,1984,명지대학교,기타,미취업,문예창작,현대시,명지대학교,박사,,Jang eunjeong
13156137,ok,서유연,여,1980,영남대학교,강사,퇴직,한국어교육학,한국어교육,영남대학교,박사,徐有延,SUH YUYEON
13156209,ok,고경선,여,1985,건국대학교,대학원생,미취업,현대소설(국문학),현대소설,건국대학교,석사,,Ko Kyeong Seon
13156294,ok,정혜원,여,1999,이화여자대학교,,미취업,,,,,,JUNG HAE WON
13158118,ok,쉬야,여,1990,숙명여자대학교,대학원생,미취업,언어교육,국제한국어교육 전공,숙명여자대학교,석사,徐雅,XUYA
13158285,ok,XIA QIAN,여,1988,,,재직,,,,,夏倩,
13160449,ok,이예지,여,1996,경상국립대학교,강사,재직,구비문학,고전문학,경상국립대학교,석사,,LEE YEJI
13161211,ok,염수민,여,1988,건국대학교,초빙교수,재직,문학비평(국문학),현대문학,서강대학교,박사,,"Yeom, Sumin"
13161397,ok,왕서은,여,1985,한국학중앙연구원,대학원생,미취업,한국음악이론/분석,음악학,한국학중앙연구원,박사수료,王叙恩,Wang Seoeun
13164510,ok,정승곤,남,1979,서울대학교,강사,재직,,,,,,
13164514,ok,석경원,남,1989,경인교육대학교,대학원생,재직,한국어교육학,한국어교육,경인교육대학교,석사,昔敬源,SEOK Kyeong-Won
13164518,ok,윤두희,남,1998,중앙대학교,대학원생,재직,구비문학(국문학),구비서사,중앙대학교,석사,尹斗熙,Yoon DooHee
13165887,ok,주혜림,여,1988,연세대학교,대학원생,미취업,한국,현대한국사회와 문화,연세대학교,박사수료,朱혜림,Hyerim Ju
13166770,ok,장보미,여,*****,고려대학교,*****,*****,현대시(국문학),현대문학,고려대학교,박사,,*****
13166843,ok,유영훈,남,1969,,,,평생교육,평생교육,동방문화대학원대학교,박사,劉永勳,Yong Hun Yu
13170759,ok,서현원,여,1986,경인교육대학교,강사,재직,국어교육학,국어교육학,경인교육대학교,박사,徐賢源,Seo Hyeonweon
13171292,ok,구서경,여,1996,서울시립대학교,대학원생,미취업,고전산문,고전소설,서울시립대학교,박사수료,邱瑞卿,QIU RUIQING
13172393,ok,김정현,여,1980,인천대학교,초빙교수,재직,국어교육학,한국어교육,국립공주대학교,박사,金廷炫,KIM JUNG HYUN
13172535,ok,남성현,남,1985,한국고전번역원,선임연구원,재직,한국경학,조선 경학 및 유교윤리학,성균관대학교,박사,南成鉉,"Nam, Seonghyeon"
13172987,ok,김소희,여,*****,상명대학교,,*****,한국어교육학,한국언어문화,상명대학교,박사,,*****
13173519,ok,송용창,남,1993,서울교육대학교,연구원,미취업,국어교육학,작문 교육,서울교육대학교,석사,宋容昌,SongYongChang
13174028,ok,김서영,여,1982,제주대학교,강사,재직,음운론(언어학),음운학,제주대학교,박사,金抒映,KIM SEO YEONG
13176066,ok,최세훈,남,1979,私立中國文化大學,조교수,재직,한국어교육학,한국문화교육,연세대학교 국학연구원,박사,崔世勳,CHOI SE HOON
13178508,ok,정가은,여,1997,동아대학교,강사,재직,영상문학,영화비평,,,,Chung Gaeun
13182750,ok,최다의,여,1992,제주대학교 인문과학연구소,연구교수,재직,현대소설(국문학),현대소설,제주대학교,박사,崔다의,Choi Daui
13183005,ok,허영수,여,1974,연세대학교 언어정보연구원,기타,재직,한국어교육학,한국어교육정보학,연세대학교,박사,,Heo Youngsoo
13185795,ok,심현보,남,1984,경희대학교,대학원생,재직,한국어교육학,외국어로서의 한국어 교육,경희대학교,박사수료,沈炫普,Sim Hyun Bo
13186071,ok,성수정,여,1973,상명대학교,연구원,재직,복합학,한국언어문화,상명대학교,박사,成秀晶,SOO JUNG SUNG
13186818,ok,신현웅,남,1980,한국기술교육대학교,조교수,재직,고전시가,고전시가,서울대학교,박사,申鉉雄,"SHIN, HYUN WOONG"
13186824,ok,복경연,여,2001,부산대학교,대학원생,미취업,소설,현대문학전공,부산대학교,석사,卜敬淵,Bok Gyung Yeon
13186838,ok,한상우,남,1994,중앙대학교,대학원생,미취업,현대시(국문학),현대시,중앙대학교,박사수료,,"Han, SangWoo"
13188675,private,,,,,,,,,,,,
13190040,ok,박윤신,여,1976,건국대학교,강사,재직,,,,,,"Park, Younshin"
13190074,ok,이원구,여,1972,건국대학교,강사,재직,,,,,,"Lee, Wongoo"
13190098,ok,최재찬,여,1982,건국대학교,,재직,,,,,崔載贊,"Choi, Jaechan"
13190458,ok,박미라,여,1984,부산대학교,대학원생,미취업,현대소설(국문학),현대소설,부산대학교,박사수료,朴美摞,Mira Park
13190912,ok,이수미,여,1973,성균관대학교,대우교수,재직,한국어교육학,한국어교육,서울대학교,박사,李秀美,Sumi Lee
13191791,ok,임현아,여,1975,서울시립대학교,강사,재직,고전산문,고전소설,한국학중앙연구원,박사,,LIM HYUN A
13192352,ok,강아라미,여,1996,고려대학교,대학원생,미취업,한국어교육학,한국어문화교육학,고려대학교,석사,姜아라미,Arami Kang
13192595,ok,박부전,여,1961,인하대학교,강사,재직,국어교육,외국어로서의 한국어 교육,인하대학교 한국학연구소,박사,朴富田,"park, bujeon"
13192777,ok,모지현,여,2000,부산대학교,대학원생,미취업,현대소설(국문학),현대문학,부산대학교,석사,,MoJihyeon
13193007,ok,홍태경,남,1997,서울대학교,,,,,,,,
13193153,ok,허도경,여,1991,서강대학교,연구원,재직,,,,,,Heo Dokyung
13199304,private,,,,,,,,,,,,
13199660,ok,김세연,여,1978,순천향대학교,강사,재직,국어교육학,표현이해,고려대학교,박사,,Kim seyeon
13199666,ok,홍경화,여,1985,한국교원대학교,강사,재직,국어교육학,국어교육,한국교원대학교,박사,,Hong Kyunghwa
13200295,ok,강현진,여,1981,고려대학교,강사,재직,한국어와문학,한국어교육,서울대학교,박사,姜賢眞,"Kang, Hyunjin"
13200368,ok,이은란,여,1991,광운대학교,대학원생,미취업,현대시(국문학),현대시,광운대학교,박사수료,,LEE EUNRAN
13200452,ok,김승연,여,1963,제주대학교,대학원생,미취업,구비문학,제주도 서사무가,제주대학교,박사수료,,SEUNG YUN KIM
13201652,ok,황수임,여,1968,부산대학교,강사,재직,음악사회학,"음악정치학,  음악과 사회운동, 문화산업 정책, 음악 소비 문화론",부산대학교,박사,黃守任,Hwang Soo Im
13202129,ok,이혜경,여,1980,경희대학교,기타,미취업,현대소설(국문학),현대문학,경희대학교,박사,,Lee Hye Kyung
13203025,private,,,,,,,,,,,,
13203207,ok,임희선,여,1974,고려대학교,대학원생,재직,문예창작,시 창작,고려대학교,박사수료,林喜善,LIMHEESUN
13204464,ok,박지은,여,1993,전북대학교,강사,재직,방언학(국어학),국어학,전북대학교,박사수료,,
13205114,ok,오윤경,여,1987,수원대학교,객원교수,재직,통사론(국어학),통사론,이화여자대학교,박사,吳允景,"O, Yune-kyung"
13205627,ok,임유나,여,1982,조선대학교,,미취업,,,조선대학교,박사수료,,
13207400,ok,장린,여,1997,서울대학교,,미취업,국어사,문법사,서울대학교,박사수료,張琳,ZHANG LIN
13207549,ok,권혜진,여,1980,이화여자대학교,대학원생,미취업,사회과학교육,한국어교육,이화여자대학교,박사수료,,KWON HYE JIN
13207685,ok,김장근,남,*****,중앙대학교(연계),*****,*****,문예창작,시창작,중앙대학교,박사,*****,*****
13209765,ok,문려화,여,1974,,,재직,,,,,文丽华,WENLIHUA
13210657,ok,Tran Van Tu,남,1992,소속없음,,미취업,대조언어,국어학,전북대학교,석사,,Tran Van Tu(쩐반뜨)
13211574,ok,진윤주,여,1983,,연구원,미취업,,,,,,
13212940,ok,이현주,여,1981,부산대학교,강사,재직,한국어교육학,외국어로서의한국어교육,부산대학교,박사,李賢周,LEEHYUNJU
13212980,ok,이재웅,남,1999,경상국립대학교,대학원생,미취업,문학비평(국문학),현대문학,경상국립대학교,석사,,LEE JAE UNG
13213529,ok,김형성,남,1987,,,재직,,,,,,
13216139,ok,구호정,여,1998,서강대학교,대학원생,미취업,통사론(국어학),통사론,서강대학교,박사수료,具湖定,Hojeong Koo
13220179,ok,최효성,남,1984,,초등학교 교사,재직,,,,,,
13222252,ok,박동일,남,1983,한국국학진흥원,,퇴직,,,,,,
13229030,ok,이혜민,남,*****,경희대학교,*****,*****,한국어교육학,한국어교육전공,경희대학교,석사,*****,*****
13229496,ok,YANG HAOXUE,여,1996,,대학원생,미취업,어휘론(국어학),국어사,,,楊皓雪,양호설
13232657,ok,이하진,여,1983,서울대학교,,재직,국어교육학,현대시교육,서울대학교,석사,,Yi Hajin
13232966,ok,마설형,여,1996,大連外國語大學,,미취업,,,,,马雪蘅,maxueheng
13234419,ok,CROSBY DREW MICHAEL,남,1989,고려대학교,강사,재직,음성학(언어학),사회음성학,University of South Carolina,박사,,Drew Michael Crosby
13236477,ok,최규희,여,2000,이화여자대학교,대학원생,미취업,,,,,崔圭𤋮,Choi kyuhee
13237040,ok,추정휘,여,1999,고려대학교,대학원생,미취업,구비문학(국문학),구비문학,고려대학교,석사,秋禎輝,Choo Jung Hwi
13237070,ok,김기호,남,1998,고려대학교,대학원생,재직,,,,,金基淏,gihokim
13237077,ok,김린,남,1999,고려대학교,,재직,,,,,金麟,Kim Lin
13237133,ok,노병유,남,1985,고려대학교,대학원생,재직,구비문학(국문학),가면극,고려대학교,박사수료,,No Byeong yu
13237153,private,,,,,,,,,,,,
13237209,ok,홍혜인,여,1997,고려대학교,,미취업,,,,,,Hong Hye In
13237396,ok,안미홍,여,1977,고려대학교,대학원생,재직,한국어교육학,한국어문화교육학,고려대학교,석사,安美紅,AHN MIHONG
13237405,ok,김현수,남,1998,고려대학교,,,,,,,金賢秀,Hyeonsu Kim
13237689,ok,지승연,여,2001,고려대학교,대학원생,재직,,,,,,JEE Seung Yeon
13237824,ok,신혜선,여,2000,고려대학교,대학원생,미취업,한문학,한문학,고려대학교,학사,신혜선,Shin Hye-Seon
13237896,ok,라은주,여,1996,고려대학교,,미취업,,,,,,LA EUNJU
13239430,ok,김윤환,남,1970,한국외국어대학교,,미취업,,,,,金允喚,"Kim, Yoonhwan"
13242901,ok,김민령,여,1982,광주여자대학교(대학별),조교수,재직,한국어교육학,한국어교육학,중앙대학교,박사,,"Kim, Min-Young"
13245759,ok,wangjiajin,남,1993,서울대학교,대학원생,미취업,,,,,王嘉錦,WANGJIAJIN
13254841,ok,고희정,여,1971,가톨릭대학교,,,,,,,高喜貞,Ko Hee Jeong
13254924,ok,이연희,여,1983,인천대학교,대학원생,미취업,한국어교육학,한국어교육학과,인천대학교,박사수료,李淵姬,LEE YOUNHEE
13256637,ok,변영민,남,1983,기타기관,고등학교 교사,재직,,,한국교원대학교,석사,,Byeon Yeong-min
13257594,ok,이경숙,여,1982,고려대학교,겸임교수,재직,국어교육학,문법교육,고려대학교,박사,李慶淑,Lee Gyeongsuk
13262971,ok,김은태,남,1994,,,,국어교육학,"국어교육, 문학교육",,,,
13265885,ok,황지영,여,*****,경희대학교,*****,*****,한국어교육학,한국어교육,,,,*****
13269071,ok,이흠,여,*****,이화여자대학교,*****,*****,국어교육,"한국어교육, 이해교육",,,*****,*****
13273578,ok,박주성,남,1996,서울대학교,대학원생,미취업,음운론(국어학),방언음운론,서울대학교,석사,,Park Joosung
13273738,ok,강다연,여,1998,부산대학교,대학원생,미취업,현대소설(국문학),"문화연구, 문화사, 지역문화론",부산대학교,석사,姜茶淵,"Kang,Dayeon"
13275497,ok,하근희,여,1982,대구교육대학교(연계),조교수,재직,국어교육학,초등국어교육,한국교원대학교,박사,,"Ha, Geunhee"
13275812,ok,송지혜,여,1992,한국교원대학교,대학원생,미취업,,,,,宋智惠,JIHYE SONG
13278233,ok,유현승,남,1964,충남대학교,강사,재직,운문,국어국문학 (현대문학),충남대학교,박사,柳顯承,YOO hyunseungse
13278897,ok,김주향,여,1982,,,재직,,,,,,
13279607,ok,이나경,여,1996,서울대학교,대학원생,재직,음운론(언어학),음운론,가천대학교,학사,,
13281810,ok,김세화,여,1979,경희대학교,,퇴직,,,경희대학교,박사,,"Kim, Se Hwa"
13281961,ok,이시원,여,1986,동국대학교 이주다문화통합연구소,연구교수,재직,언어교육,Educational Linguistics,Univ. of Pennsylvania,박사,,Siwon Lee
13283024,ok,이선미,여,1983,고려대학교,대학원생,미취업,,,,,李善美,SUNMI LEE
13284825,private,,,,,,,,,,,,
13285700,ok,황소령,여,1986,四川外國語大學,강사,재직,,,,,,HUANG XIAOLING
13289588,ok,강남규,남,1993,성균관대학교,,미취업,,,,,,
13291234,ok,정민진,여,1998,한양대학교,,재직,,,,,鄭敏珍,Jung Minjin
13296466,ok,AI XIAOLI,여,1994,경희대학교,,미취업,,,,,艾小力,AI XIAOLI
13308727,ok,최병근,남,1996,국립경국대학교,대학원생,재직,고전산문,국어국문학과,국립경국대학교,석사,崔丙根,Choi Byeonggeun
13308845,ok,이승민,여,1971,건국대학교 서사와문학치료연구소,연구원,재직,구비문학,설화,건국대학교,박사,,Lee seungmin
13314355,ok,첸페이전,여,1980,國立政治大學,부교수,재직,비교문학,"젠더, 섹슈얼리티, 정동, 냉전",Cornell University,박사,,CHEN PEI JEAN
13318249,ok,하라유스케,남,1980,金沢大學,부교수,재직,비교문학(일본문학),식민주의,立命館大學,박사,,Hara Yuske
13323426,ok,지혜영,여,1987,경희대학교,대학원생,미취업,응용국어학,외국어로서의 한국어학,경희대학교(국제캠퍼스),석사,池惠榮,JEEHYEYOUNG
13327887,ok,노연서,여,1984,숙명여자대학교,강사,재직,산문,고전문학,숙명여자대학교,박사,,RO YEON SEO
13333568,ok,이은영,여,1988,부산대학교,대학원생,재직,국어교육학,언어사용영역(화법론),부산대학교,석사,李恩英,Lee Eun yeong
13334095,private,,,,,,,,,,,,
13336381,ok,김형태,남,1978,한국교원대학교,강사,재직,국어교육,현대시,한국교원대학교,박사,,KIM HYUNGTAE
13336791,private,,,,,,,,,,,,
13336977,ok,안유리,여,1987,제주대학교,대학원생,미취업,음성학(국어학),한국어교육,제주대학교,석사,,"AHN, YURI"
13337047,ok,조문형,여,1983,경상국립대학교,강사,미취업,현대소설(국문학),국어국문학 현대소설,서강대학교,박사,趙文衡,Cho Moonhyung
13340176,ok,백인영,여,1993,충북대학교 인문학연구소,전임연구원,미취업,의미론(국어학),의미론,서울대학교,박사,,Paik Innyoung
13342183,ok,류영석,남,1967,기타기관,계약교수,재직,한국어교육학,한국어교육,선문대학교,박사,,Ryu Yeongseok
13342445,ok,지민재,여,1986,충남대학교,강사,재직,산문,고전소설,충남대학교,박사,池旼齋,JEE MIN-JAE
13344618,ok,김효현,여,1965,한국연구재단,회원,미취업,상담심리/심리치료,문학치료,건국대학교,박사,김 효 현,kim hyo hyeon
13345654,ok,김미연,여,1973,대구한의대학교,초빙교수,재직,국어교육,국어교육학,영남대학교,박사,金美燕,Kim Miyuen
13346315,private,,,,,,,,,,,,
13346753,private,,,,,,,,,,,,
13349807,ok,박미경,여,1966,국립경국대학교,대학원생,미취업,현대시(국문학),현대시,경희사이버대학교,석사,朴美京,PARK MI-GYUNG
13351404,ok,박소연,여,1988,한양대학교,대학원생,미취업,현대소설(국문학),현대소설,한양대학교,석사,,park so yeon
13364134,ok,임지선,여,1973,한남대학교,,재직,,,,,,"Lim, Jiseon"
13375311,ok,이지은,여,1996,한양대학교,강사,미취업,현대소설(국문학),현대소설비평,한양대학교,박사,李志恩,LEE JIEUN
13390007,ok,송석환,남,1980,성균관대학교 대동문화연구원,선임연구원,재직,한국경학,한국경학,성균관대학교,박사,,Song Seok hwan
13396235,ok,허선아,여,1992,,,재직,,,,,,
13400391,ok,WU SI,남,1982,동국대학교,,미취업,한국어교육학,한국어교육,,,巫嗣,
13402408,ok,LU WEI,남,1983,서울대학교,,재직,형태론(국어학),"한자어 형태론, 차용론",서울대학교,박사,,LU WEI
13407228,ok,이호섭,남,1959,한국가창학회,,재직,고전시가,고전시가,서강대학교,박사,李虎燮,LEEHOSEOB
13426349,private,,,,,,,,,,,,
13453927,ok,김한성,남,*****,숙명여자대학교,*****,*****,현대시(국문학),현대문학,서울대학교,박사,,*****
13454423,ok,김은정,여,1969,한국외국어대학교,교수,재직,현대소설(국문학),북한소설,한국외국어대학교,박사,金銀貞,"Kim, Eun-Jeong"
13455622,ok,박선영,여,2001,한국학중앙연구원,대학원생,재직,문학비평(국문학),인문정보학,성균관대학교,학사,,PARK SEON YEONG
13464373,ok,천효정,여,1982,신도초등학교,,재직,아동문학,초등국어교육,한국교원대학교,박사,,Cheon hyojeong
13465659,ok,염나리,여,1986,부산대학교,초등학교 교사,미취업,국어교육학,화법,부산대학교,박사,廉梛梨,Yeom Nari
13490259,ok,김연지,여,*****,이화여자대학교,*****,*****,국어교육학,읽기 교육,이화여자대학교,박사수료,,*****
13493063,ok,여태동,남,1967,동방문화대학원대학교 불교문예연구소,연구위원,미취업,작가론,법정스님의 사회민주화 운동 연구,동방문화대학원대학교 불교문예연구소,박사,余泰東,Yeo Tae Dong
13493820,ok,리문철,남,1970,延邊大學,부교수,재직,외교/안보/통일,국제정치,충남대학교 사회과학연구소,박사,李文哲,LIWENZHE
13496466,ok,서원득,남,1993,한국연구재단,기타,미취업,현대소설(국문학),무협 장르 연구,연세대학교,석사,,Won-deuk Seo
13500470,ok,류관표,남,1991,고려대학교,대학원생,미취업,한국어교육학,한국어문화교육학,건국대학교 GLOCAL(글로컬)캠퍼스,석사,,RYU GWANPYO
13563981,ok,박현선,여,1971,George Mason Univ.,조교수,재직,영상문학,동아시아 영화/한국영화/냉전문화,"University of California, Irvine",박사,,Hyun Seon Park
13593795,ok,박영민,남,*****,동양대학교,*****,*****,국어교육,"고전교육, 인성교육, 비교문학",동국대학교,박사,*****,*****
13593841,ok,조해옥,여,1964,한남대학교,연구교수,재직,현대시(국문학),현대시,고려대학교,박사,趙海玉,Cho Hae-Ok
13593848,ok,정연숙,여,*****,신라대학교,*****,*****,교육과정,"한국어교육과정, 한국어교원",부산대학교,박사,*****,*****
13593882,ok,염원희,여,1977,경희대학교,부교수,재직,구비문학,서사무가,경희대학교,박사,,Youm Won Hee
13593897,ok,사은숙,여,1967,목원대학교,강사,재직,언론·정보,"저널리즘/ 온라인 저널리즘, 미디어 교육",The University of Sydney,박사,史銀淑,EUN SUK SA
13593948,private,,,,,,,,,,,,
13594031,ok,권도영,여,1970,강원대학교,연구교수,재직,구비문학(국문학),문학치료학,건국대학교,박사,權道映,"Kwon, Do-Young"
13594130,ok,김은일,여,*****,충북대학교,*****,*****,고전산문,고전소설,충북대학교,박사,*****,*****
13594161,ok,권은영,여,1975,전북대학교 전라문화연구소,전임연구원,재직,기타국문학,민속공연,전북대학교,박사,權恩暎,Kwon Eun Young
13594237,ok,정현선,여,*****,경인교육대학교(연계),*****,*****,기타교육학,미디어 교육,Univ. of London Institute of Education,박사,*****,*****
13594292,ok,박양하,여,*****,경제.인문사회연구회,*****,*****,정보공학,정보시스템,연세대학교,박사,*****,*****
13594299,ok,전계영,남,1971,충북대학교,강사,재직,고전시가,고전시가,충북대학교,박사,全桂榮,"Jeon, Gye-Yeong"
13594546,ok,조용림,남,1974,목원대학교,부교수,재직,국어학,국어사,국립공주대학교,박사,,Joe Yong Lim
13594581,private,,,,,,,,,,,,
13594651,ok,박승희,남,1966,영남대학교,교수,재직,현대시(국문학),한국근현대시,영남대학교,박사,朴勝熙,"Park, Seung Hee"
13594888,ok,김선희,여,*****,이화여자대학교(연계),*****,*****,동서비교철학,서학에 대한 근대동아시아철학의 이해와 변용,이화여자대학교,박사,*****,*****
13595075,private,,,,,,,,,,,,
13595117,ok,김옥영,여,*****,강원대학교,*****,*****,음운론(언어학),방언 음운론,서강대학교,박사,*****,*****
13595158,ok,서원익,남,*****,國立成功大學,*****,*****,중국근세사(명청),해양사,國立成功大學,박사수료,*****,*****
13595245,private,,,,,,,,,,,,
13595247,ok,시지은,여,1969,한국예술종합학교,강사,재직,예술인류학및민속예능,"농악, 연희",경기대학교,박사,施知恩,Si Jieun
13595253,ok,심정명,여,*****,조선대학교,*****,*****,일본근현대문학,한일비교문학,大阪大學,박사,*****,*****
13595295,ok,이동현,남,1967,국립공주대학교,대학원생,미취업,현대시(국문학),현대시,국립공주대학교,석사,李東炫,I Donghyeon
13595314,ok,김미배,여,*****,부산가톨릭대학교,*****,*****,언어치료교육,,한림대학교,박사,,*****
13595470,ok,정성헌,남,1980,호서대학교,조교수,재직,한국어교육학,외국어로서의 한국어교육학,영남대학교,박사,鄭聖憲,Jeong Seong Heon
13596042,ok,권도경,여,1983,부산대학교,부교수,재직,중국문화학,"중국현당대문화,문학",北京大學,박사,權度暻,"Kwon, Dokyung"
13596290,ok,이수현,여,*****,동아방송예술대학교,*****,*****,현대소설(국문학),"문화콘텐츠, 국어국문학, 스토리텔링",고려대학교,박사,*****,*****
13596306,ok,양명희,여,1966,중앙대학교(연계),교수,재직,통사론(국어학),통사의미론,서울대학교,박사,梁明姬,"Yang, Myunghee"
13596491,ok,정동준,남,1973,국민대학교(연계),조교수,재직,한국고대사,"대외관계사, 정치제도사",早稻田大學,박사,鄭東俊,"JEONG, Dongjun"
13597653,ok,조영미,여,1974,문화와 예술 다다,강사,재직,예술교육,"무용교육, 문화예술교육, 문화예술경영",부산대학교,박사,曺 英 美,Cho Young Mi
13601557,ok,민경주,남,1974,충남대학교,강사,재직,한문학,디지털인문학,충남대학교,박사,閔庚柱,Min Kyoung Ju
13602897,ok,정회란,여,*****,한국외국어대학교 외국어교육연구소,*****,*****,한국어교육학,외국어로서의 한국어 교육,한국외국어대학교,박사수료,*****,*****
19921029,ok,김란,여,1992,연세대학교,대학원생,미취업,국어교육,한국학협동과정_한국어 교육,연세대학교,석사,,Dinh Thi Kim Lan
